"sku","name","rial","toman","stock","status"
"sku","name","rial","toman","stock","status"
"90601257","آباژور دیمر دار ایکیا HALGATT رنگ بژ قهوه‌ای",180,270000000,25,"success"
"60611366","نظم دهنده کفش ایکیا MURVEL سایز 27x14x25 سانتی متر",10,15000000,0,"success"
"60604714","جا بطری ایکیا VARIERA",10,15000000,39,"success"
"00618573","ارگانایزر و نظم‌دهنده روی کابینت آشپزخانه ایکیا مدل NÅLBLECKA فلزی و بامبو",20,30000000,0,"success"
"50618575","جا قاشقی و استند لوازم آشپزخانه ایکیا مدل NÅLBLECKA فلزی و بامبو",40,60000000,40,"success"
"40618571","شلف کنج آشپزخانه ایکیا مدل NÅLBLECKA فلزی و بامبو",60,90000000,0,"success"
"10601303","چراغ رومیزی ایکیا مدل VINDKRAFT رنگ سفید کاغذی",120,192000000,22,"success"
"00602039","چراغ دکوری زمینی ایکیا مدل GREJSIMOJS طرح زرافه رنگ زرد",150,240000000,14,"success"
"60597780","چراغ قابل حمل ایکیا مدل TVAMASTAD رنگ برنجی با شیشه اوپال سفید",120,180000000,0,"success"
"40608548","چراغ قابل حمل ایکیا مدل IKEA PS 2026 رنگ قرمز و آبی روشن",150,225000000,0,"success"
"50608557","چراغ قابل حمل ایکیا مدل IKEA PS 2026 رنگ سبز و صورتی روشن",150,225000000,0,"success"
"30613569","چراغ قابل حمل ایکیا مدل IKEA PS 2026 رنگ آبی",150,225000000,0,"success"
"10583851","چراغ رومیزی با قابلیت تنظیم نور ایکیا مدل SPETSBOJ رنگ زرد",40,60000000,0,"success"
"80589114","چراغ رومیزی ایکیا مدل SPETSBOJ رنگ سفید با قابلیت تنظیم نور",50,75000000,0,"success"
"80601248","چراغ ایستاده و مطالعه ایکیا مدل MOSSPLYM",490,808500000,11,"success"
"20581903","پادری حمام ایکیا مدل FINTSEN رنگ بژ",10,16000000,0,"success"
"60591617","آباژور ایکیا مدل SPETSBOJ رنگ سبز با قابلیت تنظیم نور",40,60000000,0,"success"
"80622788","ساعت رومیزی ایکیا مدل IKEA PS 2026 رنگ قرمز",200,300000000,20,"success"
"30605324","سینی آبچکان ظرف ایکیا مدل VALVARDAD، سفید/گالوانیزه، ابعاد ۵۲×۳۵ سانتی‌متر",30,45000000,100,"success"
"50604682","پتو/ شال مبل ایکیا مدل HOLMVI، بژ-زرد/ ابعاد ۱۲۰×۱۶۰ سانتی‌متر",40,60000000,0,"success"
"40569943","سبد نگهداری ایکیا مدل SKADIS، مجموعه ۳ عددی/ مشکی",40,60000000,0,"success"
"10608856","جا شمعی ایکیا مدل BORRBY  فانوس مخصوص شمع وارمر، سفید/ ارتفاع ۲۰ سانتی‌متر",20,30000000,422,"success"
"60608854","جا شمعی ایکیا مدل BORRBY  فانوس مخصوص شمع وارمر، مشکی/ ارتفاع ۲۰ سانتی‌متر",20,30000000,152,"success"
"80605982","گل مصنوعی ایکیا مدل SMYCKA، مدل پاپی / آبی/ ارتفاع ۵۷ سانتی‌متر",10,15000000,0,"success"
"50606054","گل مصنوعی ایکیا مدل SMYCKA، مدل رانانکولوس / زرد/ ارتفاع ۶۳ سانتی‌متر",10,15000000,276,"success"
"20607413","بشقاب گود ایکیا مدل HAVSGADDA  راه‌راه/ خاکستری قطر ۱۹ سانتی‌متر",10,15000000,60,"success"
"80607410","بشقاب گود ایکیا مدل HAVSGADDA  راه‌راه/ صورتی، قطر ۱۹ سانتی‌متر",10,15000000,12,"success"
"00607409","بشقاب ایکیا مدل HAVSGADDA راه‌راه خاکستری/ قطر ۲۱ سانتی‌متر",10,15000000,52,"success"
"70607401","بشقاب ایکیا مدل HAVSGADDA راه‌راه صورتی/ قطر ۲۱ سانتی‌متر",10,15000000,9,"success"
"70610540","گلدان شیشه‌ای ایکیا مدل PASKOTRAD، قهوه‌ای روشن، ارتفاع ۱۳.۵ سانتی‌متر",10,15000000,0,"success"
"10610538","گلدان شیشه‌ای ایکیا مدل PASKOTRAD، قهوه‌ای روشن، ارتفاع ۲۰ سانتی‌متر",20,30000000,0,"success"
"30606069","گل مصنوعی ایکیا مدل SMYCKA مدل (Queen Ann) یاسی، ارتفاع ۶۵ سانتی‌متر",10,15000000,52,"success"
"60606058","گل مصنوعی ایکیا مدل SMYCKA، مدل دالیا نارنجی، ارتفاع ۶۶ سانتی‌متر",10,15000000,1,"success"
"50607020","سینی شمع ایکیا مدل PRAKTAND استیل ضدزنگ، اندازه ۳۵×۲۶ سانتی‌متر",30,45000000,0,"success"
"90608065","گل مصنوعی ایکیا مدل SMYCKA، نوع Chrysanthemums، یاسی، ارتفاع ۷۱ سانتی‌متر",10,15000000,0,"success"
"20605980","گل مصنوعی ایکیا مدل SMYCKA، نوع Clematis، آبی، ارتفاع ۹۷ سانتی‌متر",10,15000000,22,"success"
"20607408","کاسه شیشه‌ای ایکیا مدل HAVSGADDA راه‌راه صورتی قطر ۱۲ سانتی‌متر",10,15000000,86,"success"
"40607407","کاسه شیشه‌ای ایکیا مدل HAVSGADDA، راه‌راه، خاکستری، قطر ۱۲ سانتی‌متر",10,15000000,156,"success"
"10605320","جا قاشقی ایکیا مدل VALVARDAD، خاکستری تیره - آبی و گالوانیزه، ارتفاع ۱۳ سانتی‌متر",20,30000000,0,"success"
"70605322","جا قاشقی ایکیا مدل VALVARDAD، سفید و گالوانیزه، ارتفاع ۱۳ سانتی‌متر",20,30000000,0,"success"
"10618006","دستمال آشپزخانه ایکیا مدل VALVARDAD، طرح سفید و آبی، اندازه ۴۵×۶۰ سانتی‌متر",20,30000000,3,"success"
"70609612","سرویس قاشق، چنگال و کارد ایکیا مدل PRAKTBOTIA با ۱۶ تکه استیل ضدزنگ",50,75000000,0,"success"
"80613114",-1,"ماهیتابه ایکیا مدل PUCKELLAX با پوشش نچسب و ۲۰ سانتی‌متری","",""
"60596177","بطری روغن و سرکه ایکیا مدل BRUGDHAJ، آبی",30,45000000,0,"success"
"30596174","بطری روغن و سرکه ایکیا مدل BRUGDHAJ، بژ",30,45000000,0,"success"
"20591841","شلف نمایشی پگ بورد ایکیا مدل SKADIS سفید",20,30000000,0,"success"
"30606031",-1,"شلف پگ بورد ایکیا مدل SKADIS صورتی","",""
"80569941","شلف پگ بورد ایکیا مدل SKADIS مشکی",20,30000000,39,"success"
"60599326","رخت آویز دیواری ایکیا مدل  KALLSO خاکستری، عرض ۸۰ سانتی‌متر",250,412500000,5,"success"
"30594085","برس توالت FLORSJON، رنگ بژ",40,60000000,42,"success"
"60604865","سطل زباله FLORSJON، رنگ بژ، ۳ لیتر",70,115500000,14,"success"
"90609588","ست قاشق و چنگال ۲۴ پارچه ایکیا مدل DOFTSKOLD، رنگ مشکی",140,210000000,0,"success"
"90559456","لیوان ایکیا مدل SANDSKADDA، دسته دار/ خاکستری روشن - بژ، ظرفیت ۲۷۰ میلی‌لیتر",10,15000000,34,"success"
"80607735","لیوان ایکیا مدل SANDSKADDA، دسته دار/ رنگ زرد، ظرفیت ۲۷۰ میلی‌لیتر",10,15000000,0,"success"
"20617997","دستکش فر ایکیا مدل VALVARDAD، رنگ بژ",20,30000000,0,"success"
"10595986","پایه رول دستمال توالت ایکیا مدل BASINGEN، ذغالی تیره، اندازه ۲۶×۱۷ سانتی‌متر",50,75000000,18,"success"
"70596172","بانکه درب دار ایکیا مدل BRUGDHAJ  بژ، ظرفیت ۱.۲ لیتر",50,75000000,0,"success"
"30596169","بانکه درب دار ایکیا مدل BRUGDHAJ بژ، ظرفیت ۱ لیتر",50,75000000,0,"success"
"00605995",-1,"پگ بورد ایکیا مدل SKADIS بژ / صورتی، اندازه ۷۶×۵۶ سانتی‌متر","",""
"20605471","سطل زباله پدالی ایکیا مدل GANSJON، مشکی، ظرفیت ۳ لیتر",60,90000000,0,"success"
"00605504","سطل زباله پدالی ایکیا مدل GANSJON، سبز روشن، ظرفیت ۳ لیتر",60,90000000,0,"success"
"40612263","ارگانایزر آویزی پارچه‌ای ایکیا مدل PURRPINGLA با ۶ بخش، بژ، اندازه ۲۲×۳۴×۸۰ سانتی‌متر",50,75000000,0,"success"
"30612254","باکس پارچه‌ای نگهدارنده ایکیا مدل PURRPINGLA بژ، اندازه ۳۴×۵۱×۲۸ سانتی‌متر",40,60000000,0,"success"
"80603563",-1,"قوطی فلزی ایکیا مدل VINTERFINT با درب، سبز، اندازه ۲۹×۲۰×۸ سانتی‌متر","",""
"00603816",-1,"ظرف شیشه‌ای ایکیا مدل VINTERFINT با درب، سبز، ظرفیت یک لیتر","",""
"90620072","جعبه ایکیا مدل SANDLOPARE، طرح‌دار / زرد، اندازه ۲۵×۱۷×۸.۵ سانتی‌متر",10,15000000,0,"success"
"80612708","کیف نگهدارنده ایکیا مدل SANDLOPARE چندرنگ / طرح ساوانا",40,60000000,59,"success"
"00606546",-1,"آباژور تزیینی LED رومیزی ایکیا مدل STRALA، شیشه‌ای، باتری‌خور / طوسی تیره، ارتفاع ۱۹ سانتی‌متر","",""
"70552026","سبد حصیری ایکیا مدل MAVINN جنس جوت (الیاف کنف)، ۲۲ سانتی‌متر",40,60000000,6,"success"
"80552035",-1,"سبد حصیری ایکیا مدل MAVINN جنس جوت (الیاف کنف)، ۲۸ سانتی‌متر","",""
"80591961",-1,"پادری ایکیا مدل VAGKURVA، چندرنگ/گل‌دار، اندازه ۴۰×۶۰ سانتی‌متر","",""
"40403617",-1,"پادری ایکیا مدل DONSLUND، رنگ طبیعی، اندازه ۴۰×۷۰ سانتی‌متر","",""
"40600953","پادری ایکیا مدل  VANDPLATS، چندرنگ / راه‌راه، اندازه ۴۰×۶۰ سانتی‌متر",30,45000000,6,"success"
"40517020","پادری ایکیا مدل VATTENVERK، خاکستری تیره، ابعاد ۱۵۰*۱۰۰سانتی‌متر",210,315000000,25,"success"
"00517017","پادری ایکیا مدل VATTENVERK، خاکستری تیره، ابعاد ۶۰×۹۰ سانتی‌متر",80,120000000,0,"success"
"90555284",-1,"پادری ایکیا مدل POSTKONTOR ، سبز، ابعاد ۴۰×۶۰ سانتی‌متر","",""
"30308994",-1,"پادری ایکیا مدل OPLEV، طوسی، ابعاد ۵۰×۸۰ سانتی‌متر","",""
"40607054",-1,"پادری ایکیا مدل ARBETSTAG، طرح سگ، ابعاد ۶۰×۹۰ سانتی‌متر","",""
"30608068","پادری ایکیا مدل TAGFORDON، مشکی/طرح خال‌خالی، ابعاد ۴۰×۶۰ سانتی‌متر",40,60000000,27,"success"
"50582538","پادری ایکیا مدل VAGTYP، گربه مشکی/ سبک طبیعی، ابعاد ۶۰×۹۰ سانتی‌متر",80,120000000,0,"success"
"60582533","پادری ایکیا مدل VAGSKYLT، آبی- سبز/مشکی، ابعاد ۴۰ × ۶۰ سانتی‌متر",30,45000000,133,"success"
"40582529","پادری ایکیا مدل VAGSKYLT، صورتی/نارنجی، ابعاد ۴۰ × ۶۰ سانتی‌متر",30,45000000,124,"success"
"30576939",-1,"پادری ایکیا مدل VALVBRO، چندرنگ/راه‌راه، ابعاد ۶۰ × ۹۰ سانتی‌متر","",""
"30495207",-1,"پادری ایکیا مدل OSTERILD، خاکستری تیره، ابعاد ۶۰ × ۹۰ سانتی‌متر","",""
"30287939","پادری ایکیا مدل KOGE، خاکستری/مشکی، ابعاد ۶۹ × ۹۰ سانتی‌متر",110,165000000,103,"success"
"40296603",-1,"پادری ایکیا مدل KOGE، خاکستری/مشکی، ابعاد ۱۰۲ × ۱۵۲ سانتی‌متر","",""
"20296604",-1,"پادری ایکیا مدل KOGE، خاکستری/مشکی، ابعاد ۸۲×۲۰۰ سانتی‌متر","",""
"00500111",-1,"پادری ایکیا مدل KLAMPENBORG، قهوه‌ای، ابعاد ۳۵×۵۵ سانتی‌متر","",""
"00612279","پادری ایکیا مدل KONTANTER، الیاف نارگیل / سبک طبیعی، ابعاد ۴۰×۶۰ سانتی‌متر",30,45000000,0,"success"
"00556160","پادری ایکیا مدل LOHALS، طبیعی، ابعاد ۶۰×۹۰ سانتی‌متر",70,105000000,0,"success"
"00582852","پادری ایکیا مدل FRIKTION، خاکستری، ابعاد ۳۸×۵۸ سانتی‌متر",0,0,97,"success"
"40399045","پادری ایکیا مدل TRAMPA، طبیعی، ابعاد ۴۰×۶۰ سانتی‌متر",20,30000000,0,"success"
"20052187","پادری ایکیا مدل TRAMPA، طبیعی، ابعاد ۶۰×۹۰ سانتی‌متر",40,60000000,187,"success"
"80610993","سبد نگهدارنده برای یخچال، ایکیا مدل KLIPPKAKTUS، شفاف، ابعاد ۳۰×۱۹×۱۴ سانتی‌متر",20,30000000,0,"success"
"30610995","جعبه نگهدارنده برای یخچال ایکیا مدل KLIPPKAKTUS، ست ۳ عددی، شفاف",30,45000000,28,"success"
"80603030","ظرف نگهدارنده غذا ایکیا مدل HAVSTOBIS با درب، شفاف/چند رنگ، ۷۰۰ میلی‌لیتر",20,30000000,0,"success"
"70602516","تابه سرخ‌کردنی ایکیا مدل KLIPPFISK با درب، روکش نچسب، خاکستری–فیروزه‌ای، قطر ۲۸ سانتی‌متر",160,256000000,3,"success"
"50602503","قابلمه سس ایکیا مدل KLIPPFISK مشکی–آبی، روکش نچسب/ گنجایش ۲.۳ لیتر",130,208000000,23,"success"
"90597482","قابلمه ایکیا مدل KLIPPFISK به همراه درب، روکش نچسب، مشکی–آبی، گنجایش ۵ لیتر",200,320000000,0,"success"
"80602511","تابه ایکیا مدل KLIPPFISK پوشش نچسب / دسته چوبی/ خاکستری-آبی تیره، ۲۸ سانتی‌متر",130,208000000,8,"success"
"10600860","گلدان گیاه مصنوعی ایکیا مدل FEJKA، ، مدل درخت موز، قطر 12 سانتی‌متر",40,60000000,5,"success"
"80601470",-1,"گلدان گیاه مصنوعی ایکیا مدل FEJKA، ، مدل حسن یوسف/قرمز، قطر ۹ سانتی‌متر","",""
"10560114","شاخه مصنوعی ایکیا مدل SMYCKA، اکالیپتوس/صورتی، ارتفاع ۶۰ سانتی‌متر",10,15000000,0,"success"
"00601474",-1,"گل مصنوعی ایکیا مدل SMYCKA، مدل اسکابیوزا، ارتفاع ۳۰ سانتی‌متر","",""
"30601482",-1,"دسته گل مصنوعی ایکیا مدل SMYCKA، چندرنگ، ارتفاع ۳۵ سانتی‌متر","",""
"50599652","قاشق آشپزی ایکیا مدل KNORRHANE، رنگ نارنجی روشن/قرمز تیره، طول ۳۳ سانتی‌متر",20,30000000,71,"success"
"70597483","کفگیر ایکیا مدل KNORRHANE، بژ روشن/ذغالی، طول ۳۲ سانتی‌متر",20,30000000,435,"success"
"70591650","آباژور رومیزی ایکیا مدل AKTERSPRING، شیشه سفید اوپال / آبکاری برنجی، ارتفاع ۳۹ سانتی‌متر",200,320000000,0,"success"
"70589384","صندلی کودک ایکیا مدل VILDGAS، سفید",70,112000000,11,"success"
"70589398",-1,"صندلی کودک ایکیا مدل VILDGAS، سفید/سبز","",""
"90601200","آباژور رومیزی ایکیا مدل KUDDLAVA، چین‌دار سفید، 28 سانتی‌متر",50,80000000,0,"success"
"80601050","شِید چراغ آویز ایکیا مدل KUDDLAVA، چین‌دار سفید، ۵۹ سانتی‌متر",40,60000000,6,"success"
"20613089",-1,"صندلی بار ایکیا مدل DALFRED / زرد/ ارتفاع قابل تنظیم 63–74 سانتی‌متر","",""
"40613093",-1,"صندلی بار ایکیا مدل DALFRED / خاکستری- آبی/ ارتفاع قابل تنظیم 63–74 سانتی‌متر","",""
"80613091","صندلی بار ایکیا مدل DALFRED / ارتفاع قابل تنظیم 63–74 سانتی‌متر",200,330000000,0,"success"
"39501096","صندلی چرخان ایکیا مدل ORFJAL فریم سفید/ روکش ویسل آبی تیره",350,577500000,0,"success"
"39501077","صندلی چرخان ایکیا مدل ORFJAL فریم مشکی/ روکش ویسل قرمز",350,577500000,0,"success"
"49303072","صندلی چرخان ایکیا مدل ORFJAL روکش ویسل مشکی",300,495000000,0,"success"
"80599702","لیوان شیشه‌ای ایکیا مدل OLIVTRAST، شیشه شفاف، ظرفیت 290 میلی‌لیتر",10,15000000,493,"success"
"70601692","قفسه ادویه ایکیا مدل HUNDHAJ، سبز، عرض ۲۰ سانتی‌متر",10,15000000,409,"success"
"60601701","قفسه عکس ایکیا مدل  NORDHAGG، چوب کاج، طول ۴۵ سانتی‌متر",20,30000000,297,"success"
"10607357",-1,"پایه لپ‌تاپ ایکیا مدل  BJORKASEN، آبی","",""
"30606130","قالب نان ایکیا مدل  VINTERROCKA، استیل ضدزنگ، ظرفیت ۲.۱ لیتر",20,30000000,0,"success"
"90599481","قالب کمربندی کیک ایکیا مدل  VINTERROCKA، استیل ضدزنگ، قطر ۲۲ سانتی‌متر",30,45000000,0,"success"
"00606122","قالب پای ایکیا مدل  VINTERROCKA، استیل ضدزنگ، قطر ۳۰ سانتی‌متر / حجم 2.2 لیتر",20,30000000,69,"success"
"90601709","ساعت دیواری ایکیا مدل BONDIS نارنجی 38 سانتی‌متر",60,90000000,0,"success"
"00566734","کلاهک/شید چراغ آویز ایکیا مدل TAGGTOFS، سفید/بامبو، قطر ۶۷ سانتی‌متر",120,192000000,10,"success"
"90600309",-1,"گوزن دکوری ایکیا مدل HOSTAGILLE ، نارنجی / زرد- بژ، ۱۳ سانتی‌متر","",""
"60605073",-1,"فرش ایکیا مدل ARENDE با پرز بلند، رنگ خاکستری، ابعاد ۱۲۰×۱۸۰ سانتی‌متر","",""
"10605075","فرش ایکیا مدل ARENDE با پرز بلند، رنگ کرم روشن، ابعاد ۱۲۰×۱۸۰ سانتی‌متر",150,225000000,0,"success"
"20606381","کاور روتختی به همراه ۲ روبالشی ایکیا مدل HAMPFLOCKEL، سفید، ابعاد ۲۴۰×۲۲۰ / ۵۰×۸۰ سانتی‌متر",250,375000000,2,"success"
"50606431","کاور روتختی به همراه ۲ روبالشی ایکیا مدل HAMPFLOCKEL، خاکستری تیره، ابعاد ۲۴۰×۲۲۰ / ۵۰×۸۰ سانتی‌متر",250,375000000,58,"success"
"20606456","کاور روتختی به همراه ۲ روبالشی ایکیا مدل HAMPFLOCKEL، قهوه‌ای، ابعاد ۲۴۰×۲۲۰ / ۵۰×۸۰ سانتی‌متر",250,375000000,35,"success"
"70606406","کاور روتختی به همراه ۲ روبالشی ایکیا مدل HAMPFLOCKEL، آبی تیره، ابعاد ۲۴۰×۲۲۰ / ۵۰×۸۰ سانتی‌متر",250,375000000,22,"success"
"00483343","تشک فنری ایکیا مدل VESTMARKA ، سفت و با دوام، آبی ملایم/ ابعاد ۱۸۰×۲۰۰ سانتی‌متر",1200,1920000000,10,"success"
"70568560","جعبه بدون درب ایکیا مدل KUGGIS، سفید، ابعاد ۱۸×۲۶×۸ سانتی‌متر",20,30000000,584,"success"
"40586235",-1,"جعبه بدون درب ایکیا مدل KUGGIS، خاکستری تیره - بژ، ابعاد ۱۸×۲۶×۸ سانتی‌متر","",""
"60599147","جعبه بدون درب ایکیا مدل KUGGIS، خاکستری ملایم، ابعاد ۱۸×۲۶×۸ سانتی‌متر",20,30000000,0,"success"
"80601998","قاب با پوسترایکیا مدل KNOPPANG، مجموعه ۸ عددی، داستان‌های فولکلور",160,240000000,0,"success"
"80602144",-1,"قاب با پوستر ایکیا مدل RODALM، غروب آفتاب راه‌راه، ۴۰×۵۰ سانتی‌متر","",""
"00601921","تابلو دو تا پرنده ایکیا مدل BLODFLADER سایز 50*40 سانتی‌متر",80,120000000,0,"success"
"40601919","تابلو گل نارنجی ایکیا مدل BLODFLADER سایز 50*40 سانتی‌متر",70,105000000,16,"success"
"59582483",-1,"جعبه با درب ایکیا مدل KUGGIS، خاکستری تیره-بژ، ابعاد ۱۸×۲۶×۸ سانتی‌متر","",""
"29596764","جعبه با درب ایکیا مدل KUGGIS، خاکستری روشن، ابعاد ۱۸×۲۶×۸ سانتی‌متر",30,45000000,0,"success"
"79561286","جعبه با درب ایکیا مدل KUGGIS، سفید/ بامبو، ابعاد ۱۸×۲۶×۸ سانتی‌متر",30,45000000,194,"success"
"99582612",-1,"جعبه با درب ایکیا مدل KUGGIS، خاکستری تیره-بژ / بامبو، ابعاد ۱۸×۲۶×۸ سانتی‌متر","",""
"89596822","جعبه با درب ایکیا مدل KUGGIS، طوسی روشن/بامبو",30,45000000,0,"success"
"90602445","فریم تختخواب ایکیا مدل VIHALS، سفید، 200*180 سانتی‌متر",590,973500000,10,"success"
"40602424","فریم تختخواب ایکیا مدل VIHALS، سفید، ۹۰×۲۰۰ سانتی‌متر",350,577500000,29,"success"
"80601917","تابلو منظره (Nazaré) ایکیا مدل BLODFLADER سایز ۵۰×۷۰ سانتی‌متر",100,150000000,0,"success"
"80512469",-1,"محفظه نگهداری چندبخشی ایکیا مدل TIGERFINK، فیروزه‌ای","",""
"10529557",-1,"کیف نگهداری بافته‌شده ایکیا مدل STRANDSKATA / چندرنگ، قطر ۲۰ سانتی‌متر","",""
"40580525",-1,"ست ۴ عددی جعبه ایکیا مدل LYSMASK، طرح‌دار/ چندرنگ","",""
"20468105","ارگانایزر پلاستیکی ایکیا مدل NOJIG ، بژ، ابعاد 10*25*20 سانتی‌متر",0,0,233,"success"
"70457487","ارگانایزر پلاستیکی ایکیا مدل NOJIG ، بژ، ابعاد 5*20*10 سانتی‌متر",0,0,2364,"success"
"60477037","ارگانایزر پلاستیکی ایکیا مدل NOJIG ، بژ، ابعاد 5*10*10 سانتی‌متر",0,0,20,"success"
"50468104","ارگانایزر پلاستیکی ایکیا مدل NOJIG ، بژ، ابعاد ۱۵×۲۰×۵ سانتی‌متر",0,0,1334,"success"
"20593454","سبد نگهداری ایکیا مدل PLOGSVANG، سفید، ابعاد ۱۵×۲۰×۱۰ سانتی‌متر",10,15000000,584,"success"
"70599316","ست ۶ عددی ظرف نگهداری غذای خشک ایکیا مدل KORALLVIPPA  با درپوش، شفاف",60,90000000,0,"success"
"00608913","کاور روتختی و روبالشی ایکیا مدل ANGSLILJA، سفید، سایز 200*150 / ۵۰×۸۰ سانتی‌متر",100,160000000,0,"success"
"60608873","کاور روتختی و ۲ روبالشی ایکیا مدل ANGSLILJA، خاکستری، سایز220*240 / ۵۰×۸۰ سانتی‌متر",150,240000000,114,"success"
"60599736","کاور روتختی و ۲ روبالشی ایکیا مدل SCHERSMIN، سفید، سایز ۲۴۰×۲۲۰ / ۵۰×۸۰ سانتی‌متر",300,480000000,75,"success"
"80599764","کاور روتختی و ۲ روبالشی ایکیا مدل SCHERSMIN، صورتی کم‌رنگ، سایز ۲۴۰×۲۲۰ / ۵۰×۸۰ سانتی‌متر",300,480000000,0,"success"
"60599816","کاور روتختی و ۲ روبالشی ایکیا مدل SCHERSMIN، سبز کم‌رنگ، سایز ۲۴۰×۲۲۰ / ۵۰×۸۰ سانتی‌متر",300,480000000,1,"success"
"30602090","پرده پشت‌پرده‌دار ایکیا مدل BENGTA، بژ/ نوار سرپرده، اندازه ۲۱۰×۳۰۰ سانتی‌متر",70,105000000,0,"success"
"00602162",-1,"پرده پشت‌پرده‌دار ایکیا مدل BENGTA، صورتی روشن/ نوار سرپرده، اندازه ۲۱۰×۳۰۰ سانتی‌متر","",""
"40596814","قاشق غذاخوری و قاشق نوزاد ایکیا مدل BORJA، سفید/آبی",10,15000000,96,"success"
"90596816","بشقاب/کاسه کودک ایکیا مدل BORJA، سفید/آبی",40,60000000,40,"success"
"00596811","لیوان آموزشی ایکیا مدل BORJA، سفید/آبی",10,15000000,175,"success"
"60604629","کاور کوسن ایکیا مدل DRABOR، مشکی/بژ ملایم، ۵۰x۵۰ سانتی‌متر",20,30000000,0,"success"
"50600330","کاور کوسن ایکیا مدل MAVINN گلدار مشکی و سفید، ابعاد ۴۰x۵۸ سانتی‌متر",50,75000000,8,"success"
"40598653","پتو/شال مبل ایکیا مدل LAPPKATTFOT، نارنجی روشن/صورتی، ابعاد ۱۳۰x۱۷۰ سانتی‌متر",70,105000000,0,"success"
"00598669",-1,"پتو/شال مبل ایکیا مدل BISKOPSMOSSA، سبز/سفید استخوانی، ابعاد ۱۳۰x۱۷۰ سانتی‌متر","",""
"50582411","صندلی راحتی تختخواب ‌شو ایکیا مدل TORNSBORG، بژ Naggen / چوب کاج",1190,1963500000,0,"success"
"90584658","کاناپه تختخواب ‌شو دو نفره ایکیا مدل TORNSBORG، بژ Naggen / چوب کاج",1990,3283500000,3,"success"
"20607314","گلدان ایکیا مدل KAPKASTANJ، سفید مایل به کرم، ارتفاع 15 سانتی‌متر",20,30000000,0,"success"
"70607316","گلدان ایکیا مدل KAPKASTANJ، سفید مایل به کرم، ارتفاع ۲۳ سانتی‌متر",30,45000000,0,"success"
"50607299",-1,"گلدان ایکیا مدل BLODBJORK، صورتی کم‌رنگ، ارتفاع ۲۵ سانتی‌متر","",""
"70600334",-1,"گلدان ایکیا مدل HOSTAGILLE قهوه‌ای ارتفاع 21 سانتی‌متر","",""
"40607308",-1,"گلدان ایکیا مدل PARLHAGG، زرد - بژ، ارتفاع 22 سانتی‌متر","",""
"70607298",-1,"گلدان ایکیا مدل BLODBJORK، زرد، ارتفاع ۱۶ سانتی‌متر","",""
"30607295",-1,"گلدان ایکیا مدل BLODBJORK، صورتی کم‌رنگ/آبی، ارتفاع ۱۶ سانتی‌متر","",""
"80607311","گلدان ایکیا مدل PELARBJORK، سفید، ارتفاع 14 سانتی‌متر",40,60000000,170,"success"
"00607310","گلدان ایکیا مدل PELARBJORK، خاکستری-سبز، ۲۰ سانتی‌متر",70,105000000,18,"success"
"80607306",-1,"گلدان ایکیا مدل GLANSGRAN بژ/مشکی ارتفاع ۲۳ سانتی‌متر","",""
"50583986","لامپ LED ایکیا مدل SOLHETTA سرپیچ E14 و ۲۵۰ لومن، سفید اُپال",10,15000000,306,"success"
"00584035","لامپ LED ایکیا مدل SOLHETTA سرپیچ E14و ۲۵۰ لومن، سفید اُپال",10,15000000,8,"success"
"00584097","لامپ LED ایکیا مدل  SOLHETTA سرپیچ GU10 و ۳۴۵ لومن، قابل تنظیم شدت نور",10,15000000,1146,"success"
"00584016","لامپ LED ایکیا مدل  SOLHETTA سرپیچ E14 و۴۷۰ لومن، سفید اُپال",10,15000000,728,"success"
"20584082","لامپ LED ایکیا مدل SOLHETTA سرپیچ GU10 و ۲۳۰ لومن",20,30000000,683,"success"
"30583968","لامپ LED ایکیا مدل SOLHETTA سرپیچ E14 و 470 لومن، سفید اُپال",10,15000000,1948,"success"
"50583934","لامپ LED ایکیا مدل SOLHETTA سرپیچ E27، قابل تنظیم، سفید اُپال",20,30000000,522,"success"
"20603330",-1,"باکس نظم دهنده ایکیا مدل DRONA، زرد تیره، ۳۳×۳۸×۳۳ سانتی‌متر","",""
"90587039","ست ۳ تکه لوازم سرویس بهداشتی ایکیا مدل GANSJON، مشکی",60,90000000,5,"success"
"50595442","زیرانداز خشک‌ کن ظرف ایکیا مدل RINNIG، بژ، ۵۱x۴۲ سانتی‌متر",20,30000000,443,"success"
"40601354","نگهدارنده بشقاب ایکیا مدل RINNIG، زرد",20,30000000,4,"success"
"00609899","پیشبند ایکیا مدل  RINNIG طرح‌دار، ۶۹x۸۵ سانتی‌متر",20,30000000,0,"success"
"10609907","دستمال آشپزخانه ایکیا مدل RINNIG، طرح دار/ رنگ‌های ترکیبی",20,30000000,0,"success"
"30609906","دستمال آشپزخانه ایکیا مدل RINNIG، راه‌راه قرمز/بژ",20,30000000,76,"success"
"50609905","دستمال آشپزخانه ایکیا مدل RINNIG، راه‌راه سبز/آبی",20,30000000,469,"success"
"30608252",-1,"بشقاب کاسه ای ایکیا مدل OFTAST سبز ملایم 20 سانتی‌متر","",""
"00608258",-1,"کاسه سرو ایکیا مدل OFTAST سبز ملایم 23 سانتی‌متر","",""
"20608262",-1,"بشقاب کناری ایکیا مدل OFTAST سبز ملایم 19 سانتی‌متر","",""
"40609492",-1,"کاسه ایکیا مدل OFTAST سبز ملایم 15 سانتی‌متر","",""
"10608253",-1,"بشقاب ایکیا مدل OFTAST سبز ملایم 25 سانتی‌متر","",""
"40610363",-1,"پادری حمام ایکیا مدل TOFTBO، خاکستری تیره-سفید/ ملانژ، اندازه 120*60 سانتی‌متر","",""
"80610276","پادری حمام ایکیا مدل TOFTBO، صورتی، اندازه ۵۰x۸۰ سانتی‌متر",20,30000000,0,"success"
"20610279","پادری حمام ایکیا مدل TOFTBO، خاکستری روشن- سفید/ ملانژ، اندازه ۵۰x۸۰ سانتی‌متر",20,30000000,164,"success"
"40610278","پادری حمام ایکیا مدل TOFTBO، آبی روشن، اندازه ۵۰x۸۰ سانتی‌متر",20,30000000,0,"success"
"60610263","پادری حمام ایکیا مدل TOFTBO، بژ، اندازه ۵۰x۸۰ سانتی‌متر",20,30000000,149,"success"
"00610275","پادری حمام ایکیا مدل TOFTBO، زغالی، اندازه ۵۰x۸۰ سانتی‌متر",20,30000000,404,"success"
"80611855",-1,"پادری حمام ایکیا مدل TOFTBO، خاکستری روشن-سفید/ملانژ، اندازه ۴۰x۶۰ سانتی‌متر","",""
"70610291","پادری ایکیا مدل TOFTBO، خاکستری-سفید/ ملانژ، اندازه ۵۵x۶۰ سانتی‌متر",20,30000000,0,"success"
"70610267","پادری ایکیا مدل TOFTBO، بژ، اندازه ۵۵x۶۰ سانتی‌متر",20,30000000,0,"success"
"20495316",-1,"پادری ایکیا مدل TOFTBO، بژ تیره، اندازه ۵۵x۶۰ سانتی‌متر","",""
"20600850","گیاه مصنوعی گلدانی ایکیا مدل FEJKA، رنگ نعناعی، قطر ۹ سانتی‌متر",0,0,539,"success"
"10614225","گیاه مصنوعی آویزی مدل FEJKA، طرح هویا، قطر ۹ سانتی‌متر",10,15000000,0,"success"
"50600863","گیاه مصنوعی گلدانی ایکیا مدل FEJKA، کالاتیا، قطر ۱۲ سانتی‌متر",20,30000000,0,"success"
"00600870","گیاه مصنوعی گلدانی ایکیا مدل FEJKA، آلوکاسیا، قطر ۱۲ سانتی‌متر",20,30000000,0,"success"
"90606090","نظم دهنده دیواری ایکیا مدل OBONAS پایه مکشی، خاکستری-بژ",20,30000000,0,"success"
"80606095","قلاب سه‌گانه دیواری ایکیا مدل OBONAS، پایه مکشی، خاکستری-بژ، ابعاد ۷x۱۱ سانتی‌متر",10,15000000,86,"success"
"40606101","شلف دیواری ایکیا مدل OBONAS، پایه مکشی، خاکستری-بژ، ۲۸ سانتی‌متر",20,30000000,2,"success"
"40600750","کاسه ایکیا مدل GLADELIG، خاکستری، قطر ۱۴ سانتی‌متر",20,30000000,88,"success"
"10597018","کاسه ایکیا مدل GLADELIG، خاکستری تیره، قطر ۱۴ سانتی‌متر",20,30000000,135,"success"
"40600712","کاسه ایکیا مدل GLADELIG، آبی، قطر ۱۴ سانتی‌متر",20,30000000,76,"success"
"00601469",-1,"گلدان گیاه مصنوعی ایکیا مدل FEJKA، ست ۳ عددی، قطر ۶ سانتی‌متر","",""
"90609932","حوله بزرگ حمام ایکیا مدل VAGSJON، صورتی، ۱۰۰x۱۵۰ سانتی‌متر",40,60000000,0,"success"
"50604880","ماگ ایکیا مدل FARGKLAR، صورتی ملایم، ظرفیت ۴۲۰ میلی‌لیتر",10,15000000,0,"success"
"40580479","قاشق سرو ماکارونی ایکیا مدل STRALFENA، چوب توس، 30 سانتی‌متر",0,0,78,"success"
"20603288","قاشق آشپزی ایکیا مدل STRALFENA، چوب توس، ۲۹ سانتی‌متر",0,0,412,"success"
"70609933","حوله دست ایکیا مدل VAGSJON، صورتی، ۴۰x۷۰ سانتی‌متر",10,15000000,17,"success"
"30609930","حوله حمام ایکیا مدل VAGSJON، صورتی، ۷۰x۱۴۰ سانتی‌متر",20,30000000,2,"success"
"30610542","حوله حمام ایکیا مدل VAGSJON، نارنجی-قرمز، ۷۰x۱۴۰ سانتی‌متر",20,30000000,23,"success"
"30573318","نگهدارنده به همراه ۳ تخته برش ایکیا مدل GUMMIHAJ، رنگ‌های ترکیبی",50,80000000,0,"success"
"70600720","بشقاب کناری ایکیا مدل GLADELIG، آبی، ۲۰ سانتی‌متر",20,30000000,197,"success"
"00596991","بشقاب کناری ایکیا مدل GLADELIG، خاکستری تیره، ۲۰ سانتی‌متر",20,30000000,180,"success"
"00600752","بشقاب کناری ایکیا مدل GLADELIG، خاکستری، ۲۰ سانتی‌متر",20,30000000,125,"success"
"30600717","دیس کوچک ایکیا مدل GLADELIG آبی، ۲۰x۱۳ سانتی‌متر",20,30000000,164,"success"
"70600758","دیس کوچک ایکیا مدل GLADELIG خاکستری، ۲۰x۱۳ سانتی‌متر",20,30000000,51,"success"
"60596709","ظرف ساندویچ درب دار ایکیا مدل PRUTA، یاسی/ سبز، ۲۲x۱۴x۵ سانتی‌متر",10,15000000,0,"success"
"70600348",-1,"حلقه گل مصنوعی ایکیا مدل HOSTAGILLE، رنگ‌های ترکیبی، ۶۰ سانتی‌متر","",""
"30538042","گل مصنوعی ایکیا مدل SMYCKA، مدل ادریسی/ صورتی روشن، ۴۵ سانتی‌متر",10,15000000,151,"success"
"40581153","تابه ۲۴ سانتی‌متری ایکیا مدل TAGGHAJ با روکش نچسب، مشکی",20,30000000,22,"success"
"50608265",-1,"کاسه ایکیا مدل OFTAST، سفید و مشکی با طرح نقطه‌ای، ۱۵ سانتی‌متر","",""
"30608247",-1,"کاسه ایکیا مدل OFTAST، سبز روشن با طرح نقطه‌ای، ۱۵ سانتی‌متر","",""
"00597542",-1,"شمع معطر در لیوان ایکیا مدل HOSTAGILLE ، رایحه کدو تنبل ادویه‌ای/قهوه‌ای، ۲۰ ساعته","",""
"90605967","قاشق قهوه ایکیا مدل TILLAGD، رنگ برنجی، ۱۲ سانتی‌متر",30,45000000,66,"success"
"10605947","ست ۴ تایی کارد پنیر ایکیا مدل TILLAGD، رنگ برنجی",80,120000000,59,"success"
"20605961","ست پذیرایی ۲ تکه ایکیا مدل  TILLAGD، رنگ برنجی",80,120000000,16,"success"
"79575212",-1,"ترکیب نظم‌ دهنده با جعبه ها ایکیا مدل TROFAST، چوب کاج، سفید، ۴۴x۳۰x۹۱ سانتی‌متر","",""
"89575443",-1,"ترکیب نظم‌ دهنده با جعبه ها ایکیا مدل TROFAST، چوب کاج، قرمز/ سفید، ۴۴x۳۰x۹۱ سانتی‌متر","",""
"59575430",-1,"ترکیب نظم‌ دهنده با جعبه ها ایکیا مدل TROFAST، چوب کاج، نارنجی ملایم/ سبز روشن، ۴۴x۳۰x۹۱ سانتی‌متر","",""
"19575432",-1,"ترکیب نظم‌ دهنده با جعبه ها ایکیا مدل TROFAST، چوب کاج، خاکستری/ سبز ملایم، ۴۴x۳۰x۹۱ سانتی‌متر","",""
"59575208",-1,"ترکیب نظم‌ دهنده با جعبه ها ایکیا مدل TROFAST، چوب کاج، سفید/ سبز روشن، ۴۴x۳۰x۹۱ سانتی‌متر","",""
"79575434",-1,"ترکیب نظم‌ دهنده با جعبه ها ایکیا مدل TROFAST، چوب کاج، نارنجی ملایم/ خاکستری، ۴۴x۳۰x۹۱ سانتی‌متر","",""
"69573280",-1,"ترکیب نظم‌ دهنده با جعبه/سینی ایکیا مدل TROFAST، چوب کاج، سفید، ۳۲x۴۴x۵۲ سانتی‌متر","",""
"29602010",-1,"ترکیب نظم‌ دهنده با جعبه/سینی ایکیا مدل TROFAST، چوب کاج، سفید/ یاسی، ۳۲x۴۴x۵۲ سانتی‌متر","",""
"69602013",-1,"ترکیب نظم‌ دهنده با جعبه/سینی ایکیا مدل TROFAST، چوب کاج، سفید/ آبی ملایم، ۳۲x۴۴x۵۲ سانتی‌متر","",""
"29573300",-1,"ترکیب نظم‌ دهنده با جعبه/سینی ایکیا مدل TROFAST، چوب کاج، سفید/خاکستری، ۳۲x۴۴x۵۲ سانتی‌متر","",""
"29575436",-1,"ترکیب نظم‌ دهنده با جعبه‌ ایکیا مدل TROFAST چوب کاج/ سفید، ۴۴x۳۰x۹۱ سانتی‌متر","",""
"89575438",-1,"ترکیب نظم‌ دهنده با جعبه‌ ایکیا مدل TROFAST چوب کاج/ قرمز، ۴۴x۳۰x۹۱ سانتی‌متر","",""
"99606707",-1,"ترکیب نظم‌ دهنده با جعبه‌ ایکیا مدل TROFAST چوب کاج/ چند رنگ، ۴۴x۳۰x۹۱ سانتی‌متر","",""
"69606704",-1,"ترکیب نظم‌ دهنده با جعبه‌ ایکیا مدل TROFAST چوب کاج/ یاسی، ۴۴x۳۰x۹۱ سانتی‌متر","",""
"29606701",-1,"ترکیب نظم‌ دهنده با جعبه‌ ایکیا مدل TROFAST چوب کاج/ آبی ملایم، ۴۴x۳۰x۹۱ سانتی‌متر","",""
"29575441",-1,"ترکیب نظم‌ دهنده با جعبه‌ ایکیا مدل TROFAST چوب کاج/ سبز روشن، ۴۴x۳۰x۹۱ سانتی‌متر","",""
"39533356","نظم‌دهنده دیواری ایکیا مدل TROFAST، چوب کاج / خاکستری تیره، ۹۳x۲۱x۳۰ سانتی‌متر",320,528000000,0,"success"
"19533357",-1,"نظم‌دهنده دیواری ایکیا مدل TROFAST، چوب کاج / آبی خاکستری، ۹۳x۲۱x۳۰ سانتی‌متر","",""
"39573408","ترکیب نظم‌ دهنده با جعبه‌ ایکیا مدل TROFAST چوب کاج/ سفید، ۹۴x۴۴x۹۱ سانتی‌متر",560,924000000,5,"success"
"49574327","ترکیب نظم‌ دهنده با جعبه‌ ایکیا مدل TROFAST چوب کاج/ قرمز، ۹۴x۴۴x۹۱ سانتی‌متر",560,924000000,0,"success"
"89573415","ترکیب نظم‌ دهنده با جعبه‌ ایکیا مدل TROFAST چوب کاج/ یاسی، ۹۴x۴۴x۹۱ سانتی‌متر",560,924000000,0,"success"
"59573412","ترکیب نظم‌ دهنده با جعبه‌ ایکیا مدل TROFAST چوب کاج/ آبی ملایم، ۹۴x۴۴x۹۱ سانتی‌متر",560,924000000,0,"success"
"59573600",-1,"ترکیب نظم‌ دهنده با جعبه‌ ایکیا مدل TROFAST چوب کاج/ خاکستری، ۹۴x۴۴x۹۱ سانتی‌متر","",""
"99573467","ترکیب نظم‌ دهنده با جعبه‌ ایکیا مدل TROFAST چوب کاج/ سبز روشن، ۹۴x۴۴x۹۱ سانتی‌متر",560,924000000,0,"success"
"49574332","ترکیب نظم‌ دهنده با جعبه‌ ایکیا مدل TROFAST چوب کاج/ سفید/ قرمز، ۹۴x۴۴x۹۱ سانتی‌متر",560,924000000,0,"success"
"19575489","نظم ‌دهنده دیواری ایکیا مدل TROFAST، چوب کاج /سفید، ۹۳x۲۱x۳۰ سانتی‌متر",270,445500000,0,"success"
"39574865","ترکیب نظم‌ دهنده با جعبه‌ ایکیا مدل TROFAST چوب کاج/ سفید، ۹۳x۴۴x۵۲ سانتی‌متر",460,759000000,11,"success"
"79574892",-1,"ترکیب نظم‌ دهنده با جعبه‌ ایکیا مدل TROFAST چوب کاج/ سفید/ خاکستری، ۹۳x۴۴x۵۲ سانتی‌متر","",""
"59574888","ترکیب نظم‌ دهنده با جعبه‌ ایکیا مدل TROFAST چوب کاج/ سفید/ سبز روشن، ۹۳x۴۴x۵۲ سانتی‌متر",460,759000000,0,"success"
"49574898","ترکیب نظم‌ دهنده با جعبه‌ ایکیا مدل TROFAST چوب کاج/ نارنجی ملایم/ قرمز، ۹۳x۴۴x۵۲ سانتی‌متر",460,759000000,0,"success"
"89574900",-1,"ترکیب نظم‌ دهنده با جعبه‌ ایکیا مدل TROFAST چوب کاج/ نارنجی ملایم/ خاکستری، ۹۳x۴۴x۵۲ سانتی‌متر","",""
"09574895","ترکیب نظم‌ دهنده با جعبه‌ ایکیا مدل TROFAST چوب کاج/ نارنجی ملایم/ سبز روشن، ۹۳x۴۴x۵۲ سانتی‌متر",460,759000000,0,"success"
"69574939",-1,"ترکیب نظم‌ دهنده با جعبه‌ ایکیا مدل TROFAST چوب کاج/ سبز ملایم/ خاکستری، ۹۳x۴۴x۵۲ سانتی‌متر","",""
"09574918","ترکیب نظم‌ دهنده با جعبه‌ ایکیا مدل TROFAST چوب کاج/ سبز ملایم/ سبز روشن، ۹۳x۴۴x۵۲ سانتی‌متر",460,759000000,0,"success"
"19533277",-1,"ترکیب نظم‌ دهنده با جعبه‌ ایکیا مدل TROFAST چوب کاج/ خاکستری – آبی/ خاکستری تیره، ۹۳x۴۴x۵۲ سانتی‌متر","",""
"19533258",-1,"ترکیب نظم‌ دهنده با جعبه‌ ایکیا مدل TROFAST چوب کاج/ قرمز ملایم، ۹۳x۴۴x۵۲ سانتی‌متر","",""
"19574475","ترکیب نظم‌ دهنده با جعبه‌ ایکیا مدل TROFAST سفید/ سبز ملایم/ سفید، ۹۹x۴۴x۵۶ سانتی‌متر",360,594000000,0,"success"
"39574728","ترکیب نظم‌ دهنده با جعبه‌ ایکیا مدل TROFAST سفید/ سبز ملایم/ قرمز، ۹۹x۴۴x۵۶ سانتی‌متر",360,594000000,0,"success"
"19574480","ترکیب نظم‌ دهنده با جعبه‌ ایکیا مدل TROFAST سفید/ سبز ملایم/ یاسی، ۹۹x۴۴x۵۶ سانتی‌متر",360,594000000,0,"success"
"79574477","ترکیب نظم‌ دهنده با جعبه‌ ایکیا مدل TROFAST سفید/ سبز ملایم/ آبی ملایم، ۹۹x۴۴x۵۶ سانتی‌متر",360,594000000,0,"success"
"99574730",-1,"ترکیب نظم‌ دهنده با جعبه‌ ایکیا مدل TROFAST سفید/ سبز ملایم/ خاکستری، ۹۹x۴۴x۵۶ سانتی‌متر","",""
"79574482","ترکیب نظم‌ دهنده با جعبه‌ ایکیا مدل TROFAST سفید/ سبز ملایم/ سبز روشن، ۹۹x۴۴x۵۶ سانتی‌متر",360,594000000,0,"success"
"59574459","ترکیب نظم‌ دهنده با جعبه‌ ایکیا مدل TROFAST سفید، ۹۹x۴۴x۵۶ سانتی‌متر",360,594000000,11,"success"
"90595794",-1,"گلدان ایکیا مدل HONUNGSPALM صورتی، 15 سانتی‌متر","",""
"00595798",-1,"گلدان ایکیا مدل HONUNGSPALM خاکستری/ بژ، 15 سانتی‌متر","",""
"60595795",-1,"گلدان ایکیا مدل HONUNGSPALM سبز، ۱۹ سانتی‌متر","",""
"30576246","آباژور رومیزی ایکیا مدل ASKMULLER، قابل تنظیم/ خاکستری روشن، ۲۴ سانتی‌متر",90,135000000,10,"success"
"50576231",-1,"آباژور رومیزی ایکیا مدل ASKMULLER، قابل تنظیم/ صورتی کم‌رنگ/قرمز، ۲۴ سانتی‌متر","",""
"90585950","لوستر آویز ایکیا مدل  STOCKHOLM 2025، شیشه‌ای/برنجی، 54 سانتی‌متر",450,742500000,0,"success"
"90585988","لوستر آویز ایکیا مدل  STOCKHOLM 2025 سفید پارچه‌ای/برنجی، ۵۰ سانتی‌متر",250,412500000,0,"success"
"50586305","لوستر آویز ایکیا مدل  STOCKHOLM 2025، شیشه‌ای/برنجی، ۳۸ سانتی‌متر",390,643500000,1,"success"
"90594006","آینه دیواری ایکیا مدل EKFANN با نور یکپارچه و قابل تنظیم/ مشکی",120,192000000,44,"success"
"30540016",-1,"آباژور ایستاده ایکیا مدل KLOVING زغالی","",""
"80561940","آباژور ایستاده/مطالعه ایکیا مدل  RODFLIK بژ روشن",180,297000000,13,"success"
"80563576","آباژور ایستاده/مطالعه ایکیا مدل  RODFLIK سبز خاکستری",180,297000000,12,"success"
"70559971","آباژور رومیزی ایکیا مدل FLYGHOJD، نیکل اندود/ سفید، ۵۴ سانتی‌متر",90,144000000,0,"success"
"90524457","آباژور رومیزی ایکیا مدل FLYGHOJD، برنجی/بژ، ۵۴ سانتی‌متر",90,144000000,0,"success"
"00568224","آباژور رومیزی ایکیا HOGVIND بدنه نیکل‌اندود و شیشه خاکستری",150,240000000,29,"success"
"70585611",-1,"آباژور رومیزی ایکیا BLASVERK  قرمز","",""
"80566674","آباژور ایستاده دو سری ایکیا مدل FOLKBAT مشکی",150,247500000,4,"success"
"40585924","آباژور ایستاده ایکیا مدل STOCKHOLM 2025، روکش سفید پارچه‌ای، پایه برنجی، ۱۵۹ سانتی‌متر",350,577500000,15,"success"
"80583616","شید/ کلاهک چراغ آویزایکیا مدل  GULLSUDARE دست‌ساز، سفید ۷۰ سانتی‌متر",20,32000000,97,"success"
"60528876","فرش دستباف ایکیا مدل SORTSO  آبی روشن/ ابعاد 55  در 85 سانتی‌متر",20,30000000,394,"success"
"70418518","فرش دستباف ایکیا مدل SORTSO   ابعاد 55  در 85 سانتی‌متر",20,30000000,218,"success"
"80567621","ست طی تمیزکننده ایکیا مدل PEPPRIG زرد/ آبی",100,150000000,65,"success"
"00586954","چراغ مطالعه ایکیا مدل SAMBORD مشکی/ سفید",80,128000000,21,"success"
"00594322","آباژور رومیزی ایکیا مدل NYMANE سفید ارتفاع 33 سانتی‌متر",120,192000000,0,"success"
"10592365","گلدان ایکیا مدل STILREN سفید 12 سانتی‌متر",20,30000000,296,"success"
"30293898","استند بامبو چاقو ایکیا مدل HYVLA",60,90000000,0,"success"
"10595439","اسفنج ظرفشویی ایکیا مدل SVAMPIG خاکستری - سبز",0,0,1347,"success"
"50589460","لیف حمام ایکیا مدل ABYAN پک ۳ عددی، رنگ نارنجی/سبز/سفید",10,15000000,1266,"success"
"76921",-1,"لگو مدل 76921 ماشین مسابقه‌ای آئودی S1 ای-ترون کواترو LEGO Audi S1 e-tron quattro Race Car`","",""
"76925",-1,"لگو مدل 76925 ماشین ایمنی و ماشین مسابقه فرمول یک استون مارتین AMR23  مدل LEGO Aston Martin Safety Car & AMR23","",""
"11015",-1,"لگو مدل 11015 سفر به دور دنیا  LEGO Around the World","",""
"71811",-1,"لگو مدل 71811 ماشین باگی نینجای آفرود آرین  LEGO Arin's Ninja Off-Road Buggy Car","",""
"76924",-1,"لگو مدل 76924 مرسدس-ای‌ام‌جی G 63 و مرسدس-ای‌ام‌جی SL 63 مدل LEGO Mercedes-AMG G 63 & Mercedes-AMG SL 63","",""
"77244",-1,"لگو مدل 77244 ماشین مسابقه فرمول یک لگو مرسدس-ای‌ام‌جی LEGO Mercedes-AMG F1® W15 Race Car","",""
"77243",-1,"لگو مدل 77243 ماشین مسابقه فرمول یک ردبول RB20 مدل  LEGO Oracle Red Bull Racing RB20 F1® Race Car","",""
"77250",-1,"لگو مدل 77250 ماشین مسابقه فرمول یک مدل VF-24 تیم هاس LEGO MoneyGram Haas F1® Team VF-24 Race Car","",""
"42203",-1,"لگو مدل 42203 کامیون کمپرسی LEGO Tipping Dump Truck","",""
"77246",-1,"لگو مدل 77246 ماشین مسابقه فرمول یک LEGO 4xVisa Cash App RB VCARB 01 F1® Race Car","",""
"60412",-1,"لگو مدل 60412 ماشین آتش نشانی 4x4 به همراه قایق نجات LEGO 4x4 Fire Truck with Rescue Boat","",""
"75404",-1,"لگو 75404 سفینه تهاجمی کلاس اَکلامِیتر LEGO Acclamator-Class Assault Ship","",""
"21034",-1,"لگو 21034 معماری لندن LEGO Architecture London","",""
"75401",-1,"لگو 75401 جنگنده جدای آسوکا LEGO Ahsoka's Jedi Interceptor","",""
"11028",-1,"لگو مدل 11028 سرگرمی خلاقانه با پاستل LEGO Creative Pastel Fun","",""
"11018",-1,"لگو مدل 11018 سرگرمی خلاقانه اقیانوس LEGO Creative Ocean Fun","",""
"11017",-1,"لگو مدل 11017 هیولاهای خلاق LEGO Creative Monsters","",""
"60401",-1,"لگو مدل 60401 غلتک بخار ساختمانی LEGO Construction Steamroller","",""
"71414",-1,"لگو مدل 71414 ست توسعه لگو Conkdor؛ ضربه به سر بازیکن LEGO Conkdor's Noggin Bopper Expansion Set","",""
"10452","لگو مدل 10452 سفر کمپینگ LEGO Camping Trip",40,60000000,"","success"
"77047",-1,"لگو مدل 77047 خرگوش در فضای باز  LEGO Bunnie's Outdoor Activities","",""
"42623",-1,"لگو مدل 42623 اسکوتر آبی ساحلی  LEGO Beach Water Scooter","",""
"76301",-1,"لگو مدل 76301 بتمن و بت‌موبیل در مقابل آقای فریز","",""
"42197",-1,"لگو مدل 42197 لودر بیل مکانیکی زرد LEGO Backhoe Loader","",""
"42646",-1,"لگو مدل 42646 اتاق پاییزی LEGO Autumn’s Room","",""
"42645",-1,"لگو مدل 42645 اتاق بازی خواهر کوچولوی آلیا LEGO Aliya's Baby Sister's Playroom","",""
"60459",-1,"لگو مدل 60459 ماشین مسابقه ای هواپیما و آمبولانس  LEGO Airplane vs. Hospital Bed Race Car Pack","",""
"40517",-1,"لگو مدل 40517 اسکوتر وسپا قرمز  LEGO Vespa","",""
"72032",-1,"لگو مدل 72032 ماشین مسابقه‌ ای ماریو LEGO Mario Kart™ – Standard Kart","",""
"76907",-1,"لگو مدل 76907 ماشین لوتوس سبز LEGO Lotus Evija","",""
"40650",-1,"لگو مدل 40650 لندرور کلاسیک زرد LEGO Land Rover Classic Defender","",""
"40220",-1,"لگو مدل 40220 اتوبوس دو طبقه قرمز LEGO London Bus","",""
"76908",-1,"لگو مدل 76908 شمارش معکوس لامبورگینی LEGO Lamborghini Countach","",""
"40468",-1,"لگو مدل 40468| تاکسی زرد LEGO Creator Yellow Taxi","",""
"31160",-1,"لگو مدل 31160 | هواپیمای مسابقه‌ای LEGO Creator 3in1","",""
"20594496",-1,"ساک خرید ایکیا مدل SKYNKE طرح‌دار/ چندرنگ/ ۳۶*۴۵ سانتی‌متر","",""
"50597101","ظرف نگهدارنده غذا درب دار ایکیا مدل PRUTA یاسی ۷۰ میلی‌لیتر/ ست ۳ تایی",0,0,0,"success"
"10597099","ظرف نگهدارنده غذا درب دار ایکیا مدل PRUTA سبز ست ۱۷تایی",20,32000000,0,"success"
"10597103","ظرف غذا درب دار ایکیا مدل PRUTA آبی ۰.۶ لیتر",0,0,0,"success"
"80595916",-1,"گلدان ایکیا مدل HASSELBUKETT سبز/ قهوه‌ای ۱۵ سانتی‌متر","",""
"70575947","میز و صندلی ۴ نفره چوبی ایکیا مدل HAGERNAS چوب کاج/ رنگ‌کاری آنتیک",600,990000000,7,"success"
"70577687","چراغ رومیزی قابل تنظیم ایکیا مدل TARNABY زرد تیره ۲۵ سانتی‌متر",90,144000000,14,"success"
"70578451","میز سینی دار ایکیا مدل GLADOM خاکستری تیره - سبز ۵۳*۴۵ سانتی‌متر",80,120000000,0,"success"
"20404887","لوستر سقفی ایکیا مدل NOSUND چوب توس ۴۴ سانتی‌متر",290,464000000,2,"success"
"80580731","شید لوستر ایکیا مدل BLASTANG قطر ۴۵ سانتی‌متر",80,128000000,13,"success"
"80544494","آشپزخانه کودک ایکیا مدل SILLTRUT خاکستری ۱۰۰*۴۰*۶۸ سانتی‌متر",350,577500000,64,"success"
"80584649",-1,"کاور کوسن ایکیا مدل MOSSNYCKLAR مشکی/ خاکستری روشن/ ۵۰*۵۰ سانتی‌متر","",""
"80586163","کاسه مخلوط کن ایکیا مدل VARDAGEN استیل ضد زنگ، ۴ لیتر",20,30000000,74,"success"
"90581867",-1,"سبد ذخیره سازی حصیری ایکیا مدل HOKRUBBA جنس hyacinth آبی ۱۸*۳۵*۲۶ سانتی‌متر","",""
"90585059",-1,"پتو/ شال مبل ایکیا مدل SVARTFRYLE زرد تیره/ خاکستری روشن ۱۷۰*۱۳۰ سانتی‌متر","",""
"19254332","ریل آویزان با قفسه/شبکه دیواری ایکیا مدل KUNGSFORS  استیل ضد زنگ",330,528000000,3,"success"
"59308328","ریل آویزان با قفسه/شبکه دیواری ایکیا مدل KUNGSFORS  استیل ضد زنگ/ بامبو",360,576000000,5,"success"
"49254335","ریل آویز / قفسه / آب‌چکان ظرف/ ایکیا مدل KUNGSFORS   نصب دیواری، استیل ضد زنگ/ چوب زبان‌گنجشک",690,1104000000,3,"success"
"40592566",-1,"سینی چوبی سرو ایکیا مدل GOKVALLA ابعاد ۳۱*۴۹ سانتی‌متر","",""
"00559578",-1,"ست ۳ تایی چاقو ایکیا مدل TIGERBARB خاکستری - فیروزه‌ای","",""
"20582766","ماگ ایکیا مدل MOSSMAL نقطه‌نقطه‌/ سبز روشن/ ۴۵۰ میلی‌لیتر",20,30000000,0,"success"
"30582761","بشقاب کوچک ایکیا مدل MOSSMAL نقطه‌نقطه‌/ سبز روشن/ ۱۸ سانتی‌متر",10,15000000,66,"success"
"90582777","کاسه ایکیا مدل MOSSMAL نقطه‌نقطه‌/ سبز روشن/ ۱۷ سانتی‌متر",10,15000000,6,"success"
"00585389",-1,"ست کاور لحاف و روبالشی ایکیا مدل  EKTANDVINGE ترکیب خاکستری تیره و سفید/ چهارخانه","",""
"60585466",-1,"ست کاور لحاف و روبالشی ایکیا مدل  EKTANDVINGE صورتی روشن / سفید/ چهارخانه","",""
"60585414",-1,"ست کاور لحاف و روبالشی ایکیا مدل  EKTANDVINGE طوسی مایل به سبز روشن / سفید/ چهارخانه","",""
"30591360",-1,"باکس نظم دهنده ایکیا مدل SKOGSDUVA سبز/ سفید/ ۳۳*۳۸*۳۳ سانتی‌متر","",""
"40591270",-1,"باکس نظم دهنده ایکیا مدل SKOGSDUVA چند رنگ/ ۳۳*۳۸*۳۳ سانتی‌متر","",""
"20576794","کاور تشک کودک ایکیا مدل SKOGSDUVA سفید/ زرد/ طرح گل ۲۰۰*۹۰ سانتی‌متر",40,60000000,6,"success"
"00578280",-1,"کیسه ذخیره سازی ایکیا مدل SKOGSDUVA طرح حیوانات جنگلی/ چندرنگ","",""
"00576832","کاور لحاف و روبالشی کودک ایکیا مدل SKOGSDUVA سبز آبی/ طرح جنگل",130,208000000,0,"success"
"90569016",-1,"فلاسک وکیوم ایکیا مدل GOKVALLA آبی روشن ۱.۵ لیتر","",""
"50575905","آباژور رومیزی ایکیا مدل NODMAST صورتی روشن/ سبز خاکستری تیره ۲۵ سانتی‌متر",60,90000000,0,"success"
"40592825","فرش مسطح ایکیا مدل TIPHEDE طبیعی/ مشکی ۵۰*۸۰ سانتی‌متر",10,15000000,212,"success"
"20557168","تخته خردکن/ سرو چوبی ایکیا مدل SMAATA چوب اقاقیا ۲۲*۲۸ سانتی‌متر",40,66000000,9,"success"
"10599499","سبد ذخیره سازی ایکیا مدل SKADIS خاکستری",20,30000000,38,"success"
"00585577",-1,"زیرگلدانی چرخ دار ایکیا مدل OLIVBLAD خاکستری تیره ۳۲ سانتی‌متر","",""
"40304900",-1,"چراغ آویز ایکیا مدل IKEA PS 2014 سفید/ مسی/ قطر ۵۲ سانتی‌متر","",""
"20304901","چراغ آویز ایکیا مدل IKEA PS 2014 سفید/ نقره‌ای/ قطر ۵۲ سانتی‌متر",600,960000000,5,"success"
"50531742","چراغ آویز ایکیا مدل IKEA PS 2014 مشکی/ قطر ۳۵ سانتی‌متر",250,400000000,0,"success"
"90311494","چراغ آویز ایکیا مدل IKEA PS 2014 سفید/ نقره‌ای قطر ۳۵ سانتی‌متر",250,400000000,0,"success"
"40566421",-1,"چراغ آویز ایکیا مدل REMTANG خاکستری - سبز/ قطر ۳۸ سانتی‌متر","",""
"50504772",-1,"چراغ آویز ایکیا مدل SVARTNORA افکت استیل ضدزنگ/ قطر ۳۸ سانتی‌متر","",""
"79574806",-1,"چراغ آویز ایکیا مدل  BLASTANG / HEMMA بژ/ مشکی/ قطر ۴۵ سانتی‌متر","",""
"10549409","چراغ آویز ایکیا مدل MUDDERVERK برنجی / شیشه سفید اپال",200,320000000,5,"success"
"19444083",-1,"چراغ آویز ایکیا مدل REGOLIT / HEMMA سفید ۴۵ سانتی‌متر","",""
"50522479",-1,"لوستر استیل ۶ بازو ایکیا مدل HARMOJA قطر ۶۲ سانتی‌متر","",""
"30357362","چراغ دیوارکوب ایکیا مدل SKURUP مشکی/ نصب با سیم",60,90000000,91,"success"
"10395925","لوستر سقفی ۳ سر ایکیا مدل SKURUP مشکی",100,160000000,2,"success"
"90556684",-1,"صافی سینک ایکیا مدل SKOLAST","",""
"20559172",-1,"چراغ آویز ایکیا مدل BUNKEFLO قرمز/ چوب توس/ ۳۶ سانتی‌متر","",""
"50582784","چراغ آویز ایکیا مدل RODFLIK بژ روشن",150,240000000,16,"success"
"90582758","چراغ آویز ایکیا مدل RODFLIK خاکستری-سبز",150,240000000,0,"success"
"40334921","ریل مغناطیسی استیل ایکیا مدل KUNGSFORS برای نگهداری چاقو",80,120000000,24,"success"
"40371225","آبچکان استیل ایکیا مدل KUNGSFORS",140,224000000,26,"success"
"80571897",-1,"چراغ LED رومیزی ایکیا مدل SOLVINDEN با باتری/ برای فضای باز/ سبز ۲۹ سانتی‌متر","",""
"80571859",-1,"آباژور LED رومیزی ایکیا مدل SOLVINDEN با باتری/ برای فضای باز ۴۵ cm","",""
"70571826",-1,"لوستر LED ایکیا مدل SOLVINDEN بیضی/ برای فضای باز ۳۷ سانتی‌متر","",""
"70571874",-1,"آباژور LED رومیزی ایکیا مدل SOLVINDEN با باتری/ برای فضای باز ۲۴ سانتی‌متر","",""
"60571860",-1,"آباژور LED رومیزی ایکیا مدل SOLVINDEN با باتری/ برای فضای باز ۳۵ سانتی‌متر","",""
"60581821",-1,"گلدان ایکیا مدل FRODD سبز تیره ۲۱ سانتی‌متر","",""
"10461133",-1,"گیاه مصنوعی گلدانی ایکیا مدل FEJKA طرح آویز قلبی قطر ۹ سانتی‌متر","",""
"00395290",-1,"گیاه مصنوعی گلدانی ایکیا مدل FEJKA طرح Ranunculus صورتی قطر ۱۲ سانتی‌متر","",""
"30575124","دستکش فر ایکیا مدل RINNIG طرح دار بژ روشن/خاکستری - سبز/ قهوه ای - قرمز",30,45000000,0,"success"
"10585063",-1,"پتو/ شال مبل ایکیا مدل MANTELFLY مایل به سفید/ خاکستری روشن ۱۷۰*۱۳۰ سانتی‌متر","",""
"10589202",-1,"پتو/ شال مبل ایکیا مدل BRANNBOLL آبی کم‌رنگ/زرد روشن، ۱۷۰*۱۳۰ سانتی‌متر","",""
"00586360","میز کنار مبل چرخ دار ایکیا مدل BRANNBOLL ابعاد ۶۹×۳۹ سانتی‌متر",190,313500000,6,"success"
"30586542",-1,"ست ۳ تایی استند دکوراتیو ایکیا مدل BRANNBOLL","",""
"00580914",-1,"پادری ایکیا مدل TIOKRONA ابعاد ۶۰*۴۰ سانتی‌متر","",""
"60584221",-1,"تخته سرو چوبی ایکیا مدل KRUSTISTEL چوب راش ۲۲*۲۹ سانتی‌متر","",""
"50585787",-1,"استند سرو ایکیا مدل KRUSTISTEL بامبو/ فیروزه‌ای","",""
"50587442","جاشمعی ایکیا مدل VARSYREN قهوه‌ای - نارنجی ۱۲ سانتی‌متر/ طرح فانوس",0,0,65,"success"
"60581784","جاشمعی ایکیا مدل VARSYREN سفید ۱۲ سانتی‌متر/ طرح فانوس",0,0,38,"success"
"50586536","سبد نظم دهنده ایکیا مدل BRANNBOLL پایه‌دار/ خاکستری/ زرد ۳۰*۳۳*۳۰ سانتی‌متر",150,225000000,3,"success"
"50586490","کاسه ایکیا مدل GLADELIG آبی ۱۹ سانتی‌متر",20,30000000,64,"success"
"50576170","آویز چوبی لباس ایکیا مدل STOREDAMM اقاقیا/ حصیر",50,75000000,8,"success"
"30590445","آینه ایکیا مدل LINDBYN دور مشکی ۶۰*۲۸ سانتی‌متر",80,128000000,9,"success"
"30590803",-1,"آینه دیواری ایکیا مدل LINDBYN دور آبی ۵۰ سانتی‌متر","",""
"30590431","قالب استیل برش شیرینی پزی ایکیا مدل LATTBAKAD ست ۴تایی",10,15000000,112,"success"
"70581868",-1,"سبد حصیری ایکیا مدل HOKRUBBA جنس برگ موز","",""
"30579023","ست دوتایی قلاب آویز ایکیا مدل JORDMANEN خاکستری تیره - سبز",10,15000000,78,"success"
"30554635","صندلی بار ایکیا مدل GRONSTA سفید ۶۴ سانتی‌متر",400,660000000,0,"success"
"60554634","صندلی بار ایکیا مدل GRONSTA خاکستری فیروزه‌ای ۶۴ سانتی‌متر",400,660000000,17,"success"
"80587073","روتختی ایکیا مدل JAKOBSLILJA مایل به سفید ۲۵۰*۲۳۰ سانتی‌متر",200,320000000,2,"success"
"20587071","روتختی ایکیا مدل JAKOBSLILJA مایل به سفید ۲۵۰*۱۵۰ سانتی‌متر",150,240000000,4,"success"
"20586156","ست ۴تایی لیوان شیشه ای آبمیوه ایکیا مدل FROJDA شفاف ۴۷۰ میلی‌لیتر",60,90000000,0,"success"
"30584227",-1,"ظرف فر ایکیا مدل POETISK مستطیلی/ سبز روشن ۲۰*۳۰ سانتی‌متر","",""
"20584256",-1,"ظرف فر ایکیا مدل POETISK بیضی/ زرد روشن ۲۱*۳۲ سانتی‌متر","",""
"20581489","لیوان شیشه ای اسپرسو ایکیا مدل POKAL شفاف ۱۰۰ میلی‌لیتر",0,0,0,"success"
"60433939",-1,"گیاه مصنوعی گلدانی ایکیا مدل FEJKA بامبو خانگی قطر ۹ سانتی‌متر","",""
"00428993","چراغ دیواری دوتایی ایکیا مدل NYMANE سیمی/ سفید",150,225000000,19,"success"
"00539203","آباژور رومیزی ایکیا مدل VINDKAST سفید ۲۶ سانتی‌متر",100,150000000,114,"success"
"20450520","لوستر ایکیا مدل VINDKAST سفید ۵۰ سانتی‌متر",150,225000000,21,"success"
"70530100",-1,"نورپردازی دکوراسیون ال ای دی ایکیا مدل BJORKSPIREA برنجی رنگ/ الماسی، ۲ عددی","",""
"69387358","آباژور رومیزی ایکیا مدل RINGSTA / SKAFTET سفید/ پایه نیکل اندود ۵۶ سانتی‌متر",150,247500000,2,"success"
"59387373","آباژور رومیزی ایکیا مدل RINGSTA / SKAFTET سفید/ برنجی ۵۶ سانتی‌متر",150,247500000,2,"success"
"29385691","آباژور رومیزی ایکیا مدل RINGSTA / SKAFTET سفید/ برنجی ۴۱ سانتی‌متر",90,148500000,0,"success"
"79386565","آباژور رومیزی ایکیا مدل RINGSTA / SKAFTET سفید/ نیکل اندود ۴۱ سانتی‌متر",90,148500000,25,"success"
"99387446","آباژور ایستاده ایکیا مدل RINGSTA / SKAFTET سفید/ نیکل اندود",230,379500000,0,"success"
"99387413","آباژور ایستاده ایکیا مدل RINGSTA / SKAFTET سفید/ برنجی",230,379500000,0,"success"
"10586623",-1,"سینی بامبو ایکیا مدل KRUSTISTEL قطر ۳۶ سانتی‌متر","",""
"00584219",-1,"زیر بشقابی ایکیا مدل KRUSTISTEL طرح‌دار نقطه‌ای/ چند رنگ ۴۵*۳۵ سانتی‌متر","",""
"00584224",-1,"رومیزی ایکیا مدل KRUSTISTEL طرح‌دار/ سفید/ بژ روشن ۲۴۰*۱۴۵ سانتی‌متر","",""
"00582461",-1,"ساعت دیواری ایکیا مدل SYKOMORLONN سفید/ آبی ۳۰ سانتی‌متر","",""
"10570518",-1,"کاسه دکوری ایکیا مدل SILKESTRAD قهوه‌ای - قرمز ۱۸ سانتی‌متر","",""
"00570528",-1,"سینی شمع ایکیا مدل SILKESTRAD سبز روشن ۱۸ سانتی‌متر","",""
"70540482",-1,"ساعت رومیزی زنگ دار ایکیا مدل DEKAD سفید قطر ۱۰ سانتی‌متر","",""
"70395300",-1,"گیاه مصنوعی گلدانی ایکیا مدل FEJKA ساکولنت قطر ۹ سانتی‌متر","",""
"70491575",-1,"گیاه مصنوعی گلدانی ایکیا مدل FEJKA بنجامین قطر ۲۱ سانتی‌متر","",""
"80285909",-1,"گلدان و گل مصنوعی ایکیا مدل FEJKA ارکیده سفید قطر ۱۲ سانتی‌متر","",""
"80335773","برگ مصنوعی ایکیا مدل SMYCKA اکالیپتوس/سبز ارتفاع ۶۵ سانتی‌متر",10,16000000,384,"success"
"80409764",-1,"شاخه گل مصنوعی ایکیا مدل SMYCKA لیسیانتوس/صورتی تیره ارتفاع ۶۰ سانتی‌متر","",""
"80519767",-1,"گیاه مصنوعی گلدانی ایکیا مدل FEJKA ساکولنت قطر ۶ سانتی‌متر","",""
"80548185",-1,"گیاه مصنوعی گلدانی ایکیا مدل FEJKA نخل کنتیا قطر ۲۳ سانتی‌متر","",""
"40577467","آباژور ایستاده ۳ شاخه ایکیا مدل HEKTAR قهوه‌ای - قرمز",350,560000000,0,"success"
"60463686","ماهیتابه استیل با روکش نچسب برند ایکیا مدل MIDDAGSMAT قطر ۳۲ سانتی‌متر",80,128000000,0,"success"
"00463689","ماهیتابه استیل با روکش نچسب ایکیا مدل MIDDAGSMAT قطر ۲۸ سانتی‌متر",60,96000000,78,"success"
"50586777","باکس نظم دهنده ایکیا مدل BLADDRA خاکستری ۳۳*۳۸*۳۳ سانتی‌متر",40,60000000,0,"success"
"60591839","لیوان شیشه ای ایکیا مدل ANKEBLOMSTER شفاف ۲۵۰ میلی‌لیتر",0,0,708,"success"
"60581449",-1,"ست ۸ عددی همزن استیل نوشیدنی ایکیا مدل FROJDA","",""
"80581863",-1,"ست ۲ عددی سبد ایکیا مدل SNOPLOG درب‌دار/ جنس صنوبر","",""
"70581849",-1,"ست ۳تایی سبد ایکیا مدل SNOPLOG بامبو","",""
"70595436","نظم دهنده آشپزخانه ایکیا مدل VALVARDAD سفید ۱۲.۹*۹*۲۲.۵ سانتی‌متر",20,30000000,0,"success"
"20595434","جا صابون مایع ایکیا مدل VALVARDAD قهوه ای",10,15000000,81,"success"
"70590797",-1,"آینه ایکیا مدل LINDBYN قرمز ۶۰*۲۸ سانتی‌متر","",""
"70590448","آینه ایکیا مدل LINDBYN مشکی ۵۰ سانتی‌متر",80,132000000,64,"success"
"70588775",-1,"کیف حمل وسایل ایکیا مدل SKYNKE سفید/ چندرنگ ۳۶*۴۵ سانتی‌متر","",""
"70581444",-1,"چنگال استیل سالاد/ دسر ایکیا مدل FROJDA طول ۱۴ سانتی‌متر","",""
"70581321",-1,"دکوری ایکیا مدل FROJDA توپ دیسکو/ افکت کروم ۳۵ سانتی‌متر","",""
"20581408",-1,"سینی استیل ایکیا مدل FROJDA ابعاد ۱۴*۴۴ سانتی‌متر","",""
"20581385","لیوان آبمیوه شیشه ای ایکیا مدل FROJDA شفاف ۴تایی ۲۰۰ میلی‌لیتر",50,75000000,0,"success"
"20590785",-1,"پتو/ شال مبل ایکیا مدل GINSTSACKMAL سیاه/ سفید ۱۷۰*۱۳۰ سانتی‌متر","",""
"10581866",-1,"سبد حصیری ایکیا مدل HOKRUBBA قطر ۳۴ سانتی‌متر","",""
"29009566",-1,"فریم چوبی تختخواب ایکیا مدل TARVA ابعاد ۲۰۰*۱۲۰ سانتی‌متر","",""
"40598002",-1,"گلدان گیاه ایکیا مدل STILREN فیروزه ای تیره قطر ۱۵ سانتی‌متر","",""
"00597995",-1,"گلدان گیاه ایکیا مدل STILREN فیروزه ای تیره","",""
"90597991",-1,"گلدان ایکیا مدل STILREN فیروزه ای روشن ارتفاع ۱۲ سانتی‌متر","",""
"00591795","پتو/ شال مبل ایکیا مدل KLIPPOXEL نارنجی/ صورتی روشن ۱۷۰*۱۳۰ سانتی‌متر",100,160000000,7,"success"
"30584623",-1,"پتو/ شال مبل ایکیا مدل KLIPPOXEL آبی ۱۷۰*۱۳۰ سانتی‌متر","",""
"70584621","پتو/ شال مبل ایکیا مدل KLIPPOXEL رنگ متمایل به سفید ۱۷۰*۱۳۰ سانتی‌متر",100,160000000,43,"success"
"60573623","جعبه جواهرات ایکیا مدل HALSREM ابعاد ۲۱.۸*۳۲.۸ سانتی‌متر",110,165000000,34,"success"
"90574937",-1,"کاسه تزیینی پایه دار ایکیا مدل HACKPOPPEL قهوه ای عرض ۲۴ سانتی‌متر","",""
"00562104","باکس نظم دهنده کشو ایکیا مدل VISSLAAN خاکستری ۹*۳۱*۳۲ سانتی‌متر",70,112000000,13,"success"
"20562117","ست ۳ عددی نظم دهنده کشو ایکیا مدل VISSLAAN خاکستری",30,45000000,35,"success"
"00571698",-1,"گلدان و گیاه مصنوعی ایکیا مدل FEJKA نمونه sandalwood قرمز ۱۹ سانتی‌متر","",""
"50582557",-1,"دسته گل مصنوعی ایکیا مدل SMYCKA نارنجی/ زرد ۴۱ سانتی‌متر","",""
"10582564",-1,"تاج گل مصنوعی ایکیا مدل SMYCKA قهوه ای خشک شده ۴۵ سانتی‌متر","",""
"20409762",-1,"شاخه گل مصنوعی ایکیا مدل SMYCKA ژربرا/ قرمز ارتفاع ۵۰ سانتی‌متر","",""
"00586355","گلدان و گیاه مصنوعی ایکیا مدل FEJKA اسطوخودوس",60,90000000,0,"success"
"30578071",-1,"گلدان و گیاه مصنوعی ایکیا مدل FEJKA پرنده بهشتی/ ۲۳ سانتی‌متر","",""
"00542413",-1,"نورافکن LED گیره ای ایکیا مدل TAGVIRKE مشکی/ باتری خور","",""
"30509558",-1,"شید آباژور ایکیا مدل SKOTTORP خاکستری عرض ۳۳ سانتی‌متر","",""
"00509545",-1,"شید آباژور ایکیا مدل SKOTTORP خاکستری عرض ۱۹ سانتی‌متر","",""
"00541531","آباژور ایستاده ایکیا مدل OKENSAND سفید/ پایه چوب راش",250,400000000,1,"success"
"00533437",-1,"آباژور ایستاده ایکیا مدل  BYGGKORN مشکی/ سفید","",""
"30559261","آباژور ایستاده ایکیا مدل KINNAHULT سفید ۱۵۰ سانتی‌متر",190,313500000,0,"success"
"00424787","نورافکن ایکیا مدل NYMANE با یک سری/ سفید",80,132000000,22,"success"
"00430769",-1,"چراغ سقفی با ۳ لامپ ایکیا مدل DEJSA روکش کروم/ شیشه سفید عقیق","",""
"00404893","نورافکن سقفی ایکیا مدل NAVLINGE سفید ۳ سر",60,99000000,0,"success"
"20431602",-1,"چراغ دیواری ایکیا مدل FRIHULT رنگ برنجی","",""
"40431601","چراغ دیواری ایکیا مدل FRIHULT استیل ضدزنگ",150,247500000,7,"success"
"70405361","شید آباژور ایکیا مدل RINGSTA سفید/ عرض ۴۲ سانتی‌متر",80,128000000,0,"success"
"10405364","شید آباژور ایکیا مدل RINGSTA سفید/ عرض ۳۳ سانتی‌متر",50,80000000,2,"success"
"90404092","شید آباژور ایکیا مدل RINGSTA سفید ۱۹ سانتی‌متر",40,64000000,25,"success"
"29388656","میز و صندلی ۴ نفره بامبو ایکیا مدل VOXLOV / VOXLOV اندازه ۹۰*۱۸۰ سانتی‌متر",2600,4160000000,1,"success"
"60587154","گیاه و گلدان مصنوعی ایکیا مدل FEJKA کاکتوس ۶ سانتی‌متر",0,0,699,"success"
"40568892",-1,"گیاه و گلدان مصنوعی ایکیا مدل FEJKA بامبو ۲۳ سانتی‌متر","",""
"60587173","شاخه گل مصنوعی ایکیا مدل SMYCKA کوکب صورتی ۳۰ سانتی‌متر",0,0,380,"success"
"70504988","آباژور رومیزی ایکیا مدل SAXHYTTAN بژ/ مشکی ۲۶ سانتی‌متر",80,120000000,0,"success"
"50512852",-1,"پرده حمام ایکیا مدل  RANEALVEN سفید/ فیروزه‌ای ۲۰۰*۱۸۰ سانتی‌متر","",""
"50466015",-1,"حلقه استیل پرده حمام ایکیا مدل  RUDSJON بسته ۱۲تایی","",""
"00466008","حلقه پرده حمام ایکیا مدل HASSJON سفید/ بسته ۱۲تایی",0,0,0,"success"
"60496757",-1,"پرده حمام ایکیا مدل ANGSKLOCKA سفید/ آبی ۲۰۰*۱۸۰ سانتی‌متر","",""
"70557415",-1,"پرده حمام ایکیا مدل   SNOJONKVILL سفید/ سبز ۲۰۰*۱۸۰ سانتی‌متر","",""
"60466072",-1,"پرده حمام ایکیا مدل  BASTSJON سفید/ زرد/ یاسی ۲۰۰*۱۸۰ سانتی‌متر","",""
"80466066",-1,"پرده حمام ایکیا مدل  BASTSJON سفید/ خاکستری/ بژ ۲۰۰*۱۸۰ سانتی‌متر","",""
"00557372",-1,"پرده حمام ایکیا مدل  SVARTSTARR سفید/ خاکستری ۲۰۰*۱۸۰ سانتی‌متر","",""
"50487824",-1,"پرده حمام ایکیا مدل VATTENSJON سفید/ آبی/ طرح ماهی ۲۰۰*۱۸۰ سانتی‌متر","",""
"90554538","جعبه نظم دهنده ایکیا مدل VISSLAAN درب دار/ ست ۵تایی/ خاکستری",50,80000000,40,"success"
"70578069",-1,"گلدان مصنوعی پتوس ایکیا مدل FEJKA آویز ۱۲ سانتی‌متر","",""
"40548861",-1,"قاب عکس چوبی ایکیا مدل RODALM ابعاد ۱۵*۱۰ سانتی‌متر","",""
"00579915",-1,"کیسه زیپ دار ایکیا مدل ISTAD سبز روشن طرح‌دار ۲.۵ لیتر ۲۰ عددی","",""
"70579912",-1,"کیسه زیپ دار ایکیا مدل ISTAD یاسی طرح‌دار یک لیتر ۲۰ عددی","",""
"80583739","قهوه/ چای ساز ایکیا مدل UPPHETTA استیل یک لیتر",40,60000000,2,"success"
"50360009",-1,"زیرپایی ایکیا مدل STRANDMON سبز تیره","",""
"50492811",-1,"زیرپایی ایکیا مدل STRANDMON بژ","",""
"50300416",-1,"زیرپایی ایکیا مدل STRANDMON خاکستری تیره","",""
"90456967",-1,"زیرپایی ایکیا مدل STRANDMON مشکی/ بژ","",""
"70444292","ست 2 تایی پیمانه فلزی ایکیا مدل IKEA 365+",20,30000000,14,"success"
"60561187",-1,"لامپ ال ای دی ایکیا مدل MOLNART لوله‌ای/ شیشه شفاف/ پایه E27","",""
"89564604",-1,"صندلی حصیری ایکیا مدل SALNO / GRYTTOM با بالشتک","",""
"50420206","سطل زباله درب دار 35 لیتری ایکیا HALLBAR خاکستری روشن",60,90000000,52,"success"
"90432194","سطل زباله درب دار 3 لیتری ایکیا HALLBAR خاکستری روشن",20,30000000,74,"success"
"20420203","سطل زباله درب دار 22 لیتری ایکیا HALLBAR خاکستری روشن",50,75000000,113,"success"
"00534229",-1,"برس ظرفشویی ایکیا مدل ANTAGEN - نارنجی","",""
"30534223","برس ظرفشویی ایکیا مدل ANTAGEN - سفید",0,0,405,"success"
"60534226","برس ظرفشویی ایکیا مدل ANTAGEN - سبز",0,0,1308,"success"
"50581483","کفگیر ایکیا VARDAGEN استیل/چوب راش، 36 سانتی‌متر",20,30000000,130,"success"
"60581487","رنده دستی ایکیا VARDAGEN استیل/چوب راش، 33 سانتی‌متر",20,30000000,0,"success"
"50581510","درب بازکن بطری/قوطی ایکیا VARDAGEN استیل/چوب راش، 18 سانتی‌متر",20,30000000,162,"success"
"80581486","کفگیر ترنر ایکیا VARDAGEN استیل/چوب راش، 30 سانتی‌متر",20,30000000,304,"success"
"10581507","پوره ساز دستی سیب زمینی ایکیا VARDAGEN استیل/چوب راش، 30 سانتی‌متر",20,30000000,32,"success"
"30581511","آبکش رشته ایکیا VARDAGEN استیل/چوب راش، 30 سانتی‌متر",20,30000000,54,"success"
"30581479","ملاقه ایکیا VARDAGEN استیل/چوب راش، 33 سانتی‌متر",20,30000000,0,"success"
"40581501","انبر آشپزی ایکیا VARDAGEN استیل/چوب راش، 30 سانتی‌متر",20,30000000,0,"success"
"10581480","همزن دستی بالونی ایکیا VARDAGEN استیل/چوب راش، 30 سانتی‌متر",20,30000000,51,"success"
"40359148","ظرف غذا ایکیا مدل IKEA 365+ پلاستیک/ مستطیل یک لیتر",10,15000000,44,"success"
"20586420","ست 7 پارچه لوازم جانبی ایکیا SKADIS سفید",30,45000000,108,"success"
"00335705",-1,"برگ مصنوعی ایکیا مدل SMYCKA مدل Monstera سبز ۸۰ سانتی‌متر","",""
"40335708",-1,"گل مصنوعی ایکیا مدل SMYCKA مدل لیلی صورتی ۸۵ سانتی‌متر","",""
"90493385",-1,"گیاه مصنوعی گلدانی ایکیا مدل FEJKA مدل بونسای ۱۶ سانتی‌متر","",""
"80568890",-1,"گیاه مصنوعی گلدانی ایکیا مدل FEJKA مدل برگ ویولونی ۱۹ سانتی‌متر","",""
"10505684",-1,"بشقاب ایکیا مدل STRIMMIG آبی ۲۷ سانتی‌متر","",""
"50505644",-1,"بشقاب ایکیا مدل STRIMMIG خاکستری ۲۷ سانتی‌متر","",""
"50567670",-1,"بشقاب ایکیا مدل STRIMMIG خاکستری - سبز ۲۷ سانتی‌متر","",""
"40514823","پرده‌کرکره‌ای ایکیا مدل  FONSTERBLAD ابعاد ۱۵۵*۱۰۰ سانتی‌متر - سفید",70,115500000,12,"success"
"10538444","پرده‌کرکره‌ای ایکیا مدل  FONSTERBLAD ابعاد ۱۵۵*۱۰۰ سانتی‌متر - بژ",70,115500000,53,"success"
"40538447","پرده‌کرکره‌ای ایکیا مدل  FONSTERBLAD ابعاد ۱۵۵*۱۲۰ سانتی‌متر - بژ",80,132000000,17,"success"
"10538383","پرده‌کرکره‌ای ایکیا مدل  FONSTERBLAD ابعاد ۱۵۵*۱۲۰ سانتی‌متر - سفید",80,132000000,16,"success"
"50538456","پرده‌کرکره‌ای ایکیا مدل  FONSTERBLAD ابعاد ۱۵۵*۸۰ سانتی‌متر - بژ",60,99000000,18,"success"
"20538392","پرده‌کرکره‌ای ایکیا مدل  FONSTERBLAD ابعاد ۱۵۵*۸۰ سانتی‌متر - سفید",60,99000000,4,"success"
"80538389","پرده‌کرکره‌ای ایکیا مدل  FONSTERBLAD ابعاد ۱۵۵*۶۰ سانتی‌متر - سفید",50,82500000,23,"success"
"20538453","پرده‌کرکره‌ای ایکیا مدل  FONSTERBLAD ابعاد ۱۵۵*۶۰ سانتی‌متر - بژ",50,82500000,30,"success"
"60396866","پرده‌کرکره‌ای ایکیا مدل FRIDANS ابعاد ۱۹۵*۸۰ سانتی‌متر - سفید",90,148500000,21,"success"
"80595695",-1,"پرده‌کرکره‌ای ایکیا مدل FRIDANS ابعاد ۱۹۵*۸۰ سانتی‌متر - زرد","",""
"90396935","پرده‌کرکره‌ای ایکیا مدل FRIDANS ابعاد ۱۹۵*۸۰ سانتی‌متر - خاکستری",90,148500000,5,"success"
"60396908",-1,"پرده‌کرکره‌ای ایکیا مدل FRIDANS ابعاد ۱۹۵*۸۰ سانتی‌متر - آبی","",""
"30396858","پرده‌کرکره‌ای ایکیا مدل FRIDANS ابعاد ۱۹۵*۱۰۰ سانتی‌متر - سفید",100,165000000,14,"success"
"60595696",-1,"پرده‌کرکره‌ای ایکیا مدل FRIDANS ابعاد ۱۹۵*۱۰۰ سانتی‌متر - زرد","",""
"60396913","پرده‌کرکره‌ای ایکیا مدل FRIDANS ابعاد ۱۹۵*۱۰۰ سانتی‌متر - خاکستری",100,165000000,17,"success"
"40396886",-1,"پرده‌کرکره‌ای ایکیا مدل FRIDANS ابعاد ۱۹۵*۱۰۰ سانتی‌متر - آبی","",""
"80396865","پرده‌کرکره‌ای ایکیا مدل FRIDANS ابعاد ۱۹۵*۶۰ سانتی‌متر - سفید",70,115500000,18,"success"
"60396932","پرده‌کرکره‌ای ایکیا مدل FRIDANS ابعاد ۱۹۵*۶۰ سانتی‌متر - خاکستری",70,115500000,23,"success"
"20396905",-1,"پرده‌کرکره‌ای ایکیا مدل FRIDANS ابعاد ۱۹۵*۶۰ سانتی‌متر - آبی","",""
"10396859","پرده‌کرکره‌ای ایکیا مدل  FRIDANS ابعاد ۱۹۵*۱۲۰ سانتی‌متر - سفید",110,181500000,2,"success"
"40595697",-1,"پرده‌کرکره‌ای ایکیا مدل  FRIDANS ابعاد ۱۹۵*۱۲۰ سانتی‌متر - زرد","",""
"70396917","پرده‌کرکره‌ای ایکیا مدل  FRIDANS ابعاد ۱۹۵*۱۲۰ سانتی‌متر - خاکستری",110,181500000,9,"success"
"80396889",-1,"پرده‌کرکره‌ای ایکیا مدل  FRIDANS ابعاد ۱۹۵*۱۲۰ سانتی‌متر - آبی","",""
"50491086","پرده‌کرکره‌ای ایکیا مدل TRETUR ابعاد ۱۹۵*۱۰۰ سانتی‌متر - سفید",190,313500000,23,"success"
"60380460","پرده‌کرکره‌ای ایکیا مدل TRETUR ابعاد ۱۹۵*۱۰۰ سانتی‌متر - خاکستری روشن",190,313500000,1,"success"
"30491087","پرده‌کرکره‌ای ایکیا مدل TRETUR ابعاد ۱۹۵*۱۲۰ سانتی‌متر - سفید",210,346500000,6,"success"
"40380989","پرده‌کرکره‌ای ایکیا مدل TRETUR ابعاد ۱۹۵*۱۲۰ سانتی‌متر - خاکستری روشن",210,346500000,5,"success"
"60575783",-1,"شمعدان ایکیا مدل HOSTAGILLE مشکی ۴ شاخه ۳۷ سانتی‌متر","",""
"70574938",-1,"کاسه دکوری ایکیا مدل HACKPOPPEL آبی ۲۴ سانتی‌متر","",""
"60582509",-1,"گیاه گلدانی ایکیا FEJKA درختچه دودی، 12 سانتی‌متر","",""
"10514042",-1,"باکس ایکیا مدل KUGGIS مشکی شفاف/ درب‌دار ۲۱*۵۴*۳۷ سانتی‌متر","",""
"70515500","باکس ذخیره‌سازی ایکیا مدل DRONJONS سفید ۳۳*۳۷*۳۳ سانتی‌متر",60,99000000,0,"success"
"40543217","باکس ذخیره‌سازی ایکیا مدل PLOGFARA بژ روشن ۳۲*۳۳*۳۵ سانتی‌متر",90,144000000,11,"success"
"80359212","شلف دیواری ایکیا TORNVIKEN خاکستری، 50 سانتی‌متر",140,224000000,7,"success"
"00394422",-1,"قفسه بشقاب ایکیا TORNVIKEN خاکستری، 80x100 سانتی‌متر","",""
"10588778",-1,"چتر تاشو سبز/راه راه ایکیا مدل KNALLA","",""
"60282332","چتر مشکی ایکیا مدل KNALLA",30,45000000,43,"success"
"70539332","لامپ ایکیا مدل LUNNOM ال‌ای‌دی E14 شفاف، ۱۰۰ لومن",20,30000000,54,"success"
"50539347","لامپ ایکیا مدل LUNNOM ال‌ای‌دی E27 گلوب شفاف ۱۵۰ لومن",10,15000000,31,"success"
"20103648","کیف حمل وسایل ایکیا مدل BRATTBY آبی ۲۷*۲۷ سانتی‌متر",0,0,0,"success"
"10559002",-1,"هولدر تبلت ایکیا مدل RELATERA خاکستری روشن - سبز/ با گیره","",""
"50559000","قفسه رومیزی ایکیا مدل RELATERA خاکستری روشن - سبز ۳۷*۴۰",80,128000000,10,"success"
"90558999",-1,"تخته وایت‌برد و تخته تحریر ایکیا مدل RELATERA خاکستری روشن - سبز","",""
"30559001",-1,"نگهدارنده کتاب ایکیا مدل RELATERA خاکستری روشن - سبز","",""
"90325518",-1,"صندلی چرخان ایکیا مدل KULLABERG مشکی","",""
"80554063",-1,"پد روی میز فضایی آبی ایکیا AFTONSPARV","",""
"70554054",-1,"فرش دایره ای فضایی آبی ایکیا AFTONSPARV قطر 133سانتی متر","",""
"60570460",-1,"جعبه نظم دهنده فضایی ایکیا AFTONSPARV","",""
"40551641","ست عروسک انگشتی 5عددی ایکیا AFTONSPARV",30,45000000,529,"success"
"00551544","عروسک خرس قهوه ای فضانورد ایکیا AFTONSPARV",50,75000000,337,"success"
"20562424",-1,"عروسک نرم کودک کره زمین ایکیا AFTONSPARV","",""
"20551538","عروسک گربه فضانورد ایکیا AFTONSPARV",50,75000000,381,"success"
"00551558",-1,"عروسک سبز آدم فضایی ایکیا AFTONSPARV","",""
"70478183",-1,"ست 4 تایی فنجان و نعلبکی سبز مات ایکیا FARGKLAR حجم 70 میلی‌لیتر","",""
"90481820",-1,"ست 4 تایی فنجان و نعلبکی فیروزه ای تیره براق ایکیا FARGKLAR حجم 70 میلی‌لیتر","",""
"40554041","لحاف و روبالشی کودک طرح فضایی زمینه آبی ایکیا AFTONSPARV",130,195000000,0,"success"
"70485433",-1,"ست 4 تایی فنجان و نعلبکی قهوه ای براق ایکیا FARGKLAR حجم 70 میلی‌لیتر","",""
"00483630",-1,"ست 4 تایی فنجان و نعلبکی بژ براق ایکیا FARGKLAR حجم 70 میلی‌لیتر","",""
"50481822",-1,"ست 4 تایی فنجان و نعلبکی فیروزه ای روشن مات ایکیا FARGKLAR حجم 70 میلی‌لیتر","",""
"00481829",-1,"ست 4 تایی فنجان و نعلبکی فیروزه ای روشن مات ایکیا FARGKLAR حجم 250 میلی‌لیتر","",""
"70478159",-1,"ست 4 تایی فنجان و نعلبکی سبز مات ایکیا FARGKLAR حجم 250 میلی‌لیتر","",""
"40481827",-1,"ست 4 تایی فنجان و نعلبکی فیروزه ای تیره براق ایکیا FARGKLAR حجم 250 میلی‌لیتر","",""
"90477168","ست 4 تایی پیش دستی فیروزه ای روشن مات ایکیا FARGKLAR قطر 20 سانتی‌متر",40,60000000,16,"success"
"80478210",-1,"ست 4 تایی پیش دستی صورتی روشن مات ایکیا FARGKLAR قطر 20 سانتی‌متر","",""
"40478207","ست 4 تایی پیش دستی سبز مات ایکیا FARGKLAR قطر 20 سانتی‌متر",40,60000000,52,"success"
"00479421","ست 4 تایی پیش دستی خاکستری تیره مات ایکیا FARGKLAR قطر 20 سانتی‌متر",40,60000000,9,"success"
"30477166",-1,"ست 4 تایی پیش دستی فیروزه ای تیره براق ایکیا FARGKLAR قطر 20 سانتی‌متر","",""
"30485454",-1,"ست 4 تایی پیش دستی قهوه ای براق ایکیا FARGKLAR قطر 20 سانتی‌متر","",""
"20479651",-1,"ست 4 تایی پیش دستی بژ براق ایکیا FARGKLAR قطر 20 سانتی‌متر","",""
"50554050","لحاف و روبالشی کودک طرح فضایی ایکیا AFTONSPARV",80,128000000,0,"success"
"20556461",-1,"خانه بازی سفید/قرمز موشکی ایکیا AFTONSPARV","",""
"70582504",-1,"گیاه مصنوعی هیثر سبز ایکیا FEJKA قطر 9 سانتی متر","",""
"50582500",-1,"گیاه حسن یوسف مصنوعی قرمز ایکیا FEJKA قطر 9 سانتی متر","",""
"60582477",-1,"ست 3 تایی گیاه برگ مصنوعی با گلدان ایکیا FEJKA قطر گلدان 6 سانتی‌متر","",""
"40479631",-1,"ست 4 تایی کاسه بژ براق ایکیا FARGKLAR قطر 16 سانتی‌متر","",""
"70485428",-1,"ست 4 تایی کاسه قهوه ای براق ایکیا FARGKLAR قطر 16 سانتی‌متر","",""
"70575377",-1,"لیوان شیشه ای ایکیا HOSTAGILLE حجم 30 سانتی لیتر","",""
"50561809","کاور کوسن ایکیا LAGERPOPPEL زرد-بژ، 50x50 سانتی‌متر",20,30000000,18,"success"
"40561800","کاور کوسن ایکیا LAGERPOPPEL سفید شیری، 50x50 سانتی‌متر",20,30000000,17,"success"
"20561801","کاور کوسن ایکیا LAGERPOPPEL صورتی روشن، 50x50 سانتی‌متر",20,30000000,0,"success"
"90477192",-1,"ست 4 تایی کاسه فیروزه ای تیره براق ایکیا FARGKLAR قطر 16 سانتی‌متر","",""
"50561814","کاور کوسن آبی خاکستری روشن ایکیا LAGERPOPPEL ابعاد 50x50",20,30000000,34,"success"
"40569924","ظرف آویز ایکیا SKADIS مشکی",10,15000000,76,"success"
"50578032",-1,"ظرف آویز ایکیا SKADIS سبز تیره","",""
"80561803","کاور کوسن ایکیا LAGERPOPPEL آبی-خاکستری، 50x50 سانتی‌متر",20,30000000,48,"success"
"10561811","کاور کوسن ایکیا LAGERPOPPEL سبز-خاکستری، 50x50 سانتی‌متر",20,30000000,0,"success"
"70564147",-1,"لامپ لومن 470 LED ایکیا SOLHETTA پایه E27","",""
"20479359",-1,"ست 4 تایی کاسه خاکستری تیره مات ایکیا FARGKLAR قطر 16 سانتی‌متر","",""
"10477191","ست 4 تایی کاسه فیروزه ای روشن مات ایکیا FARGKLAR قطر 16 سانتی‌متر",40,60000000,7,"success"
"70478140",-1,"ست 4 تایی کاسه صورتی روشن مات ایکیا FARGKLAR قطر 16 سانتی‌متر","",""
"90479638",-1,"ست 4 تایی بشقاب گود بژ براق ایکیا FARGKLAR قطر 19 سانتی‌متر","",""
"20485435",-1,"ست 4 تایی بشقاب گود قهوه ای براق ایکیا FARGKLAR قطر 19 سانتی‌متر","",""
"10477172",-1,"ست 4 تایی بشقاب گود فیروزه ای تیره براق ایکیا FARGKLAR قطر 19 سانتی‌متر","",""
"60479376",-1,"ست 4 تایی بشقاب گود خاکستری تیره مات ایکیا FARGKLAR قطر 19 سانتی‌متر","",""
"70477174",-1,"ست 4 تایی بشقاب گود فیروزه ای روشن مات ایکیا FARGKLAR قطر 19 سانتی‌متر","",""
"00477158","ست 4 تایی بشقاب فیروزه ای روشن مات ایکیا FARGKLAR قطر 26 سانتی‌متر",50,75000000,14,"success"
"30478180",-1,"ست 4 تایی بشقاب صورتی روشن مات ایکیا FARGKLAR قطر 26 سانتی‌متر","",""
"90478177","ست 4 تایی بشقاب سبز مات ایکیا FARGKLAR قطر 26 سانتی‌متر",50,75000000,0,"success"
"20477162",-1,"ست 4 تایی بشقاب فیروزه ای تیره براق ایکیا FARGKLAR قطر 26 سانتی‌متر","",""
"70485447",-1,"ست 4 تایی بشقاب قهوه ای براق ایکیا FARGKLAR قطر 26 سانتی‌متر","",""
"20483634",-1,"ست 4 تایی بشقاب بژ براق ایکیا FARGKLAR قطر 26 سانتی‌متر","",""
"60566892",-1,"جا لباسی ایستاده ایکیا EKRAR زرد تیره، 169 سانتی‌متر","",""
"10415594","جا لباسی ایستاده ایکیا EKRAR سفید، 169 سانتی‌متر",100,165000000,53,"success"
"40554244",-1,"فرش چهارخونه سفید/مشکی ایکیا KLASSRUM سایز 170x240 سانتی‌متر","",""
"80551106",-1,"فرش چهارخونه سفید/مشکی ایکیا KLASSRUM سایز 133x195 سانتی‌متر","",""
"00555863",-1,"فرش چهارخونه سفید/سبز ایکیا KLASSRUM سایز 133x195 سانتی‌متر","",""
"90567060",-1,"فرش چهارخونه سفید/مشکی ایکیا KLASSRUM سایز 60x120 سانتی‌متر","",""
"30567732","ست 8 تایی گیره و حلقه لباس آویز ایکیا SLIBB سبز",10,15000000,38,"success"
"20506466","رخت آویز 2 طبقه ایکیا SLIBB خاکستری، 78x46x185 سانتی‌متر",110,165000000,0,"success"
"70567768","ست 3 تایی چوب لباسی سبز ایکیا SLIBB",10,15000000,373,"success"
"30567770","ست 2 تایی گیره لباس بزرگ ایکیا SLIBB آبی/سبز",0,0,17,"success"
"30441115",-1,"آویز خشک کن لباس 2 طبقه ایکیا SLIBB توری/سفید","",""
"20567723","سبد رخت پلاستیکی ایکیا SLIBB سبز، 24 لیتر",20,32000000,0,"success"
"30567765","سبد رخت پلاستیکی ایکیا SLIBB آبی، 24 لیتر",20,30000000,0,"success"
"30567727",-1,"آویز لباس با 8 عدد گیره ایکیا SLIBB سبز","",""
"79564609",-1,"نیمکت حصیری ایکیا SALNO/GRYTTOM با پد نشیمن","",""
"19534413","صندلی راحتی حصیری ایکیا SALNO/GRYTTOM با کوسن نشیمن",690,1138500000,6,"success"
"20537552",-1,"پارچ شیر/خامه ایکیا GLADELIG خاکستری، ۰.۴ لیتر","",""
"40503626","ماگ آبی ایکیا GLADELIG حجم ۳۷۰ سی‌ سی",10,16500000,59,"success"
"70503639",-1,"ست 4 تایی پیش‌ دستی آبی ایکیا GLADELIG قطر ۲۰ سانتی‌متر","",""
"10503623",-1,"ست 4 تایی بشقاب گود آبی ایکیا GLADELIG قطر ۲۱ سانتی‌متر","",""
"20503646",-1,"ست 4 تایی دیس آبی ایکیا GLADELIG سایز 12x7 سانتی‌متر","",""
"60503630",-1,"ست 2 تایی دیس آبی ایکیا GLADELIG سایز 20x13 سانتی‌متر","",""
"30503636","دیس آبی ایکیا GLADELIG سایز 31x19 سانتی‌متر",40,66000000,9,"success"
"20503632",-1,"ست 4 تایی بشقاب آبی ایکیا GLADELIG قطر ۲۵ سانتی‌متر","",""
"10503618",-1,"ست 4 تایی کاسه آبی ایکیا GLADELIG قطر ۱۱ سانتی‌متر","",""
"70503620",-1,"ست 4 تایی کاسه آبی ایکیا GLADELIG قطر ۱۴ سانتی‌متر","",""
"10588684",-1,"سرویس ۱۸ پارچه ظروف غذاخوری طوسی ایکیا GLADELIG","",""
"80588685","سرویس ۱۸ پارچه ظروف غذاخوری آبی ایکیا GLADELIG",240,396000000,0,"success"
"50591062","باکس نظم‌ دهنده ایکیا SKUBB خاکستری تیره، 90x53x19 سانتی‌متر",50,75000000,177,"success"
"20591049","باکس نظم‌ دهنده ایکیا SKUBB سفید، 90x53x19 سانتی‌متر",50,75000000,130,"success"
"60591047","باکس نظم‌ دهنده ایکیا SKUBB سفید، 43x53x19 سانتی‌متر",20,30000000,250,"success"
"60591052","باکس نظم‌ دهنده ایکیا SKUBB خاکستری تیره، 43x53x19 سانتی‌متر",20,30000000,261,"success"
"10591059","باکس نظم‌ دهنده ایکیا SKUBB سفید، 65x53x19 سانتی‌متر",40,60000000,95,"success"
"70591056","باکس نظم‌ دهنده ایکیا SKUBB خاکستری تیره، 65x53x19 سانتی‌متر",40,60000000,64,"success"
"30551203",-1,"نیمکت حصیری ایکیا SALNO","",""
"50551202",-1,"صندلی راحتی حصیری ایکیا SALNO","",""
"90574174",-1,"میز چرخ‌دار حصیری ایکیا FRYKSAS سایز 37x53 سانتی‌متر","",""
"80534701","استند لپ‌ تاپ ایکیا DUBBLA سفید، سایز 60x40 سانتی‌متر",150,247500000,11,"success"
"50573949",-1,"پاتختی ایکیا HEMNES آبی، 46x35 سانتی‌متر","",""
"40392459",-1,"پاتختی ایکیا HEMNES خاکستری، 46x35 سانتی‌متر","",""
"80585795",-1,"پاتختی ایکیا HEMNES زرد، 46x35 سانتی‌متر","",""
"00535894","صندلی راحتی ایکیا ARSUNDA خاکستری روشن کنیسا",200,330000000,23,"success"
"80569234","میز کنار تخت ایکیا HATTASEN سفید",100,165000000,9,"success"
"00569233",-1,"میز کنار تخت ایکیا HATTASEN سبز-خاکستری","",""
"40569231",-1,"میز کنار تخت ایکیا HATTASEN مشکی","",""
"10584191",-1,"میز کنار تخت ایکیا HATTASEN صورتی","",""
"90584192",-1,"میز کنار تخت ایکیا HATTASEN آبی فیروزه‌ ای","",""
"19574814",-1,"لوستر چوبی ایکیا DYKARKLOCKA/HEMMA با سرپیچ آویز مشکی، قطر 40 سانتی‌متر","",""
"39574813",-1,"لوستر چوبی ایکیا DYKARKLOCKA/HEMMA با سرپیچ آویز سفید، قطر 40 سانتی‌متر","",""
"10557244",-1,"شید لوستر ایکیا DYKARKLOCKA روکش چوب بلوط سفید رنگ شده، قطر 40 سانتی‌متر","",""
"60563431","ست 2 تایی قیچی ایکیا SVARDFISK خاکستری/طوسی-فیروزه ای",10,15000000,246,"success"
"50219765","لیوان شیشه ای شفاف ایکیا PLANERA حجم ۴۵۰ سی‌ سی",10,15000000,331,"success"
"00219763","لیوان شیشه ای شفاف ایکیا PLANERA حجم ۳۰۰ سی‌ سی",10,15000000,629,"success"
"80561351","ست 2 تایی لیسک ایکیا BACKRODING سیلیکونی با دسته چوبی، سبز-طوسی تیره",20,30000000,134,"success"
"50559533",-1,"جعبه ایکیا FANGGRODA سایز 48x18x14 سانتی‌متر، طوسی روشن","",""
"70559527","جعبه ایکیا FANGGRODA سایز 35x24x14 سانتی‌متر، طوسی روشن",20,33000000,22,"success"
"90511233",-1,"صندلی بار ایکیا RONNINGE چوب توس، ارتفاع ۷۵ سانتی‌متر","",""
"50412895",-1,"صندلی سبز ایکیا RONNINGE","",""
"10588108","شلف ایستاده سفید ایکیا FROSJON سایز 40x156 سانتی‌متر",190,313500000,0,"success"
"30574902","شلف ایستاده مشکی ایکیا FROSJON سایز 40x156 سانتی‌متر",190,313500000,26,"success"
"70574900","شلف ایستاده مشکی ایکیا FROSJON سایز 40x96 سانتی‌متر",100,165000000,0,"success"
"30588107","شلف ایستاده سفید ایکیا FROSJON سایز 40x96 سانتی‌متر",100,165000000,3,"success"
"10574899","شلف گوشه دیواری مشکی ایکیا FROSJON سایز 35x156 سانتی‌متر",200,330000000,0,"success"
"50588106","شلف گوشه دیواری سفید ایکیا FROSJON سایز 35x156 سانتی‌متر",200,330000000,0,"success"
"90574904","شلف دیواری مشکی ایکیا FROSJON سایز 40x51 سانتی‌متر",100,165000000,0,"success"
"40574906","ترولی مشکی ایکیا FROSJON سایز 55x35 سانتی‌متر",100,165000000,0,"success"
"90581966","سرویس ۲۴ پارچه قاشق و چنگال ایکیا FORNUFT رزگلد",140,210000000,71,"success"
"00581796","ست 2 تایی کیسه سیب زمینی ایکیا GULLRISMOTT",20,30000000,0,"success"
"40581803","ست 2 تایی کیسه حبوبات ایکیا GULLRISMOTT ظرفیت 3.3 لیتر",20,30000000,0,"success"
"60581798","کیسه نان ایکیا GULLRISMOTT سایز 29x22x20 سانتی‌متر",10,15000000,0,"success"
"30586293","ظرف اسنک ایکیا SPLITTERNY شفاف/خاکستری روشن - قهوه‌ای",10,15000000,0,"success"
"50582699","استند چاقو ایکیا VIMPELFISK بامبو/خاکستری-فیروزه‌ای",40,64000000,0,"success"
"30581648","جا قاشق و چنگال ایکیا VIMPELFISK بامبو/خاکستری-فیروزه‌ای",40,64000000,0,"success"
"10537270","سینی بامبو با ۳ کاسه رنگی ایکیا TRADTICKA",80,128000000,0,"success"
"10581055","روتختی پنبه طبیعی رنگ نشده ایکیا INDIRA سایز 150x250 سانتی‌متر",80,120000000,0,"success"
"70567725","ست 24 تایی گیره لباس آویز ایکیا SLIBB سبز",40,60000000,65,"success"
"90567748","ست 8 تایی گیره لباس ایکیا SLIBB سبز",0,0,0,"success"
"20582629",-1,"روتختی زرد-بژ ایکیا INDIRA سایز 150x250 سانتی‌متر","",""
"70582622",-1,"روتختی سبز-خاکستری ایکیا INDIRA سایز 150x250 سانتی‌متر","",""
"40582633","روتختی خاکستری تیره-آبی ایکیا INDIRA سایز 150x250 سانتی‌متر",80,120000000,0,"success"
"20582634","روتختی خاکستری تیره-آبی ایکیا INDIRA سایز 230x250 سانتی‌متر",130,195000000,12,"success"
"90506854",-1,"روتختی آبی روشن ایکیا INDIRA سایز 230x250 سانتی‌متر","",""
"00582625",-1,"روتختی سبز-خاکستری ایکیا INDIRA سایز 230x250 سانتی‌متر","",""
"20580847",-1,"ترولی سه طبقه زرد ایکیا NISSAFORS سایز 50.5x30x83 سانتی‌متر","",""
"40585801","ترولی سه طبقه بژ ایکیا NISSAFORS سایز 50.5x30x83 سانتی‌متر",80,132000000,0,"success"
"79502230",-1,"ست 4 تایی حوله دست خاکستری ایکیا VAGSJON","",""
"09505958",-1,"ست 4 تایی حوله دست/استخری خاکستری ایکیا VAGSJON","",""
"20350988",-1,"حوله حمام سفید ایکیا VAGSJON سایز 100x150 سانتی‌متر","",""
"50494612",-1,"حوله حمام بژ روشن ایکیا VAGSJON سایز 100x150 سانتی‌متر","",""
"20549507",-1,"حوله حمام زرد طلایی ایکیا VAGSJON سایز 100x150 سانتی‌متر","",""
"50353612",-1,"حوله حمام خاکستری تیره ایکیا VAGSJON سایز 100x150 سانتی‌متر","",""
"80571086",-1,"حوله حمام صورتی ایکیا VAGSJON سایز 100x150 سانتی‌متر","",""
"60571129",-1,"حوله حمام سبز ایکیا VAGSJON سایز 100x150 سانتی‌متر","",""
"20576256",-1,"حوله حمام آبی ایکیا VAGSJON سایز 100x150 سانتی‌متر","",""
"80350985",-1,"حوله استخری سفید ایکیا VAGSJON سایز 70x140 سانتی‌متر","",""
"10494609",-1,"حوله استخری بژ روشن ایکیا VAGSJON سایز 70x140 سانتی‌متر","",""
"90549504",-1,"حوله استخری زرد طلایی ایکیا VAGSJON سایز 70x140 سانتی‌متر","",""
"30353608",-1,"حوله استخری خاکستری تیره ایکیا VAGSJON سایز 70x140 سانتی‌متر","",""
"50571083",-1,"حوله استخری صورتی ایکیا VAGSJON سایز 70x140 سانتی‌متر","",""
"20571126",-1,"حوله استخری سبز ایکیا VAGSJON سایز 70x140 سانتی‌متر","",""
"70576254",-1,"حوله استخری آبی ایکیا VAGSJON سایز 70x140 سانتی‌متر","",""
"70581057","روتختی پنبه طبیعی رنگ نشده ایکیا INDIRA سایز 230x250 سانتی‌متر",130,195000000,79,"success"
"00582630",-1,"روتختی زرد-بژ ایکیا INDIRA سایز 230x250 سانتی‌متر","",""
"90573004",-1,"کوسن صندلی خاکستری ایکیا VATTENMOTT سایز 40x38x5 سانتی‌متر","",""
"10579670",-1,"حوله دست و صورت سفید ایکیا GULVIAL سایز 30x30 سانتی‌متر","",""
"60579700",-1,"حوله دست و صورت فیروزه ای ایکیا GULVIAL سایز 30x30 سانتی‌متر","",""
"00579736",-1,"حوله دست و صورت سبز کمرنگ ایکیا GULVIAL سایز 30x30 سانتی‌متر","",""
"10579726",-1,"حوله دست و صورت صورتی کمرنگ ایکیا GULVIAL سایز 30x30 سانتی‌متر","",""
"20579716",-1,"حوله دست و صورت آبی ایکیا GULVIAL سایز 30x30 سانتی‌متر","",""
"00579680",-1,"حوله دست و صورت مشکی ایکیا GULVIAL سایز 30x30 سانتی‌متر","",""
"50579381","کفگیر آبکش ایکیا IDEALISK استیل ضد زنگ",20,30000000,0,"success"
"90579690",-1,"حوله دست و صورت بژ ایکیا GULVIAL سایز 30x30 سانتی‌متر","",""
"90579666",-1,"حوله دستی سفید ایکیا GULVIAL سایز 40x70 سانتی‌متر","",""
"10579868","حوله استخری سفید ایکیا LUDDVIAL سایز 55x120 سانتی‌متر",10,15000000,534,"success"
"70579870","حوله دستی سفید ایکیا LUDDVIAL سایز 40x60 سانتی‌متر",0,0,46,"success"
"30579872","ست 4 تایی حوله دست و صورت سفید ایکیا LUDDVIAL سایز 25x25 سانتی‌متر",10,15000000,4,"success"
"30579377","اسکوپ بستنی اهرم دار ایکیا IDEALISK استیل ضد زنگ",20,30000000,0,"success"
"90573320","انبر آشپزخانه ایکیا IDEALISK استیل ضد زنگ",20,30000000,0,"success"
"70579375",-1,"انبر آشپزی و سرو ایکیا IDEALISK استیل ضد زنگ","",""
"30581243",-1,"ست 4 تایی لیوان صورتی-طوسی ایکیا BROKROCKA حجم ۳۱۰ میلی‌لیتر","",""
"80571473",-1,"چای/قهوه ساز ایکیا UPPHETTA طوسی تیره-فیروزه ای، حجم 1 لیتر","",""
"00581800","سبد میوه و سبزیجات 2 طبقه بامبو ایکیا KANELMOTT",150,225000000,0,"success"
"60574298","آبچکان ظروف ایکیا STAMLING سبز-طوسی روشن، ۴۸ سانتی‌متر",10,15000000,0,"success"
"70565948","آبچکان ظروف ایکیا STAMLING سفید استخوانی، ۴۸ سانتی‌متر",10,15000000,0,"success"
"70568862",-1,"جعبه دستمال‌ کاغذی 100تایی طرح‌دار قهوه‌ای روشن/سبز ایکیا NABBFISK سایز 16x32 سانتی‌متر","",""
"90571123",-1,"قالب پای ایکیا NABBFISK سفید/سبز تیره، قطر ۲۴ سانتی‌متر","",""
"90569747",-1,"هولدر دستمال‌ کاغذی طرح‌دار سبز ایکیا NABBFISK سایز 15x22 سانتی‌متر","",""
"60571011",-1,"کلمن شفاف ایکیا NABBFISK زرد روشن ۴ لیتری","",""
"70570983",-1,"بسته 65 تایی قالب کاغذی کاپ کیک صورتی ایکیا NABBFISK","",""
"00571556",-1,"دیس سرو طرح‌دار سبز ایکیا NABBFISK سایز 32x18 سانتی‌متر","",""
"20568869",-1,"پک 30 تایی دستمال‌ کاغذی طرح‌دار سیاه/سفید ایکیا NABBFISK سایز 38x38 سانتی‌متر","",""
"80568866",-1,"پک 30 تایی دستمال‌ کاغذی طرح‌دار زرد/سبز ایکیا NABBFISK سایز 24x24 سانتی‌متر","",""
"70571119",-1,"ست 4 تایی اسپورک ایکیا NABBFISK استیل ضد زنگ، ۱۷ سانتی‌متر","",""
"10571122",-1,"ست 4 تایی دستمال‌ سفره ایکیا NABBFISK صورتی روشن/سفید، سایز 30x30 سانتی‌متر","",""
"50574227",-1,"ست 2 عددی تخته سرو/برش ایکیا NABBFISK چوب راش","",""
"90571081",-1,"رومیزی مستطیلی سبز تیره/استخوانی ایکیا NABBFISK طرح‌دار، سایز 145x240 سانتی‌متر","",""
"50571078",-1,"رومیزی دایره ای زرد/سبز/سفید ایکیا NABBFISK طرح‌دار، قطر ۱۵۰ سانتی‌متر","",""
"20571070",-1,"کیف خنک‌ نگهدارنده ایکیا NABBFISK طرح‌دار زرد/سفید، سایز 26x19x19 سانتی‌متر","",""
"60571073",-1,"کیف خنک‌ نگهدارنده ایکیا NABBFISK طرح‌دار/سبز، سایز 36x26x22 سانتی‌متر","",""
"20574016","لیوان آبی روشن ایکیا POKAL حجم ۳۵۰ میلی‌لیتر",10,16000000,71,"success"
"60574019",-1,"لیوان بنفش روشن ایکیا POKAL حجم ۳۵۰ میلی‌لیتر","",""
"20579066","سینی دسته دار بامبو ایکیا GRONFISK سفید، سایز 46x30 سانتی‌متر",50,80000000,39,"success"
"50561828","ست 2 عددی ماگ ایکیا PIGGAL سبز/سفید",20,30000000,35,"success"
"00567984","قوطی چای/قهوه بامبو ایکیا RODMULLE به همراه قاشق",20,30000000,40,"success"
"70565854","دستکش ظرفشویی زرد روشن/سفید استخوانی ایکیا RINNIG سایز S",10,15000000,1685,"success"
"10565852","دستکش ظرفشویی زرد روشن/سفید استخوانی ایکیا RINNIG سایز M",10,15000000,1038,"success"
"20565856","برس ظرفشویی ایکیا RINNIG زرد روشن/سفید استخوانی",0,0,0,"success"
"20576652",-1,"پارچ طرح‌دار ایکیا VARDAGEN سبز-خاکستری تیره، ۲ لیتری","",""
"50556431",-1,"صندلی گردان ایکیا STIGBYGEL با دسته، بژ/سفید","",""
"30556314",-1,"قالب مافین نچسب ایکیا MANTAGG خاکستری تیره، سایز 38x27 سانتی‌متر","",""
"50556308",-1,"قالب پای نچسب ایکیا MANTAGG خاکستری تیره، قطر 30 سانتی‌متر","",""
"20556296",-1,"قالب نچسب ایکیا MANTAGG خاکستری تیره، 40x29 سانتی‌متر","",""
"39563169",-1,"صندلی راحتی و زیرپایی حصیری ایکیا FRYKSAS به همراه 2 عدد کوسن طبیعی ریسان","",""
"40582685",-1,"پتو/شال مبل چهارخانه ایکیا SKUGGBRAKEN چند رنگ، 120x160 سانتی‌متر","",""
"89563162",-1,"زیرپایی حصیری به همراه کوسن ریسان/طبیعی ایکیا FRYKSAS","",""
"29563155",-1,"صندلی راحتی به همراه کوسن ریسان/طبیعی ایکیا FRYKSAS","",""
"40339867","قفل ایمنی کشو چندگانه 2 عددی ایکیا UNDVIKA سفید",20,30000000,221,"success"
"00487906",-1,"ست 2 تایی قفل پنجره ایکیا UNDVIKA سفید","",""
"90574094",-1,"زیرپایی حصیری ایکیا FRYKSAS","",""
"40574176",-1,"کوسن صندلی ایکیا FRYKSAS طبیعی ریسان، 52x47 سانتی‌متر","",""
"80540033",-1,"صندلی راحتی حصیری ایکیا FRYKSAS","",""
"60574104",-1,"میز تحریر حصیری ایکیا FRYKSAS سایز 110x54 سانتی‌متر","",""
"10549348",-1,"شلف دیواری ایکیا FRYKSAS حصیری، 60x20 سانتی‌متر","",""
"00546897","میز تاشو ایکیا GUNDE مشکی، 67x67 سانتی متر",140,231000000,14,"success"
"90570406",-1,"صندلی بدون پشتی تاشو ایکیا GUNDE سفید","",""
"40570404","صندلی بدون پشتی تاشو ایکیا GUNDE مشکی",40,66000000,3,"success"
"79555742",-1,"چراغ رومیزی با لامپ ایکیا ACKJA / MOLNART شیشه طرح‌دار","",""
"09555590",-1,"چراغ رومیزی با لامپ ایکیا ACKJA / MOLNART شیشه خاکستری","",""
"70572369","حوله تن‌پوش نوزاد ایکیا GRONFINK کلاه‌دار/زرد، 80x80 سانتی‌متر",30,45000000,0,"success"
"70575122","زیر بشقابی کودک ایکیا GRONFINK قرمز/سبز، 30x40 سانتی‌متر",10,15000000,150,"success"
"60572379","کاور لحاف و روبالشی کودک ایکیا GRONFINK راه راه/رنگی، 110x125/35x55 سانتی‌متر",50,75000000,0,"success"
"60572398",-1,"زیرانداز تعویض پوشک نوزاد ایکیا GRONFINK تاشو/سبز، 70x35 سانتی‌متر","",""
"60572416",-1,"پتو کودک ایکیا GRONFINK سبز/طرح درخت، 80x100 سانتی‌متر","",""
"60584711","ست 2 عددی پیش‌بند کودک ایکیا GRONFINK سبز و طرح‌دار",20,30000000,56,"success"
"30572413","زیر بشقابی کودک ایکیا GRONFINK چند رنگ، 30x40 سانتی‌متر",10,15000000,303,"success"
"20572381","ملحفه کشدار نوزاد ایکیا GRONFINK سفید/طرح‌ درخت، 60x120 سانتی‌متر",30,45000000,43,"success"
"10572409","ست 2 عددی پیش‌بند کودک ایکیا GRONFINK سبز/زرد",10,15000000,90,"success"
"00572377","کاور لحاف و روبالشی کودک ایکیا GRONFINK چند رنگ، 110x125/35x55 سانتی‌متر",30,45000000,37,"success"
"80572364","ست روتختی ۳ تکه کودک ایکیا GRONFINK سبز/فیروزه‌ای",80,120000000,18,"success"
"00540188",-1,"چشم‌ بند خواب ایکیا STJARNANEMON سبز-خاکستری","",""
"70579295",-1,"کاور لحاف و روبالشی ایکیا SYRABLADMAL چند رنگ/چهارخانه، 150x200/50x80 سانتی‌متر","",""
"60579286",-1,"کاور لحاف و 2 عدد روبالشی ایکیا SYRABLADMAL چند رنگ/چهارخانه، 240x220/50x80 سانتی‌متر","",""
"40579310",-1,"کاور لحاف و 2 عدد روبالشی ایکیا MURREVA چند رنگ/ گل‌دار، 240x220/50x80 سانتی‌متر","",""
"30579320",-1,"کاور لحاف و روبالشی ایکیا MURREVA چند رنگ/ گل‌دار، 150x200/50x80 سانتی‌متر","",""
"80582805",-1,"کاور کوسن ایکیا MURREVA چند رنگ، 50x50 سانتی متر","",""
"90576031",-1,"حوله دست راه راه مشکی/بژ روشن ایکیا SLANHOSTMAL سایز 40x70 سانتی‌متر","",""
"80576041",-1,"حوله دست راه راه آبی روشن/آبی پررنگ ایکیا SLANHOSTMAL سایز 40x70 سانتی‌متر","",""
"30577222",-1,"حوله دست راه راه نارنجی/صورتی ایکیا SLANHOSTMAL سایز 40x70 سانتی‌متر","",""
"30577217",-1,"حوله استخری راه راه نارنجی/صورتی ایکیا SLANHOSTMAL سایز 70x140 سانتی‌متر","",""
"60576037",-1,"حوله استخری راه راه آبی روشن/آبی پررنگ ایکیا SLANHOSTMAL سایز 70x140 سانتی‌متر","",""
"70576027",-1,"حوله استخری راه راه مشکی/بژ روشن ایکیا SLANHOSTMAL سایز 70x140 سانتی‌متر","",""
"30576029",-1,"حوله حمام راه راه مشکی/بژ روشن ایکیا SLANHOSTMAL سایز 100x150 سانتی‌متر","",""
"20576039",-1,"حوله حمام راه راه آبی روشن/آبی پررنگ ایکیا SLANHOSTMAL سایز 100x150 سانتی‌متر","",""
"90577219",-1,"حوله حمام راه راه نارنجی/صورتی ایکیا SLANHOSTMAL سایز 100x150 سانتی‌متر","",""
"80575268",-1,"روکش لحاف و روبالشی ایکیا SLANHOSTMAL راه راه مشکی/سفید، 150x200/50x80","",""
"40579008","روکش لحاف و روبالشی ایکیا SLANHOSTMAL راه راه آبی/سفید، 150x200/50x80",120,180000000,4,"success"
"00575291",-1,"روکش لحاف و روبالشی ایکیا SLANHOSTMAL راه راه نارنجی/صورتی، 150x200/50x80","",""
"40579697",-1,"حوله دستی فیروزه ای ایکیا GULVIAL سایز 40x70 سانتی‌متر","",""
"90575282",-1,"روکش لحاف و 2 عدد روبالشی ایکیا SLANHOSTMAL راه راه نارنجی/صورتی، 240x220/50x80","",""
"70575259",-1,"روکش لحاف و 2 عدد روبالشی ایکیا SLANHOSTMAL راه راه مشکی/سفید، 240x220/50x80","",""
"80579723",-1,"حوله دستی صورتی کمرنگ ایکیا GULVIAL سایز 40x70 سانتی‌متر","",""
"70579733",-1,"حوله دستی سبز کمرنگ ایکیا GULVIAL سایز 40x70 سانتی‌متر","",""
"90579713",-1,"حوله دستی آبی ایکیا GULVIAL سایز 40x70 سانتی‌متر","",""
"60579677",-1,"حوله دستی مشکی ایکیا GULVIAL سایز 40x70 سانتی‌متر","",""
"50579687",-1,"حوله دستی بژ ایکیا GULVIAL سایز 40x70 سانتی‌متر","",""
"60579663",-1,"حوله حمام سفید ایکیا GULVIAL سایز 100x150 سانتی‌متر","",""
"10579694",-1,"حوله حمام فیروزه ای ایکیا GULVIAL سایز 100x150 سانتی‌متر","",""
"40579720",-1,"حوله حمام صورتی کمرنگ ایکیا GULVIAL سایز 100x150 سانتی‌متر","",""
"30579730",-1,"حوله حمام سبز کمرنگ ایکیا GULVIAL سایز 100x150 سانتی‌متر","",""
"70579709",-1,"حوله حمام آبی ایکیا GULVIAL سایز 100x150 سانتی‌متر","",""
"30579674",-1,"حوله حمام مشکی ایکیا GULVIAL سایز 100x150 سانتی‌متر","",""
"20579684",-1,"حوله حمام بژ ایکیا GULVIAL سایز 100x150 سانتی‌متر","",""
"60579682",-1,"حوله استخری بژ ایکیا GULVIAL سایز 70x140 سانتی‌متر","",""
"70579672",-1,"حوله استخری مشکی ایکیا GULVIAL سایز 70x140 سانتی‌متر","",""
"10579707",-1,"حوله استخری آبی ایکیا GULVIAL سایز 70x140 سانتی‌متر","",""
"70579728",-1,"حوله استخری سبز کمرنگ ایکیا GULVIAL سایز 70x140 سانتی‌متر","",""
"80579718",-1,"حوله استخری صورتی کمرنگ ایکیا GULVIAL سایز 70x140 سانتی‌متر","",""
"50579692",-1,"حوله استخری فیروزه ای ایکیا GULVIAL سایز 70x140 سانتی‌متر","",""
"00579661",-1,"حوله استخری سفید ایکیا GULVIAL سایز 70x140 سانتی‌متر","",""
"70586333",-1,"پتو/شال مبل ایکیا SVINROT سبز تیره، 130x170 سانتی‌متر","",""
"00582404",-1,"روکش لحاف و روبالشی ایکیا PILTANDVINGE آبی، 150x200/50x80","",""
"90579100",-1,"روکش لحاف و روبالشی ایکیا PILTANDVINGE خاکستری، 150x200/50x80","",""
"60579125",-1,"روکش لحاف و روبالشی ایکیا PILTANDVINGE سبز روشن، 150x200/50x80","",""
"60579149","روکش لحاف و روبالشی ایکیا PILTANDVINGE صورتی روشن، 150x200/50x80",50,75000000,17,"success"
"60579205","روکش لحاف و روبالشی ایکیا PILTANDVINGE سفید، 150x200/50x80",50,75000000,0,"success"
"70579196","روکش لحاف و 2 عدد روبالشی ایکیا PILTANDVINGE سفید، 240x220/50x80",100,150000000,64,"success"
"70579139","روکش لحاف و 2 عدد روبالشی ایکیا PILTANDVINGE صورتی روشن، 240x220/50x80",100,150000000,20,"success"
"00579091",-1,"روکش لحاف و 2 عدد روبالشی ایکیا PILTANDVINGE خاکستری، 240x220/50x80","",""
"70579115",-1,"روکش لحاف و 2 عدد روبالشی ایکیا PILTANDVINGE سبز روشن، 240x220/50x80","",""
"50579791","ست کاور لحاف و 2 عدد روبالشی ایکیا STRANDLUMMER چند رنگ/ گل‌دار، 240x220/50x80 سانتی‌متر",150,225000000,1,"success"
"50578999","روکش لحاف و 2 عدد روبالشی ایکیا SLANHOSTMAL راه راه آبی/سفید، 240x220/50x80",200,300000000,2,"success"
"20579801","ست کاور لحاف و روبالشی ایکیا STRANDLUMMER چند رنگ/گل‌دار، 150x200/50x80 سانتی‌متر",100,150000000,0,"success"
"40591147",-1,"پرده حمام گلدار ایکیا STRANDLUMMER چند رنگ، 180x200 سانتی‌متر","",""
"60573345","1 جفت پرده گلدار ایکیا VILDPERSILJA سفید/چند رنگ، 145x300 سانتی‌متر",190,285000000,7,"success"
"30583402","1 جفت پرده گلدار ایکیا VILDPERSILJA مشکی-سبز/چند رنگ، 145x300 سانتی‌متر",190,285000000,0,"success"
"10582333","کاور کوسن گلدار ایکیا VILDPERSILJA سفید/چند رنگ، 50x50 سانتی‌متر",50,75000000,65,"success"
"50582331",-1,"کاور کوسن گلدار ایکیا VILDPERSILJA مشکی-سبز/چند رنگ، 50x50 سانتی‌متر","",""
"60301707",-1,"ساک دستی سایز متوسط ایکیا FRAKTA آبی 36 لیتری، 45x18x45 سانتی‌متر","",""
"00590480","صندلی چوبی ایکیا PINNTORP قهوه‌ ای روشن",180,297000000,7,"success"
"49412561","صندلی راحتی کودک ایکیا POANG چوب توس/پارچه کنیسا بژ روشن",210,346500000,0,"success"
"89417585",-1,"صندلی راحتی کودک ایکیا POANG چوب توس/طرح دایناسوری مدسکوگ","",""
"50448069","ساک دستی کول باکس ایکیا FRAKTA آبی، 38x40 سانتی‌متر",10,15000000,0,"success"
"89491028","ترولی با کیف ایکیا RULLEBOR / FRAKTA مشکی/آبی",170,255000000,0,"success"
"50443811","ست 8 تایی ضربه گیر گوشه میز ایکیا UNDVIKA قهوه ای تیره",20,30000000,18,"success"
"20349023","ست 8 تایی ضربه گیر گوشه میز ایکیا UNDVIKA سفید",20,30000000,167,"success"
"00586416","پادری حمام ایکیا FJALLKATTFOT فیروزه ای، 50x80 سانتی‌متر",30,45000000,48,"success"
"10580027","پادری حمام ایکیا FJALLKATTFOT بژ، 50x80 سانتی متر",30,45000000,0,"success"
"30580026",-1,"پادری حمام ایکیا FJALLKATTFOT صورتی کمرنگ، 50x80 سانتی‌متر","",""
"19197898",-1,"زیرپایی ایکیا POANG بدنه قهوه‌ای، کوسن آبی تیره Hillared","",""
"30582695",-1,"کاور کوسن طرح‌دار ایکیا BUSKVICKER بنفش/سبز، 50x50 سانتی‌متر","",""
"69197848",-1,"زیرپایی ایکیا POANG بدنه قهوه‌ای، کوسن بژ Hillared","",""
"49197873",-1,"زیرپایی ایکیا POANG بدنه قهوه‌ای، کوسن ذغالی Hillared","",""
"39501949",-1,"زیرپایی ایکیا POANG بدنه قهوه‌ای، کوسن سبز روشن Gunnared","",""
"99502106",-1,"زیرپایی ایکیا POANG بدنه قهوه‌ای، کوسن طوسی تیره Gunnared","",""
"09502177",-1,"زیرپایی ایکیا POANG بدنه قهوه‌ای، کوسن آبی Gunnared","",""
"99502026",-1,"زیرپایی ایکیا POANG بدنه قهوه‌ای، کوسن بژ Gunnared","",""
"99387267",-1,"زیرپایی ایکیا POANG بدنه قهوه‌ای، کوسن زرد Skiftebo","",""
"69388485",-1,"زیرپایی ایکیا POANG بدنه قهوه‌ای، کوسن طوسی تیره Skiftebo","",""
"09244683",-1,"زیرپایی ایکیا POANG بدنه قهوه‌ای، کوسن بژ روشن Knisa","",""
"49244681",-1,"زیرپایی ایکیا POANG بدنه قهوه‌ای، کوسن مشکی Knisa","",""
"30582799",-1,"کاور کوسن ایکیا HAMNKRASSING صورتی/سبز و آبی، 50x50 سانتی‌متر","",""
"30582704",-1,"کاور کوسن ایکیا PLATTLUMMER سبز/آبی، 50x50 سانتی‌متر","",""
"29197888","زیرپایی ایکیا POANG بدنه روکش توسکا، کوسن آبی تیره Hillared",280,462000000,6,"success"
"99197837",-1,"زیرپایی ایکیا POANG بدنه روکش توسکا، کوسن بژ Hillared","",""
"10492196",-1,"قفل آویز رمز دار ایکیا ELLOVEN سفید","",""
"00359739",-1,"قفل هوشمند ایکیا ROTHULT سفید","",""
"70474769",-1,"تخته وایت برد چرخدار با نوت برد ایکیا ELLOVEN سفید، 70x180 سانتی‌متر","",""
"90492197",-1,"قفل آویز رمز دار ایکیا ELLOVEN خاکستری","",""
"50471050",-1,"باکس ایکیا VARIERA طوسی، 24x17 سانتی‌متر","",""
"59197863","زیرپایی ایکیا POANG بدنه روکش توسکا، کوسن ذغالی Hillared",280,462000000,5,"success"
"49501939","زیرپایی ایکیا POANG بدنه روکش توسکا، کوسن سبز روشن Gunnared",280,462000000,1,"success"
"49502095","زیرپایی ایکیا POANG بدنه روکش توسکا، کوسن طوسی تیره Gunnared",280,462000000,3,"success"
"59502194",-1,"زیرپایی ایکیا POANG بدنه روکش توسکا، کوسن آبی Gunnared","",""
"09502016",-1,"زیرپایی ایکیا POANG بدنه روکش توسکا، کوسن بژ Gunnared","",""
"89387277","زیرپایی ایکیا POANG بدنه روکش توسکا، کوسن زرد Skiftebo",280,462000000,3,"success"
"79388475","زیرپایی ایکیا POANG بدنه روکش توسکا، کوسن طوسی تیره Skiftebo",280,462000000,2,"success"
"69244661","زیرپایی ایکیا POANG بدنه روکش توسکا، کوسن بژ روشن Knisa",220,363000000,6,"success"
"99244669",-1,"زیرپایی ایکیا POANG بدنه مشکی-قهوه‌ ای، کوسن مشکی Knisa","",""
"sku","name","rial","toman","stock","status"
"90601257","آباژور دیمر دار ایکیا HALGATT رنگ بژ قهوه‌ای",180,270000000,25,"success"
"60611366","نظم دهنده کفش ایکیا MURVEL سایز 27x14x25 سانتی متر",10,15000000,0,"success"
"60604714","جا بطری ایکیا VARIERA",10,15000000,39,"success"
"00618573","ارگانایزر و نظم‌دهنده روی کابینت آشپزخانه ایکیا مدل NÅLBLECKA فلزی و بامبو",20,30000000,0,"success"
"50618575","جا قاشقی و استند لوازم آشپزخانه ایکیا مدل NÅLBLECKA فلزی و بامبو",40,60000000,40,"success"
"40618571","شلف کنج آشپزخانه ایکیا مدل NÅLBLECKA فلزی و بامبو",60,90000000,0,"success"
"10601303","چراغ رومیزی ایکیا مدل VINDKRAFT رنگ سفید کاغذی",120,192000000,22,"success"
"00602039","چراغ دکوری زمینی ایکیا مدل GREJSIMOJS طرح زرافه رنگ زرد",150,240000000,14,"success"
"60597780","چراغ قابل حمل ایکیا مدل TVAMASTAD رنگ برنجی با شیشه اوپال سفید",120,180000000,0,"success"
"40608548","چراغ قابل حمل ایکیا مدل IKEA PS 2026 رنگ قرمز و آبی روشن",150,225000000,0,"success"
"50608557","چراغ قابل حمل ایکیا مدل IKEA PS 2026 رنگ سبز و صورتی روشن",150,225000000,0,"success"
"30613569","چراغ قابل حمل ایکیا مدل IKEA PS 2026 رنگ آبی",150,225000000,0,"success"
"10583851","چراغ رومیزی با قابلیت تنظیم نور ایکیا مدل SPETSBOJ رنگ زرد",40,60000000,0,"success"
"80589114","چراغ رومیزی ایکیا مدل SPETSBOJ رنگ سفید با قابلیت تنظیم نور",50,75000000,0,"success"
"80601248","چراغ ایستاده و مطالعه ایکیا مدل MOSSPLYM",490,808500000,11,"success"
"20581903","پادری حمام ایکیا مدل FINTSEN رنگ بژ",10,16000000,0,"success"
"60591617","آباژور ایکیا مدل SPETSBOJ رنگ سبز با قابلیت تنظیم نور",40,60000000,0,"success"
"80622788","ساعت رومیزی ایکیا مدل IKEA PS 2026 رنگ قرمز",200,300000000,20,"success"
"30605324","سینی آبچکان ظرف ایکیا مدل VALVARDAD، سفید/گالوانیزه، ابعاد ۵۲×۳۵ سانتی‌متر",30,45000000,100,"success"
"50604682","پتو/ شال مبل ایکیا مدل HOLMVI، بژ-زرد/ ابعاد ۱۲۰×۱۶۰ سانتی‌متر",40,60000000,0,"success"
"40569943","سبد نگهداری ایکیا مدل SKADIS، مجموعه ۳ عددی/ مشکی",40,60000000,0,"success"
"10608856","جا شمعی ایکیا مدل BORRBY  فانوس مخصوص شمع وارمر، سفید/ ارتفاع ۲۰ سانتی‌متر",20,30000000,422,"success"
"60608854","جا شمعی ایکیا مدل BORRBY  فانوس مخصوص شمع وارمر، مشکی/ ارتفاع ۲۰ سانتی‌متر",20,30000000,152,"success"
"80605982","گل مصنوعی ایکیا مدل SMYCKA، مدل پاپی / آبی/ ارتفاع ۵۷ سانتی‌متر",10,15000000,0,"success"
"50606054","گل مصنوعی ایکیا مدل SMYCKA، مدل رانانکولوس / زرد/ ارتفاع ۶۳ سانتی‌متر",10,15000000,276,"success"
"20607413","بشقاب گود ایکیا مدل HAVSGADDA  راه‌راه/ خاکستری قطر ۱۹ سانتی‌متر",10,15000000,60,"success"
"80607410","بشقاب گود ایکیا مدل HAVSGADDA  راه‌راه/ صورتی، قطر ۱۹ سانتی‌متر",10,15000000,12,"success"
"00607409","بشقاب ایکیا مدل HAVSGADDA راه‌راه خاکستری/ قطر ۲۱ سانتی‌متر",10,15000000,52,"success"
"70607401","بشقاب ایکیا مدل HAVSGADDA راه‌راه صورتی/ قطر ۲۱ سانتی‌متر",10,15000000,9,"success"
"70610540","گلدان شیشه‌ای ایکیا مدل PASKOTRAD، قهوه‌ای روشن، ارتفاع ۱۳.۵ سانتی‌متر",10,15000000,0,"success"
"10610538","گلدان شیشه‌ای ایکیا مدل PASKOTRAD، قهوه‌ای روشن، ارتفاع ۲۰ سانتی‌متر",20,30000000,0,"success"
"30606069","گل مصنوعی ایکیا مدل SMYCKA مدل (Queen Ann) یاسی، ارتفاع ۶۵ سانتی‌متر",10,15000000,52,"success"
"60606058","گل مصنوعی ایکیا مدل SMYCKA، مدل دالیا نارنجی، ارتفاع ۶۶ سانتی‌متر",10,15000000,1,"success"
"50607020","سینی شمع ایکیا مدل PRAKTAND استیل ضدزنگ، اندازه ۳۵×۲۶ سانتی‌متر",30,45000000,0,"success"
"90608065","گل مصنوعی ایکیا مدل SMYCKA، نوع Chrysanthemums، یاسی، ارتفاع ۷۱ سانتی‌متر",10,15000000,0,"success"
"20605980","گل مصنوعی ایکیا مدل SMYCKA، نوع Clematis، آبی، ارتفاع ۹۷ سانتی‌متر",10,15000000,22,"success"
"20607408","کاسه شیشه‌ای ایکیا مدل HAVSGADDA راه‌راه صورتی قطر ۱۲ سانتی‌متر",10,15000000,86,"success"
"40607407","کاسه شیشه‌ای ایکیا مدل HAVSGADDA، راه‌راه، خاکستری، قطر ۱۲ سانتی‌متر",10,15000000,156,"success"
"10605320","جا قاشقی ایکیا مدل VALVARDAD، خاکستری تیره - آبی و گالوانیزه، ارتفاع ۱۳ سانتی‌متر",20,30000000,0,"success"
"70605322","جا قاشقی ایکیا مدل VALVARDAD، سفید و گالوانیزه، ارتفاع ۱۳ سانتی‌متر",20,30000000,0,"success"
"10618006","دستمال آشپزخانه ایکیا مدل VALVARDAD، طرح سفید و آبی، اندازه ۴۵×۶۰ سانتی‌متر",20,30000000,3,"success"
"70609612","سرویس قاشق، چنگال و کارد ایکیا مدل PRAKTBOTIA با ۱۶ تکه استیل ضدزنگ",50,75000000,0,"success"
"80613114",-1,"ماهیتابه ایکیا مدل PUCKELLAX با پوشش نچسب و ۲۰ سانتی‌متری","",""
"60596177","بطری روغن و سرکه ایکیا مدل BRUGDHAJ، آبی",30,45000000,0,"success"
"30596174","بطری روغن و سرکه ایکیا مدل BRUGDHAJ، بژ",30,45000000,0,"success"
"20591841","شلف نمایشی پگ بورد ایکیا مدل SKADIS سفید",20,30000000,0,"success"
"30606031",-1,"شلف پگ بورد ایکیا مدل SKADIS صورتی","",""
"80569941","شلف پگ بورد ایکیا مدل SKADIS مشکی",20,30000000,39,"success"
"60599326","رخت آویز دیواری ایکیا مدل  KALLSO خاکستری، عرض ۸۰ سانتی‌متر",250,412500000,5,"success"
"30594085","برس توالت FLORSJON، رنگ بژ",40,60000000,42,"success"
"60604865","سطل زباله FLORSJON، رنگ بژ، ۳ لیتر",70,115500000,14,"success"
"90609588","ست قاشق و چنگال ۲۴ پارچه ایکیا مدل DOFTSKOLD، رنگ مشکی",140,210000000,0,"success"
"90559456","لیوان ایکیا مدل SANDSKADDA، دسته دار/ خاکستری روشن - بژ، ظرفیت ۲۷۰ میلی‌لیتر",10,15000000,34,"success"
"80607735","لیوان ایکیا مدل SANDSKADDA، دسته دار/ رنگ زرد، ظرفیت ۲۷۰ میلی‌لیتر",10,15000000,0,"success"
"20617997","دستکش فر ایکیا مدل VALVARDAD، رنگ بژ",20,30000000,0,"success"
"10595986","پایه رول دستمال توالت ایکیا مدل BASINGEN، ذغالی تیره، اندازه ۲۶×۱۷ سانتی‌متر",50,75000000,18,"success"
"70596172","بانکه درب دار ایکیا مدل BRUGDHAJ  بژ، ظرفیت ۱.۲ لیتر",50,75000000,0,"success"
"30596169","بانکه درب دار ایکیا مدل BRUGDHAJ بژ، ظرفیت ۱ لیتر",50,75000000,0,"success"
"00605995",-1,"پگ بورد ایکیا مدل SKADIS بژ / صورتی، اندازه ۷۶×۵۶ سانتی‌متر","",""
"20605471","سطل زباله پدالی ایکیا مدل GANSJON، مشکی، ظرفیت ۳ لیتر",60,90000000,0,"success"
"00605504","سطل زباله پدالی ایکیا مدل GANSJON، سبز روشن، ظرفیت ۳ لیتر",60,90000000,0,"success"
"40612263","ارگانایزر آویزی پارچه‌ای ایکیا مدل PURRPINGLA با ۶ بخش، بژ، اندازه ۲۲×۳۴×۸۰ سانتی‌متر",50,75000000,0,"success"
"30612254","باکس پارچه‌ای نگهدارنده ایکیا مدل PURRPINGLA بژ، اندازه ۳۴×۵۱×۲۸ سانتی‌متر",40,60000000,0,"success"
"80603563",-1,"قوطی فلزی ایکیا مدل VINTERFINT با درب، سبز، اندازه ۲۹×۲۰×۸ سانتی‌متر","",""
"00603816",-1,"ظرف شیشه‌ای ایکیا مدل VINTERFINT با درب، سبز، ظرفیت یک لیتر","",""
"90620072","جعبه ایکیا مدل SANDLOPARE، طرح‌دار / زرد، اندازه ۲۵×۱۷×۸.۵ سانتی‌متر",10,15000000,0,"success"
"80612708","کیف نگهدارنده ایکیا مدل SANDLOPARE چندرنگ / طرح ساوانا",40,60000000,59,"success"
"00606546",-1,"آباژور تزیینی LED رومیزی ایکیا مدل STRALA، شیشه‌ای، باتری‌خور / طوسی تیره، ارتفاع ۱۹ سانتی‌متر","",""
"70552026","سبد حصیری ایکیا مدل MAVINN جنس جوت (الیاف کنف)، ۲۲ سانتی‌متر",40,60000000,6,"success"
"80552035",-1,"سبد حصیری ایکیا مدل MAVINN جنس جوت (الیاف کنف)، ۲۸ سانتی‌متر","",""
"80591961",-1,"پادری ایکیا مدل VAGKURVA، چندرنگ/گل‌دار، اندازه ۴۰×۶۰ سانتی‌متر","",""
"40403617",-1,"پادری ایکیا مدل DONSLUND، رنگ طبیعی، اندازه ۴۰×۷۰ سانتی‌متر","",""
"40600953","پادری ایکیا مدل  VANDPLATS، چندرنگ / راه‌راه، اندازه ۴۰×۶۰ سانتی‌متر",30,45000000,6,"success"
"40517020","پادری ایکیا مدل VATTENVERK، خاکستری تیره، ابعاد ۱۵۰*۱۰۰سانتی‌متر",210,315000000,25,"success"
"00517017","پادری ایکیا مدل VATTENVERK، خاکستری تیره، ابعاد ۶۰×۹۰ سانتی‌متر",80,120000000,0,"success"
"90555284",-1,"پادری ایکیا مدل POSTKONTOR ، سبز، ابعاد ۴۰×۶۰ سانتی‌متر","",""
"30308994",-1,"پادری ایکیا مدل OPLEV، طوسی، ابعاد ۵۰×۸۰ سانتی‌متر","",""
"40607054",-1,"پادری ایکیا مدل ARBETSTAG، طرح سگ، ابعاد ۶۰×۹۰ سانتی‌متر","",""
"30608068","پادری ایکیا مدل TAGFORDON، مشکی/طرح خال‌خالی، ابعاد ۴۰×۶۰ سانتی‌متر",40,60000000,27,"success"
"50582538","پادری ایکیا مدل VAGTYP، گربه مشکی/ سبک طبیعی، ابعاد ۶۰×۹۰ سانتی‌متر",80,120000000,0,"success"
"60582533","پادری ایکیا مدل VAGSKYLT، آبی- سبز/مشکی، ابعاد ۴۰ × ۶۰ سانتی‌متر",30,45000000,133,"success"
"40582529","پادری ایکیا مدل VAGSKYLT، صورتی/نارنجی، ابعاد ۴۰ × ۶۰ سانتی‌متر",30,45000000,124,"success"
"30576939",-1,"پادری ایکیا مدل VALVBRO، چندرنگ/راه‌راه، ابعاد ۶۰ × ۹۰ سانتی‌متر","",""
"30495207",-1,"پادری ایکیا مدل OSTERILD، خاکستری تیره، ابعاد ۶۰ × ۹۰ سانتی‌متر","",""
"30287939","پادری ایکیا مدل KOGE، خاکستری/مشکی، ابعاد ۶۹ × ۹۰ سانتی‌متر",110,165000000,103,"success"
"40296603",-1,"پادری ایکیا مدل KOGE، خاکستری/مشکی، ابعاد ۱۰۲ × ۱۵۲ سانتی‌متر","",""
"20296604",-1,"پادری ایکیا مدل KOGE، خاکستری/مشکی، ابعاد ۸۲×۲۰۰ سانتی‌متر","",""
"00500111",-1,"پادری ایکیا مدل KLAMPENBORG، قهوه‌ای، ابعاد ۳۵×۵۵ سانتی‌متر","",""
"00612279","پادری ایکیا مدل KONTANTER، الیاف نارگیل / سبک طبیعی، ابعاد ۴۰×۶۰ سانتی‌متر",30,45000000,0,"success"
"00556160","پادری ایکیا مدل LOHALS، طبیعی، ابعاد ۶۰×۹۰ سانتی‌متر",70,105000000,0,"success"
"00582852","پادری ایکیا مدل FRIKTION، خاکستری، ابعاد ۳۸×۵۸ سانتی‌متر",0,0,97,"success"
"40399045","پادری ایکیا مدل TRAMPA، طبیعی، ابعاد ۴۰×۶۰ سانتی‌متر",20,30000000,0,"success"
"20052187","پادری ایکیا مدل TRAMPA، طبیعی، ابعاد ۶۰×۹۰ سانتی‌متر",40,60000000,187,"success"
"80610993","سبد نگهدارنده برای یخچال، ایکیا مدل KLIPPKAKTUS، شفاف، ابعاد ۳۰×۱۹×۱۴ سانتی‌متر",20,30000000,0,"success"
"30610995","جعبه نگهدارنده برای یخچال ایکیا مدل KLIPPKAKTUS، ست ۳ عددی، شفاف",30,45000000,28,"success"
"80603030","ظرف نگهدارنده غذا ایکیا مدل HAVSTOBIS با درب، شفاف/چند رنگ، ۷۰۰ میلی‌لیتر",20,30000000,0,"success"
"70602516","تابه سرخ‌کردنی ایکیا مدل KLIPPFISK با درب، روکش نچسب، خاکستری–فیروزه‌ای، قطر ۲۸ سانتی‌متر",160,256000000,3,"success"
"50602503","قابلمه سس ایکیا مدل KLIPPFISK مشکی–آبی، روکش نچسب/ گنجایش ۲.۳ لیتر",130,208000000,23,"success"
"90597482","قابلمه ایکیا مدل KLIPPFISK به همراه درب، روکش نچسب، مشکی–آبی، گنجایش ۵ لیتر",200,320000000,0,"success"
"80602511","تابه ایکیا مدل KLIPPFISK پوشش نچسب / دسته چوبی/ خاکستری-آبی تیره، ۲۸ سانتی‌متر",130,208000000,8,"success"
"10600860","گلدان گیاه مصنوعی ایکیا مدل FEJKA، ، مدل درخت موز، قطر 12 سانتی‌متر",40,60000000,5,"success"
"80601470",-1,"گلدان گیاه مصنوعی ایکیا مدل FEJKA، ، مدل حسن یوسف/قرمز، قطر ۹ سانتی‌متر","",""
"10560114","شاخه مصنوعی ایکیا مدل SMYCKA، اکالیپتوس/صورتی، ارتفاع ۶۰ سانتی‌متر",10,15000000,0,"success"
"00601474",-1,"گل مصنوعی ایکیا مدل SMYCKA، مدل اسکابیوزا، ارتفاع ۳۰ سانتی‌متر","",""
"30601482",-1,"دسته گل مصنوعی ایکیا مدل SMYCKA، چندرنگ، ارتفاع ۳۵ سانتی‌متر","",""
"50599652","قاشق آشپزی ایکیا مدل KNORRHANE، رنگ نارنجی روشن/قرمز تیره، طول ۳۳ سانتی‌متر",20,30000000,71,"success"
"70597483","کفگیر ایکیا مدل KNORRHANE، بژ روشن/ذغالی، طول ۳۲ سانتی‌متر",20,30000000,435,"success"
"70591650","آباژور رومیزی ایکیا مدل AKTERSPRING، شیشه سفید اوپال / آبکاری برنجی، ارتفاع ۳۹ سانتی‌متر",200,320000000,0,"success"
"70589384","صندلی کودک ایکیا مدل VILDGAS، سفید",70,112000000,11,"success"
"70589398",-1,"صندلی کودک ایکیا مدل VILDGAS، سفید/سبز","",""
"90601200","آباژور رومیزی ایکیا مدل KUDDLAVA، چین‌دار سفید، 28 سانتی‌متر",50,80000000,0,"success"
"80601050","شِید چراغ آویز ایکیا مدل KUDDLAVA، چین‌دار سفید، ۵۹ سانتی‌متر",40,60000000,6,"success"
"20613089",-1,"صندلی بار ایکیا مدل DALFRED / زرد/ ارتفاع قابل تنظیم 63–74 سانتی‌متر","",""
"40613093",-1,"صندلی بار ایکیا مدل DALFRED / خاکستری- آبی/ ارتفاع قابل تنظیم 63–74 سانتی‌متر","",""
"80613091","صندلی بار ایکیا مدل DALFRED / ارتفاع قابل تنظیم 63–74 سانتی‌متر",200,330000000,0,"success"
"39501096","صندلی چرخان ایکیا مدل ORFJAL فریم سفید/ روکش ویسل آبی تیره",350,577500000,0,"success"
"39501077","صندلی چرخان ایکیا مدل ORFJAL فریم مشکی/ روکش ویسل قرمز",350,577500000,0,"success"
"49303072","صندلی چرخان ایکیا مدل ORFJAL روکش ویسل مشکی",300,495000000,0,"success"
"80599702","لیوان شیشه‌ای ایکیا مدل OLIVTRAST، شیشه شفاف، ظرفیت 290 میلی‌لیتر",10,15000000,493,"success"
"70601692","قفسه ادویه ایکیا مدل HUNDHAJ، سبز، عرض ۲۰ سانتی‌متر",10,15000000,409,"success"
"60601701","قفسه عکس ایکیا مدل  NORDHAGG، چوب کاج، طول ۴۵ سانتی‌متر",20,30000000,297,"success"
"10607357",-1,"پایه لپ‌تاپ ایکیا مدل  BJORKASEN، آبی","",""
"30606130","قالب نان ایکیا مدل  VINTERROCKA، استیل ضدزنگ، ظرفیت ۲.۱ لیتر",20,30000000,0,"success"
"90599481","قالب کمربندی کیک ایکیا مدل  VINTERROCKA، استیل ضدزنگ، قطر ۲۲ سانتی‌متر",30,45000000,0,"success"
"00606122","قالب پای ایکیا مدل  VINTERROCKA، استیل ضدزنگ، قطر ۳۰ سانتی‌متر / حجم 2.2 لیتر",20,30000000,69,"success"
"90601709","ساعت دیواری ایکیا مدل BONDIS نارنجی 38 سانتی‌متر",60,90000000,0,"success"
"00566734","کلاهک/شید چراغ آویز ایکیا مدل TAGGTOFS، سفید/بامبو، قطر ۶۷ سانتی‌متر",120,192000000,10,"success"
"90600309",-1,"گوزن دکوری ایکیا مدل HOSTAGILLE ، نارنجی / زرد- بژ، ۱۳ سانتی‌متر","",""
"60605073",-1,"فرش ایکیا مدل ARENDE با پرز بلند، رنگ خاکستری، ابعاد ۱۲۰×۱۸۰ سانتی‌متر","",""
"10605075","فرش ایکیا مدل ARENDE با پرز بلند، رنگ کرم روشن، ابعاد ۱۲۰×۱۸۰ سانتی‌متر",150,225000000,0,"success"
"20606381","کاور روتختی به همراه ۲ روبالشی ایکیا مدل HAMPFLOCKEL، سفید، ابعاد ۲۴۰×۲۲۰ / ۵۰×۸۰ سانتی‌متر",250,375000000,2,"success"
"50606431","کاور روتختی به همراه ۲ روبالشی ایکیا مدل HAMPFLOCKEL، خاکستری تیره، ابعاد ۲۴۰×۲۲۰ / ۵۰×۸۰ سانتی‌متر",250,375000000,58,"success"
"20606456","کاور روتختی به همراه ۲ روبالشی ایکیا مدل HAMPFLOCKEL، قهوه‌ای، ابعاد ۲۴۰×۲۲۰ / ۵۰×۸۰ سانتی‌متر",250,375000000,35,"success"
"70606406","کاور روتختی به همراه ۲ روبالشی ایکیا مدل HAMPFLOCKEL، آبی تیره، ابعاد ۲۴۰×۲۲۰ / ۵۰×۸۰ سانتی‌متر",250,375000000,22,"success"
"00483343","تشک فنری ایکیا مدل VESTMARKA ، سفت و با دوام، آبی ملایم/ ابعاد ۱۸۰×۲۰۰ سانتی‌متر",1200,1920000000,10,"success"
"70568560","جعبه بدون درب ایکیا مدل KUGGIS، سفید، ابعاد ۱۸×۲۶×۸ سانتی‌متر",20,30000000,584,"success"
"40586235",-1,"جعبه بدون درب ایکیا مدل KUGGIS، خاکستری تیره - بژ، ابعاد ۱۸×۲۶×۸ سانتی‌متر","",""
"60599147","جعبه بدون درب ایکیا مدل KUGGIS، خاکستری ملایم، ابعاد ۱۸×۲۶×۸ سانتی‌متر",20,30000000,0,"success"
"80601998","قاب با پوسترایکیا مدل KNOPPANG، مجموعه ۸ عددی، داستان‌های فولکلور",160,240000000,0,"success"
"80602144",-1,"قاب با پوستر ایکیا مدل RODALM، غروب آفتاب راه‌راه، ۴۰×۵۰ سانتی‌متر","",""
"00601921","تابلو دو تا پرنده ایکیا مدل BLODFLADER سایز 50*40 سانتی‌متر",80,120000000,0,"success"
"40601919","تابلو گل نارنجی ایکیا مدل BLODFLADER سایز 50*40 سانتی‌متر",70,105000000,16,"success"
"59582483",-1,"جعبه با درب ایکیا مدل KUGGIS، خاکستری تیره-بژ، ابعاد ۱۸×۲۶×۸ سانتی‌متر","",""
"29596764","جعبه با درب ایکیا مدل KUGGIS، خاکستری روشن، ابعاد ۱۸×۲۶×۸ سانتی‌متر",30,45000000,0,"success"
"79561286","جعبه با درب ایکیا مدل KUGGIS، سفید/ بامبو، ابعاد ۱۸×۲۶×۸ سانتی‌متر",30,45000000,194,"success"
"99582612",-1,"جعبه با درب ایکیا مدل KUGGIS، خاکستری تیره-بژ / بامبو، ابعاد ۱۸×۲۶×۸ سانتی‌متر","",""
"89596822","جعبه با درب ایکیا مدل KUGGIS، طوسی روشن/بامبو",30,45000000,0,"success"
"90602445","فریم تختخواب ایکیا مدل VIHALS، سفید، 200*180 سانتی‌متر",590,973500000,10,"success"
"40602424","فریم تختخواب ایکیا مدل VIHALS، سفید، ۹۰×۲۰۰ سانتی‌متر",350,577500000,29,"success"
"80601917","تابلو منظره (Nazaré) ایکیا مدل BLODFLADER سایز ۵۰×۷۰ سانتی‌متر",100,150000000,0,"success"
"80512469",-1,"محفظه نگهداری چندبخشی ایکیا مدل TIGERFINK، فیروزه‌ای","",""
"10529557",-1,"کیف نگهداری بافته‌شده ایکیا مدل STRANDSKATA / چندرنگ، قطر ۲۰ سانتی‌متر","",""
"40580525",-1,"ست ۴ عددی جعبه ایکیا مدل LYSMASK، طرح‌دار/ چندرنگ","",""
"20468105","ارگانایزر پلاستیکی ایکیا مدل NOJIG ، بژ، ابعاد 10*25*20 سانتی‌متر",0,0,233,"success"
"70457487","ارگانایزر پلاستیکی ایکیا مدل NOJIG ، بژ، ابعاد 5*20*10 سانتی‌متر",0,0,2364,"success"
"60477037","ارگانایزر پلاستیکی ایکیا مدل NOJIG ، بژ، ابعاد 5*10*10 سانتی‌متر",0,0,20,"success"
"50468104","ارگانایزر پلاستیکی ایکیا مدل NOJIG ، بژ، ابعاد ۱۵×۲۰×۵ سانتی‌متر",0,0,1334,"success"
"20593454","سبد نگهداری ایکیا مدل PLOGSVANG، سفید، ابعاد ۱۵×۲۰×۱۰ سانتی‌متر",10,15000000,584,"success"
"70599316","ست ۶ عددی ظرف نگهداری غذای خشک ایکیا مدل KORALLVIPPA  با درپوش، شفاف",60,90000000,0,"success"
"00608913","کاور روتختی و روبالشی ایکیا مدل ANGSLILJA، سفید، سایز 200*150 / ۵۰×۸۰ سانتی‌متر",100,160000000,0,"success"
"60608873","کاور روتختی و ۲ روبالشی ایکیا مدل ANGSLILJA، خاکستری، سایز220*240 / ۵۰×۸۰ سانتی‌متر",150,240000000,114,"success"
"60599736","کاور روتختی و ۲ روبالشی ایکیا مدل SCHERSMIN، سفید، سایز ۲۴۰×۲۲۰ / ۵۰×۸۰ سانتی‌متر",300,480000000,75,"success"
"80599764","کاور روتختی و ۲ روبالشی ایکیا مدل SCHERSMIN، صورتی کم‌رنگ، سایز ۲۴۰×۲۲۰ / ۵۰×۸۰ سانتی‌متر",300,480000000,0,"success"
"60599816","کاور روتختی و ۲ روبالشی ایکیا مدل SCHERSMIN، سبز کم‌رنگ، سایز ۲۴۰×۲۲۰ / ۵۰×۸۰ سانتی‌متر",300,480000000,1,"success"
"30602090","پرده پشت‌پرده‌دار ایکیا مدل BENGTA، بژ/ نوار سرپرده، اندازه ۲۱۰×۳۰۰ سانتی‌متر",70,105000000,0,"success"
"00602162",-1,"پرده پشت‌پرده‌دار ایکیا مدل BENGTA، صورتی روشن/ نوار سرپرده، اندازه ۲۱۰×۳۰۰ سانتی‌متر","",""
"40596814","قاشق غذاخوری و قاشق نوزاد ایکیا مدل BORJA، سفید/آبی",10,15000000,96,"success"
"90596816","بشقاب/کاسه کودک ایکیا مدل BORJA، سفید/آبی",40,60000000,40,"success"
"00596811","لیوان آموزشی ایکیا مدل BORJA، سفید/آبی",10,15000000,175,"success"
"60604629","کاور کوسن ایکیا مدل DRABOR، مشکی/بژ ملایم، ۵۰x۵۰ سانتی‌متر",20,30000000,0,"success"
"50600330","کاور کوسن ایکیا مدل MAVINN گلدار مشکی و سفید، ابعاد ۴۰x۵۸ سانتی‌متر",50,75000000,8,"success"
"40598653","پتو/شال مبل ایکیا مدل LAPPKATTFOT، نارنجی روشن/صورتی، ابعاد ۱۳۰x۱۷۰ سانتی‌متر",70,105000000,0,"success"
"00598669",-1,"پتو/شال مبل ایکیا مدل BISKOPSMOSSA، سبز/سفید استخوانی، ابعاد ۱۳۰x۱۷۰ سانتی‌متر","",""
"50582411","صندلی راحتی تختخواب ‌شو ایکیا مدل TORNSBORG، بژ Naggen / چوب کاج",1190,1963500000,0,"success"
"90584658","کاناپه تختخواب ‌شو دو نفره ایکیا مدل TORNSBORG، بژ Naggen / چوب کاج",1990,3283500000,3,"success"
"20607314","گلدان ایکیا مدل KAPKASTANJ، سفید مایل به کرم، ارتفاع 15 سانتی‌متر",20,30000000,0,"success"
"70607316","گلدان ایکیا مدل KAPKASTANJ، سفید مایل به کرم، ارتفاع ۲۳ سانتی‌متر",30,45000000,0,"success"
"50607299",-1,"گلدان ایکیا مدل BLODBJORK، صورتی کم‌رنگ، ارتفاع ۲۵ سانتی‌متر","",""
"70600334",-1,"گلدان ایکیا مدل HOSTAGILLE قهوه‌ای ارتفاع 21 سانتی‌متر","",""
"40607308",-1,"گلدان ایکیا مدل PARLHAGG، زرد - بژ، ارتفاع 22 سانتی‌متر","",""
"70607298",-1,"گلدان ایکیا مدل BLODBJORK، زرد، ارتفاع ۱۶ سانتی‌متر","",""
"30607295",-1,"گلدان ایکیا مدل BLODBJORK، صورتی کم‌رنگ/آبی، ارتفاع ۱۶ سانتی‌متر","",""
"80607311","گلدان ایکیا مدل PELARBJORK، سفید، ارتفاع 14 سانتی‌متر",40,60000000,170,"success"
"00607310","گلدان ایکیا مدل PELARBJORK، خاکستری-سبز، ۲۰ سانتی‌متر",70,105000000,18,"success"
"80607306",-1,"گلدان ایکیا مدل GLANSGRAN بژ/مشکی ارتفاع ۲۳ سانتی‌متر","",""
"50583986","لامپ LED ایکیا مدل SOLHETTA سرپیچ E14 و ۲۵۰ لومن، سفید اُپال",10,15000000,306,"success"
"00584035","لامپ LED ایکیا مدل SOLHETTA سرپیچ E14و ۲۵۰ لومن، سفید اُپال",10,15000000,8,"success"
"00584097","لامپ LED ایکیا مدل  SOLHETTA سرپیچ GU10 و ۳۴۵ لومن، قابل تنظیم شدت نور",10,15000000,1146,"success"
"00584016","لامپ LED ایکیا مدل  SOLHETTA سرپیچ E14 و۴۷۰ لومن، سفید اُپال",10,15000000,728,"success"
"20584082","لامپ LED ایکیا مدل SOLHETTA سرپیچ GU10 و ۲۳۰ لومن",20,30000000,683,"success"
"30583968","لامپ LED ایکیا مدل SOLHETTA سرپیچ E14 و 470 لومن، سفید اُپال",10,15000000,1948,"success"
"50583934","لامپ LED ایکیا مدل SOLHETTA سرپیچ E27، قابل تنظیم، سفید اُپال",20,30000000,522,"success"
"20603330",-1,"باکس نظم دهنده ایکیا مدل DRONA، زرد تیره، ۳۳×۳۸×۳۳ سانتی‌متر","",""
"90587039","ست ۳ تکه لوازم سرویس بهداشتی ایکیا مدل GANSJON، مشکی",60,90000000,5,"success"
"50595442","زیرانداز خشک‌ کن ظرف ایکیا مدل RINNIG، بژ، ۵۱x۴۲ سانتی‌متر",20,30000000,443,"success"
"40601354","نگهدارنده بشقاب ایکیا مدل RINNIG، زرد",20,30000000,4,"success"
"00609899","پیشبند ایکیا مدل  RINNIG طرح‌دار، ۶۹x۸۵ سانتی‌متر",20,30000000,0,"success"
"10609907","دستمال آشپزخانه ایکیا مدل RINNIG، طرح دار/ رنگ‌های ترکیبی",20,30000000,0,"success"
"30609906","دستمال آشپزخانه ایکیا مدل RINNIG، راه‌راه قرمز/بژ",20,30000000,76,"success"
"50609905","دستمال آشپزخانه ایکیا مدل RINNIG، راه‌راه سبز/آبی",20,30000000,469,"success"
"30608252",-1,"بشقاب کاسه ای ایکیا مدل OFTAST سبز ملایم 20 سانتی‌متر","",""
"00608258",-1,"کاسه سرو ایکیا مدل OFTAST سبز ملایم 23 سانتی‌متر","",""
"20608262",-1,"بشقاب کناری ایکیا مدل OFTAST سبز ملایم 19 سانتی‌متر","",""
"40609492",-1,"کاسه ایکیا مدل OFTAST سبز ملایم 15 سانتی‌متر","",""
"10608253",-1,"بشقاب ایکیا مدل OFTAST سبز ملایم 25 سانتی‌متر","",""
"40610363",-1,"پادری حمام ایکیا مدل TOFTBO، خاکستری تیره-سفید/ ملانژ، اندازه 120*60 سانتی‌متر","",""
"80610276","پادری حمام ایکیا مدل TOFTBO، صورتی، اندازه ۵۰x۸۰ سانتی‌متر",20,30000000,0,"success"
"20610279","پادری حمام ایکیا مدل TOFTBO، خاکستری روشن- سفید/ ملانژ، اندازه ۵۰x۸۰ سانتی‌متر",20,30000000,164,"success"
"40610278","پادری حمام ایکیا مدل TOFTBO، آبی روشن، اندازه ۵۰x۸۰ سانتی‌متر",20,30000000,0,"success"
"60610263","پادری حمام ایکیا مدل TOFTBO، بژ، اندازه ۵۰x۸۰ سانتی‌متر",20,30000000,149,"success"
"00610275","پادری حمام ایکیا مدل TOFTBO، زغالی، اندازه ۵۰x۸۰ سانتی‌متر",20,30000000,404,"success"
"80611855",-1,"پادری حمام ایکیا مدل TOFTBO، خاکستری روشن-سفید/ملانژ، اندازه ۴۰x۶۰ سانتی‌متر","",""
"70610291","پادری ایکیا مدل TOFTBO، خاکستری-سفید/ ملانژ، اندازه ۵۵x۶۰ سانتی‌متر",20,30000000,0,"success"
"70610267","پادری ایکیا مدل TOFTBO، بژ، اندازه ۵۵x۶۰ سانتی‌متر",20,30000000,0,"success"
"20495316",-1,"پادری ایکیا مدل TOFTBO، بژ تیره، اندازه ۵۵x۶۰ سانتی‌متر","",""
"20600850","گیاه مصنوعی گلدانی ایکیا مدل FEJKA، رنگ نعناعی، قطر ۹ سانتی‌متر",0,0,539,"success"
"10614225","گیاه مصنوعی آویزی مدل FEJKA، طرح هویا، قطر ۹ سانتی‌متر",10,15000000,0,"success"
"50600863","گیاه مصنوعی گلدانی ایکیا مدل FEJKA، کالاتیا، قطر ۱۲ سانتی‌متر",20,30000000,0,"success"
"00600870","گیاه مصنوعی گلدانی ایکیا مدل FEJKA، آلوکاسیا، قطر ۱۲ سانتی‌متر",20,30000000,0,"success"
"90606090","نظم دهنده دیواری ایکیا مدل OBONAS پایه مکشی، خاکستری-بژ",20,30000000,0,"success"
"80606095","قلاب سه‌گانه دیواری ایکیا مدل OBONAS، پایه مکشی، خاکستری-بژ، ابعاد ۷x۱۱ سانتی‌متر",10,15000000,86,"success"
"40606101","شلف دیواری ایکیا مدل OBONAS، پایه مکشی، خاکستری-بژ، ۲۸ سانتی‌متر",20,30000000,2,"success"
"40600750","کاسه ایکیا مدل GLADELIG، خاکستری، قطر ۱۴ سانتی‌متر",20,30000000,88,"success"
"10597018","کاسه ایکیا مدل GLADELIG، خاکستری تیره، قطر ۱۴ سانتی‌متر",20,30000000,135,"success"
"40600712","کاسه ایکیا مدل GLADELIG، آبی، قطر ۱۴ سانتی‌متر",20,30000000,76,"success"
"00601469",-1,"گلدان گیاه مصنوعی ایکیا مدل FEJKA، ست ۳ عددی، قطر ۶ سانتی‌متر","",""
"90609932","حوله بزرگ حمام ایکیا مدل VAGSJON، صورتی، ۱۰۰x۱۵۰ سانتی‌متر",40,60000000,0,"success"
"50604880","ماگ ایکیا مدل FARGKLAR، صورتی ملایم، ظرفیت ۴۲۰ میلی‌لیتر",10,15000000,0,"success"
"40580479","قاشق سرو ماکارونی ایکیا مدل STRALFENA، چوب توس، 30 سانتی‌متر",0,0,78,"success"
"20603288","قاشق آشپزی ایکیا مدل STRALFENA، چوب توس، ۲۹ سانتی‌متر",0,0,412,"success"
"70609933","حوله دست ایکیا مدل VAGSJON، صورتی، ۴۰x۷۰ سانتی‌متر",10,15000000,17,"success"
"30609930","حوله حمام ایکیا مدل VAGSJON، صورتی، ۷۰x۱۴۰ سانتی‌متر",20,30000000,2,"success"
"30610542","حوله حمام ایکیا مدل VAGSJON، نارنجی-قرمز، ۷۰x۱۴۰ سانتی‌متر",20,30000000,23,"success"
"30573318","نگهدارنده به همراه ۳ تخته برش ایکیا مدل GUMMIHAJ، رنگ‌های ترکیبی",50,80000000,0,"success"
"70600720","بشقاب کناری ایکیا مدل GLADELIG، آبی، ۲۰ سانتی‌متر",20,30000000,197,"success"
"00596991","بشقاب کناری ایکیا مدل GLADELIG، خاکستری تیره، ۲۰ سانتی‌متر",20,30000000,180,"success"
"00600752","بشقاب کناری ایکیا مدل GLADELIG، خاکستری، ۲۰ سانتی‌متر",20,30000000,125,"success"
"30600717","دیس کوچک ایکیا مدل GLADELIG آبی، ۲۰x۱۳ سانتی‌متر",20,30000000,164,"success"
"70600758","دیس کوچک ایکیا مدل GLADELIG خاکستری، ۲۰x۱۳ سانتی‌متر",20,30000000,51,"success"
"60596709","ظرف ساندویچ درب دار ایکیا مدل PRUTA، یاسی/ سبز، ۲۲x۱۴x۵ سانتی‌متر",10,15000000,0,"success"
"70600348",-1,"حلقه گل مصنوعی ایکیا مدل HOSTAGILLE، رنگ‌های ترکیبی، ۶۰ سانتی‌متر","",""
"30538042","گل مصنوعی ایکیا مدل SMYCKA، مدل ادریسی/ صورتی روشن، ۴۵ سانتی‌متر",10,15000000,151,"success"
"40581153","تابه ۲۴ سانتی‌متری ایکیا مدل TAGGHAJ با روکش نچسب، مشکی",20,30000000,22,"success"
"50608265",-1,"کاسه ایکیا مدل OFTAST، سفید و مشکی با طرح نقطه‌ای، ۱۵ سانتی‌متر","",""
"30608247",-1,"کاسه ایکیا مدل OFTAST، سبز روشن با طرح نقطه‌ای، ۱۵ سانتی‌متر","",""
"00597542",-1,"شمع معطر در لیوان ایکیا مدل HOSTAGILLE ، رایحه کدو تنبل ادویه‌ای/قهوه‌ای، ۲۰ ساعته","",""
"90605967","قاشق قهوه ایکیا مدل TILLAGD، رنگ برنجی، ۱۲ سانتی‌متر",30,45000000,66,"success"
"10605947","ست ۴ تایی کارد پنیر ایکیا مدل TILLAGD، رنگ برنجی",80,120000000,59,"success"
"20605961","ست پذیرایی ۲ تکه ایکیا مدل  TILLAGD، رنگ برنجی",80,120000000,16,"success"
"79575212",-1,"ترکیب نظم‌ دهنده با جعبه ها ایکیا مدل TROFAST، چوب کاج، سفید، ۴۴x۳۰x۹۱ سانتی‌متر","",""
"89575443",-1,"ترکیب نظم‌ دهنده با جعبه ها ایکیا مدل TROFAST، چوب کاج، قرمز/ سفید، ۴۴x۳۰x۹۱ سانتی‌متر","",""
"59575430",-1,"ترکیب نظم‌ دهنده با جعبه ها ایکیا مدل TROFAST، چوب کاج، نارنجی ملایم/ سبز روشن، ۴۴x۳۰x۹۱ سانتی‌متر","",""
"19575432",-1,"ترکیب نظم‌ دهنده با جعبه ها ایکیا مدل TROFAST، چوب کاج، خاکستری/ سبز ملایم، ۴۴x۳۰x۹۱ سانتی‌متر","",""
"59575208",-1,"ترکیب نظم‌ دهنده با جعبه ها ایکیا مدل TROFAST، چوب کاج، سفید/ سبز روشن، ۴۴x۳۰x۹۱ سانتی‌متر","",""
"79575434",-1,"ترکیب نظم‌ دهنده با جعبه ها ایکیا مدل TROFAST، چوب کاج، نارنجی ملایم/ خاکستری، ۴۴x۳۰x۹۱ سانتی‌متر","",""
"69573280",-1,"ترکیب نظم‌ دهنده با جعبه/سینی ایکیا مدل TROFAST، چوب کاج، سفید، ۳۲x۴۴x۵۲ سانتی‌متر","",""
"29602010",-1,"ترکیب نظم‌ دهنده با جعبه/سینی ایکیا مدل TROFAST، چوب کاج، سفید/ یاسی، ۳۲x۴۴x۵۲ سانتی‌متر","",""
"69602013",-1,"ترکیب نظم‌ دهنده با جعبه/سینی ایکیا مدل TROFAST، چوب کاج، سفید/ آبی ملایم، ۳۲x۴۴x۵۲ سانتی‌متر","",""
"29573300",-1,"ترکیب نظم‌ دهنده با جعبه/سینی ایکیا مدل TROFAST، چوب کاج، سفید/خاکستری، ۳۲x۴۴x۵۲ سانتی‌متر","",""
"29575436",-1,"ترکیب نظم‌ دهنده با جعبه‌ ایکیا مدل TROFAST چوب کاج/ سفید، ۴۴x۳۰x۹۱ سانتی‌متر","",""
"89575438",-1,"ترکیب نظم‌ دهنده با جعبه‌ ایکیا مدل TROFAST چوب کاج/ قرمز، ۴۴x۳۰x۹۱ سانتی‌متر","",""
"99606707",-1,"ترکیب نظم‌ دهنده با جعبه‌ ایکیا مدل TROFAST چوب کاج/ چند رنگ، ۴۴x۳۰x۹۱ سانتی‌متر","",""
"69606704",-1,"ترکیب نظم‌ دهنده با جعبه‌ ایکیا مدل TROFAST چوب کاج/ یاسی، ۴۴x۳۰x۹۱ سانتی‌متر","",""
"29606701",-1,"ترکیب نظم‌ دهنده با جعبه‌ ایکیا مدل TROFAST چوب کاج/ آبی ملایم، ۴۴x۳۰x۹۱ سانتی‌متر","",""
"29575441",-1,"ترکیب نظم‌ دهنده با جعبه‌ ایکیا مدل TROFAST چوب کاج/ سبز روشن، ۴۴x۳۰x۹۱ سانتی‌متر","",""
"39533356","نظم‌دهنده دیواری ایکیا مدل TROFAST، چوب کاج / خاکستری تیره، ۹۳x۲۱x۳۰ سانتی‌متر",320,528000000,0,"success"
"19533357",-1,"نظم‌دهنده دیواری ایکیا مدل TROFAST، چوب کاج / آبی خاکستری، ۹۳x۲۱x۳۰ سانتی‌متر","",""
"39573408","ترکیب نظم‌ دهنده با جعبه‌ ایکیا مدل TROFAST چوب کاج/ سفید، ۹۴x۴۴x۹۱ سانتی‌متر",560,924000000,5,"success"
"49574327","ترکیب نظم‌ دهنده با جعبه‌ ایکیا مدل TROFAST چوب کاج/ قرمز، ۹۴x۴۴x۹۱ سانتی‌متر",560,924000000,0,"success"
"89573415","ترکیب نظم‌ دهنده با جعبه‌ ایکیا مدل TROFAST چوب کاج/ یاسی، ۹۴x۴۴x۹۱ سانتی‌متر",560,924000000,0,"success"
"59573412","ترکیب نظم‌ دهنده با جعبه‌ ایکیا مدل TROFAST چوب کاج/ آبی ملایم، ۹۴x۴۴x۹۱ سانتی‌متر",560,924000000,0,"success"
"59573600",-1,"ترکیب نظم‌ دهنده با جعبه‌ ایکیا مدل TROFAST چوب کاج/ خاکستری، ۹۴x۴۴x۹۱ سانتی‌متر","",""
"99573467","ترکیب نظم‌ دهنده با جعبه‌ ایکیا مدل TROFAST چوب کاج/ سبز روشن، ۹۴x۴۴x۹۱ سانتی‌متر",560,924000000,0,"success"
"49574332","ترکیب نظم‌ دهنده با جعبه‌ ایکیا مدل TROFAST چوب کاج/ سفید/ قرمز، ۹۴x۴۴x۹۱ سانتی‌متر",560,924000000,0,"success"
"19575489","نظم ‌دهنده دیواری ایکیا مدل TROFAST، چوب کاج /سفید، ۹۳x۲۱x۳۰ سانتی‌متر",270,445500000,0,"success"
"39574865","ترکیب نظم‌ دهنده با جعبه‌ ایکیا مدل TROFAST چوب کاج/ سفید، ۹۳x۴۴x۵۲ سانتی‌متر",460,759000000,11,"success"
"79574892",-1,"ترکیب نظم‌ دهنده با جعبه‌ ایکیا مدل TROFAST چوب کاج/ سفید/ خاکستری، ۹۳x۴۴x۵۲ سانتی‌متر","",""
"59574888","ترکیب نظم‌ دهنده با جعبه‌ ایکیا مدل TROFAST چوب کاج/ سفید/ سبز روشن، ۹۳x۴۴x۵۲ سانتی‌متر",460,759000000,0,"success"
"49574898","ترکیب نظم‌ دهنده با جعبه‌ ایکیا مدل TROFAST چوب کاج/ نارنجی ملایم/ قرمز، ۹۳x۴۴x۵۲ سانتی‌متر",460,759000000,0,"success"
"89574900",-1,"ترکیب نظم‌ دهنده با جعبه‌ ایکیا مدل TROFAST چوب کاج/ نارنجی ملایم/ خاکستری، ۹۳x۴۴x۵۲ سانتی‌متر","",""
"09574895","ترکیب نظم‌ دهنده با جعبه‌ ایکیا مدل TROFAST چوب کاج/ نارنجی ملایم/ سبز روشن، ۹۳x۴۴x۵۲ سانتی‌متر",460,759000000,0,"success"
"69574939",-1,"ترکیب نظم‌ دهنده با جعبه‌ ایکیا مدل TROFAST چوب کاج/ سبز ملایم/ خاکستری، ۹۳x۴۴x۵۲ سانتی‌متر","",""
"09574918","ترکیب نظم‌ دهنده با جعبه‌ ایکیا مدل TROFAST چوب کاج/ سبز ملایم/ سبز روشن، ۹۳x۴۴x۵۲ سانتی‌متر",460,759000000,0,"success"
"19533277",-1,"ترکیب نظم‌ دهنده با جعبه‌ ایکیا مدل TROFAST چوب کاج/ خاکستری – آبی/ خاکستری تیره، ۹۳x۴۴x۵۲ سانتی‌متر","",""
"19533258",-1,"ترکیب نظم‌ دهنده با جعبه‌ ایکیا مدل TROFAST چوب کاج/ قرمز ملایم، ۹۳x۴۴x۵۲ سانتی‌متر","",""
"19574475","ترکیب نظم‌ دهنده با جعبه‌ ایکیا مدل TROFAST سفید/ سبز ملایم/ سفید، ۹۹x۴۴x۵۶ سانتی‌متر",360,594000000,0,"success"
"39574728","ترکیب نظم‌ دهنده با جعبه‌ ایکیا مدل TROFAST سفید/ سبز ملایم/ قرمز، ۹۹x۴۴x۵۶ سانتی‌متر",360,594000000,0,"success"
"19574480","ترکیب نظم‌ دهنده با جعبه‌ ایکیا مدل TROFAST سفید/ سبز ملایم/ یاسی، ۹۹x۴۴x۵۶ سانتی‌متر",360,594000000,0,"success"
"79574477","ترکیب نظم‌ دهنده با جعبه‌ ایکیا مدل TROFAST سفید/ سبز ملایم/ آبی ملایم، ۹۹x۴۴x۵۶ سانتی‌متر",360,594000000,0,"success"
"99574730",-1,"ترکیب نظم‌ دهنده با جعبه‌ ایکیا مدل TROFAST سفید/ سبز ملایم/ خاکستری، ۹۹x۴۴x۵۶ سانتی‌متر","",""
"79574482","ترکیب نظم‌ دهنده با جعبه‌ ایکیا مدل TROFAST سفید/ سبز ملایم/ سبز روشن، ۹۹x۴۴x۵۶ سانتی‌متر",360,594000000,0,"success"
"59574459","ترکیب نظم‌ دهنده با جعبه‌ ایکیا مدل TROFAST سفید، ۹۹x۴۴x۵۶ سانتی‌متر",360,594000000,11,"success"
"90595794",-1,"گلدان ایکیا مدل HONUNGSPALM صورتی، 15 سانتی‌متر","",""
"00595798",-1,"گلدان ایکیا مدل HONUNGSPALM خاکستری/ بژ، 15 سانتی‌متر","",""
"60595795",-1,"گلدان ایکیا مدل HONUNGSPALM سبز، ۱۹ سانتی‌متر","",""
"30576246","آباژور رومیزی ایکیا مدل ASKMULLER، قابل تنظیم/ خاکستری روشن، ۲۴ سانتی‌متر",90,135000000,10,"success"
"50576231",-1,"آباژور رومیزی ایکیا مدل ASKMULLER، قابل تنظیم/ صورتی کم‌رنگ/قرمز، ۲۴ سانتی‌متر","",""
"90585950","لوستر آویز ایکیا مدل  STOCKHOLM 2025، شیشه‌ای/برنجی، 54 سانتی‌متر",450,742500000,0,"success"
"90585988","لوستر آویز ایکیا مدل  STOCKHOLM 2025 سفید پارچه‌ای/برنجی، ۵۰ سانتی‌متر",250,412500000,0,"success"
"50586305","لوستر آویز ایکیا مدل  STOCKHOLM 2025، شیشه‌ای/برنجی، ۳۸ سانتی‌متر",390,643500000,1,"success"
"90594006","آینه دیواری ایکیا مدل EKFANN با نور یکپارچه و قابل تنظیم/ مشکی",120,192000000,44,"success"
"30540016",-1,"آباژور ایستاده ایکیا مدل KLOVING زغالی","",""
"80561940","آباژور ایستاده/مطالعه ایکیا مدل  RODFLIK بژ روشن",180,297000000,13,"success"
"80563576","آباژور ایستاده/مطالعه ایکیا مدل  RODFLIK سبز خاکستری",180,297000000,12,"success"
"70559971","آباژور رومیزی ایکیا مدل FLYGHOJD، نیکل اندود/ سفید، ۵۴ سانتی‌متر",90,144000000,0,"success"
"90524457","آباژور رومیزی ایکیا مدل FLYGHOJD، برنجی/بژ، ۵۴ سانتی‌متر",90,144000000,0,"success"
"00568224","آباژور رومیزی ایکیا HOGVIND بدنه نیکل‌اندود و شیشه خاکستری",150,240000000,29,"success"
"70585611",-1,"آباژور رومیزی ایکیا BLASVERK  قرمز","",""
"80566674","آباژور ایستاده دو سری ایکیا مدل FOLKBAT مشکی",150,247500000,4,"success"
"40585924","آباژور ایستاده ایکیا مدل STOCKHOLM 2025، روکش سفید پارچه‌ای، پایه برنجی، ۱۵۹ سانتی‌متر",350,577500000,15,"success"
"80583616","شید/ کلاهک چراغ آویزایکیا مدل  GULLSUDARE دست‌ساز، سفید ۷۰ سانتی‌متر",20,32000000,97,"success"
"60528876","فرش دستباف ایکیا مدل SORTSO  آبی روشن/ ابعاد 55  در 85 سانتی‌متر",20,30000000,394,"success"
"70418518","فرش دستباف ایکیا مدل SORTSO   ابعاد 55  در 85 سانتی‌متر",20,30000000,218,"success"
"80567621","ست طی تمیزکننده ایکیا مدل PEPPRIG زرد/ آبی",100,150000000,65,"success"
"00586954","چراغ مطالعه ایکیا مدل SAMBORD مشکی/ سفید",80,128000000,21,"success"
"00594322","آباژور رومیزی ایکیا مدل NYMANE سفید ارتفاع 33 سانتی‌متر",120,192000000,0,"success"
"10592365","گلدان ایکیا مدل STILREN سفید 12 سانتی‌متر",20,30000000,296,"success"
"30293898","استند بامبو چاقو ایکیا مدل HYVLA",60,90000000,0,"success"
"10595439","اسفنج ظرفشویی ایکیا مدل SVAMPIG خاکستری - سبز",0,0,1347,"success"
"50589460","لیف حمام ایکیا مدل ABYAN پک ۳ عددی، رنگ نارنجی/سبز/سفید",10,15000000,1266,"success"
"76921",-1,"لگو مدل 76921 ماشین مسابقه‌ای آئودی S1 ای-ترون کواترو LEGO Audi S1 e-tron quattro Race Car`","",""
"76925",-1,"لگو مدل 76925 ماشین ایمنی و ماشین مسابقه فرمول یک استون مارتین AMR23  مدل LEGO Aston Martin Safety Car & AMR23","",""
"11015",-1,"لگو مدل 11015 سفر به دور دنیا  LEGO Around the World","",""
"71811",-1,"لگو مدل 71811 ماشین باگی نینجای آفرود آرین  LEGO Arin's Ninja Off-Road Buggy Car","",""
"76924",-1,"لگو مدل 76924 مرسدس-ای‌ام‌جی G 63 و مرسدس-ای‌ام‌جی SL 63 مدل LEGO Mercedes-AMG G 63 & Mercedes-AMG SL 63","",""
"77244",-1,"لگو مدل 77244 ماشین مسابقه فرمول یک لگو مرسدس-ای‌ام‌جی LEGO Mercedes-AMG F1® W15 Race Car","",""
"77243",-1,"لگو مدل 77243 ماشین مسابقه فرمول یک ردبول RB20 مدل  LEGO Oracle Red Bull Racing RB20 F1® Race Car","",""
"77250",-1,"لگو مدل 77250 ماشین مسابقه فرمول یک مدل VF-24 تیم هاس LEGO MoneyGram Haas F1® Team VF-24 Race Car","",""
"42203",-1,"لگو مدل 42203 کامیون کمپرسی LEGO Tipping Dump Truck","",""
"77246",-1,"لگو مدل 77246 ماشین مسابقه فرمول یک LEGO 4xVisa Cash App RB VCARB 01 F1® Race Car","",""
"60412",-1,"لگو مدل 60412 ماشین آتش نشانی 4x4 به همراه قایق نجات LEGO 4x4 Fire Truck with Rescue Boat","",""
"75404",-1,"لگو 75404 سفینه تهاجمی کلاس اَکلامِیتر LEGO Acclamator-Class Assault Ship","",""
"21034",-1,"لگو 21034 معماری لندن LEGO Architecture London","",""
"75401",-1,"لگو 75401 جنگنده جدای آسوکا LEGO Ahsoka's Jedi Interceptor","",""
"11028",-1,"لگو مدل 11028 سرگرمی خلاقانه با پاستل LEGO Creative Pastel Fun","",""
"11018",-1,"لگو مدل 11018 سرگرمی خلاقانه اقیانوس LEGO Creative Ocean Fun","",""
"11017",-1,"لگو مدل 11017 هیولاهای خلاق LEGO Creative Monsters","",""
"60401",-1,"لگو مدل 60401 غلتک بخار ساختمانی LEGO Construction Steamroller","",""
"71414",-1,"لگو مدل 71414 ست توسعه لگو Conkdor؛ ضربه به سر بازیکن LEGO Conkdor's Noggin Bopper Expansion Set","",""
"10452","لگو مدل 10452 سفر کمپینگ LEGO Camping Trip",40,60000000,"","success"
"77047",-1,"لگو مدل 77047 خرگوش در فضای باز  LEGO Bunnie's Outdoor Activities","",""
"42623",-1,"لگو مدل 42623 اسکوتر آبی ساحلی  LEGO Beach Water Scooter","",""
"76301",-1,"لگو مدل 76301 بتمن و بت‌موبیل در مقابل آقای فریز","",""
"42197",-1,"لگو مدل 42197 لودر بیل مکانیکی زرد LEGO Backhoe Loader","",""
"42646",-1,"لگو مدل 42646 اتاق پاییزی LEGO Autumn’s Room","",""
"42645",-1,"لگو مدل 42645 اتاق بازی خواهر کوچولوی آلیا LEGO Aliya's Baby Sister's Playroom","",""
"60459",-1,"لگو مدل 60459 ماشین مسابقه ای هواپیما و آمبولانس  LEGO Airplane vs. Hospital Bed Race Car Pack","",""
"40517",-1,"لگو مدل 40517 اسکوتر وسپا قرمز  LEGO Vespa","",""
"72032",-1,"لگو مدل 72032 ماشین مسابقه‌ ای ماریو LEGO Mario Kart™ – Standard Kart","",""
"76907",-1,"لگو مدل 76907 ماشین لوتوس سبز LEGO Lotus Evija","",""
"40650",-1,"لگو مدل 40650 لندرور کلاسیک زرد LEGO Land Rover Classic Defender","",""
"40220",-1,"لگو مدل 40220 اتوبوس دو طبقه قرمز LEGO London Bus","",""
"76908",-1,"لگو مدل 76908 شمارش معکوس لامبورگینی LEGO Lamborghini Countach","",""
"40468",-1,"لگو مدل 40468| تاکسی زرد LEGO Creator Yellow Taxi","",""
"31160",-1,"لگو مدل 31160 | هواپیمای مسابقه‌ای LEGO Creator 3in1","",""
"20594496",-1,"ساک خرید ایکیا مدل SKYNKE طرح‌دار/ چندرنگ/ ۳۶*۴۵ سانتی‌متر","",""
"50597101","ظرف نگهدارنده غذا درب دار ایکیا مدل PRUTA یاسی ۷۰ میلی‌لیتر/ ست ۳ تایی",0,0,0,"success"
"10597099","ظرف نگهدارنده غذا درب دار ایکیا مدل PRUTA سبز ست ۱۷تایی",20,32000000,0,"success"
"10597103","ظرف غذا درب دار ایکیا مدل PRUTA آبی ۰.۶ لیتر",0,0,0,"success"
"80595916",-1,"گلدان ایکیا مدل HASSELBUKETT سبز/ قهوه‌ای ۱۵ سانتی‌متر","",""
"70575947","میز و صندلی ۴ نفره چوبی ایکیا مدل HAGERNAS چوب کاج/ رنگ‌کاری آنتیک",600,990000000,7,"success"
"70577687","چراغ رومیزی قابل تنظیم ایکیا مدل TARNABY زرد تیره ۲۵ سانتی‌متر",90,144000000,14,"success"
"70578451","میز سینی دار ایکیا مدل GLADOM خاکستری تیره - سبز ۵۳*۴۵ سانتی‌متر",80,120000000,0,"success"
"20404887","لوستر سقفی ایکیا مدل NOSUND چوب توس ۴۴ سانتی‌متر",290,464000000,2,"success"
"80580731","شید لوستر ایکیا مدل BLASTANG قطر ۴۵ سانتی‌متر",80,128000000,13,"success"
"80544494","آشپزخانه کودک ایکیا مدل SILLTRUT خاکستری ۱۰۰*۴۰*۶۸ سانتی‌متر",350,577500000,64,"success"
"80584649",-1,"کاور کوسن ایکیا مدل MOSSNYCKLAR مشکی/ خاکستری روشن/ ۵۰*۵۰ سانتی‌متر","",""
"80586163","کاسه مخلوط کن ایکیا مدل VARDAGEN استیل ضد زنگ، ۴ لیتر",20,30000000,74,"success"
"90581867",-1,"سبد ذخیره سازی حصیری ایکیا مدل HOKRUBBA جنس hyacinth آبی ۱۸*۳۵*۲۶ سانتی‌متر","",""
"90585059",-1,"پتو/ شال مبل ایکیا مدل SVARTFRYLE زرد تیره/ خاکستری روشن ۱۷۰*۱۳۰ سانتی‌متر","",""
"19254332","ریل آویزان با قفسه/شبکه دیواری ایکیا مدل KUNGSFORS  استیل ضد زنگ",330,528000000,3,"success"
"59308328","ریل آویزان با قفسه/شبکه دیواری ایکیا مدل KUNGSFORS  استیل ضد زنگ/ بامبو",360,576000000,5,"success"
"49254335","ریل آویز / قفسه / آب‌چکان ظرف/ ایکیا مدل KUNGSFORS   نصب دیواری، استیل ضد زنگ/ چوب زبان‌گنجشک",690,1104000000,3,"success"
"40592566",-1,"سینی چوبی سرو ایکیا مدل GOKVALLA ابعاد ۳۱*۴۹ سانتی‌متر","",""
"00559578",-1,"ست ۳ تایی چاقو ایکیا مدل TIGERBARB خاکستری - فیروزه‌ای","",""
"20582766","ماگ ایکیا مدل MOSSMAL نقطه‌نقطه‌/ سبز روشن/ ۴۵۰ میلی‌لیتر",20,30000000,0,"success"
"30582761","بشقاب کوچک ایکیا مدل MOSSMAL نقطه‌نقطه‌/ سبز روشن/ ۱۸ سانتی‌متر",10,15000000,66,"success"
"90582777","کاسه ایکیا مدل MOSSMAL نقطه‌نقطه‌/ سبز روشن/ ۱۷ سانتی‌متر",10,15000000,6,"success"
"00585389",-1,"ست کاور لحاف و روبالشی ایکیا مدل  EKTANDVINGE ترکیب خاکستری تیره و سفید/ چهارخانه","",""
"60585466",-1,"ست کاور لحاف و روبالشی ایکیا مدل  EKTANDVINGE صورتی روشن / سفید/ چهارخانه","",""
"60585414",-1,"ست کاور لحاف و روبالشی ایکیا مدل  EKTANDVINGE طوسی مایل به سبز روشن / سفید/ چهارخانه","",""
"30591360",-1,"باکس نظم دهنده ایکیا مدل SKOGSDUVA سبز/ سفید/ ۳۳*۳۸*۳۳ سانتی‌متر","",""
"40591270",-1,"باکس نظم دهنده ایکیا مدل SKOGSDUVA چند رنگ/ ۳۳*۳۸*۳۳ سانتی‌متر","",""
"20576794","کاور تشک کودک ایکیا مدل SKOGSDUVA سفید/ زرد/ طرح گل ۲۰۰*۹۰ سانتی‌متر",40,60000000,6,"success"
"00578280",-1,"کیسه ذخیره سازی ایکیا مدل SKOGSDUVA طرح حیوانات جنگلی/ چندرنگ","",""
"00576832","کاور لحاف و روبالشی کودک ایکیا مدل SKOGSDUVA سبز آبی/ طرح جنگل",130,208000000,0,"success"
"90569016",-1,"فلاسک وکیوم ایکیا مدل GOKVALLA آبی روشن ۱.۵ لیتر","",""
"50575905","آباژور رومیزی ایکیا مدل NODMAST صورتی روشن/ سبز خاکستری تیره ۲۵ سانتی‌متر",60,90000000,0,"success"
"40592825","فرش مسطح ایکیا مدل TIPHEDE طبیعی/ مشکی ۵۰*۸۰ سانتی‌متر",10,15000000,212,"success"
"20557168","تخته خردکن/ سرو چوبی ایکیا مدل SMAATA چوب اقاقیا ۲۲*۲۸ سانتی‌متر",40,66000000,9,"success"
"10599499","سبد ذخیره سازی ایکیا مدل SKADIS خاکستری",20,30000000,38,"success"
"00585577",-1,"زیرگلدانی چرخ دار ایکیا مدل OLIVBLAD خاکستری تیره ۳۲ سانتی‌متر","",""
"40304900",-1,"چراغ آویز ایکیا مدل IKEA PS 2014 سفید/ مسی/ قطر ۵۲ سانتی‌متر","",""
"20304901","چراغ آویز ایکیا مدل IKEA PS 2014 سفید/ نقره‌ای/ قطر ۵۲ سانتی‌متر",600,960000000,5,"success"
"50531742","چراغ آویز ایکیا مدل IKEA PS 2014 مشکی/ قطر ۳۵ سانتی‌متر",250,400000000,0,"success"
"90311494","چراغ آویز ایکیا مدل IKEA PS 2014 سفید/ نقره‌ای قطر ۳۵ سانتی‌متر",250,400000000,0,"success"
"40566421",-1,"چراغ آویز ایکیا مدل REMTANG خاکستری - سبز/ قطر ۳۸ سانتی‌متر","",""
"50504772",-1,"چراغ آویز ایکیا مدل SVARTNORA افکت استیل ضدزنگ/ قطر ۳۸ سانتی‌متر","",""
"79574806",-1,"چراغ آویز ایکیا مدل  BLASTANG / HEMMA بژ/ مشکی/ قطر ۴۵ سانتی‌متر","",""
"10549409","چراغ آویز ایکیا مدل MUDDERVERK برنجی / شیشه سفید اپال",200,320000000,5,"success"
"19444083",-1,"چراغ آویز ایکیا مدل REGOLIT / HEMMA سفید ۴۵ سانتی‌متر","",""
"50522479",-1,"لوستر استیل ۶ بازو ایکیا مدل HARMOJA قطر ۶۲ سانتی‌متر","",""
"30357362","چراغ دیوارکوب ایکیا مدل SKURUP مشکی/ نصب با سیم",60,90000000,91,"success"
"10395925","لوستر سقفی ۳ سر ایکیا مدل SKURUP مشکی",100,160000000,2,"success"
"90556684",-1,"صافی سینک ایکیا مدل SKOLAST","",""
"20559172",-1,"چراغ آویز ایکیا مدل BUNKEFLO قرمز/ چوب توس/ ۳۶ سانتی‌متر","",""
"50582784","چراغ آویز ایکیا مدل RODFLIK بژ روشن",150,240000000,16,"success"
"90582758","چراغ آویز ایکیا مدل RODFLIK خاکستری-سبز",150,240000000,0,"success"
"40334921","ریل مغناطیسی استیل ایکیا مدل KUNGSFORS برای نگهداری چاقو",80,120000000,24,"success"
"40371225","آبچکان استیل ایکیا مدل KUNGSFORS",140,224000000,26,"success"
"80571897",-1,"چراغ LED رومیزی ایکیا مدل SOLVINDEN با باتری/ برای فضای باز/ سبز ۲۹ سانتی‌متر","",""
"80571859",-1,"آباژور LED رومیزی ایکیا مدل SOLVINDEN با باتری/ برای فضای باز ۴۵ cm","",""
"70571826",-1,"لوستر LED ایکیا مدل SOLVINDEN بیضی/ برای فضای باز ۳۷ سانتی‌متر","",""
"70571874",-1,"آباژور LED رومیزی ایکیا مدل SOLVINDEN با باتری/ برای فضای باز ۲۴ سانتی‌متر","",""
"60571860",-1,"آباژور LED رومیزی ایکیا مدل SOLVINDEN با باتری/ برای فضای باز ۳۵ سانتی‌متر","",""
"60581821",-1,"گلدان ایکیا مدل FRODD سبز تیره ۲۱ سانتی‌متر","",""
"10461133",-1,"گیاه مصنوعی گلدانی ایکیا مدل FEJKA طرح آویز قلبی قطر ۹ سانتی‌متر","",""
"00395290",-1,"گیاه مصنوعی گلدانی ایکیا مدل FEJKA طرح Ranunculus صورتی قطر ۱۲ سانتی‌متر","",""
"30575124","دستکش فر ایکیا مدل RINNIG طرح دار بژ روشن/خاکستری - سبز/ قهوه ای - قرمز",30,45000000,0,"success"
"10585063",-1,"پتو/ شال مبل ایکیا مدل MANTELFLY مایل به سفید/ خاکستری روشن ۱۷۰*۱۳۰ سانتی‌متر","",""
"10589202",-1,"پتو/ شال مبل ایکیا مدل BRANNBOLL آبی کم‌رنگ/زرد روشن، ۱۷۰*۱۳۰ سانتی‌متر","",""
"00586360","میز کنار مبل چرخ دار ایکیا مدل BRANNBOLL ابعاد ۶۹×۳۹ سانتی‌متر",190,313500000,6,"success"
"30586542",-1,"ست ۳ تایی استند دکوراتیو ایکیا مدل BRANNBOLL","",""
"00580914",-1,"پادری ایکیا مدل TIOKRONA ابعاد ۶۰*۴۰ سانتی‌متر","",""
"60584221",-1,"تخته سرو چوبی ایکیا مدل KRUSTISTEL چوب راش ۲۲*۲۹ سانتی‌متر","",""
"50585787",-1,"استند سرو ایکیا مدل KRUSTISTEL بامبو/ فیروزه‌ای","",""
"50587442","جاشمعی ایکیا مدل VARSYREN قهوه‌ای - نارنجی ۱۲ سانتی‌متر/ طرح فانوس",0,0,65,"success"
"60581784","جاشمعی ایکیا مدل VARSYREN سفید ۱۲ سانتی‌متر/ طرح فانوس",0,0,38,"success"
"50586536","سبد نظم دهنده ایکیا مدل BRANNBOLL پایه‌دار/ خاکستری/ زرد ۳۰*۳۳*۳۰ سانتی‌متر",150,225000000,3,"success"
"50586490","کاسه ایکیا مدل GLADELIG آبی ۱۹ سانتی‌متر",20,30000000,64,"success"
"50576170","آویز چوبی لباس ایکیا مدل STOREDAMM اقاقیا/ حصیر",50,75000000,8,"success"
"30590445","آینه ایکیا مدل LINDBYN دور مشکی ۶۰*۲۸ سانتی‌متر",80,128000000,9,"success"
"30590803",-1,"آینه دیواری ایکیا مدل LINDBYN دور آبی ۵۰ سانتی‌متر","",""
"30590431","قالب استیل برش شیرینی پزی ایکیا مدل LATTBAKAD ست ۴تایی",10,15000000,112,"success"
"70581868",-1,"سبد حصیری ایکیا مدل HOKRUBBA جنس برگ موز","",""
"30579023","ست دوتایی قلاب آویز ایکیا مدل JORDMANEN خاکستری تیره - سبز",10,15000000,78,"success"
"30554635","صندلی بار ایکیا مدل GRONSTA سفید ۶۴ سانتی‌متر",400,660000000,0,"success"
"60554634","صندلی بار ایکیا مدل GRONSTA خاکستری فیروزه‌ای ۶۴ سانتی‌متر",400,660000000,17,"success"
"80587073","روتختی ایکیا مدل JAKOBSLILJA مایل به سفید ۲۵۰*۲۳۰ سانتی‌متر",200,320000000,2,"success"
"20587071","روتختی ایکیا مدل JAKOBSLILJA مایل به سفید ۲۵۰*۱۵۰ سانتی‌متر",150,240000000,4,"success"
"20586156","ست ۴تایی لیوان شیشه ای آبمیوه ایکیا مدل FROJDA شفاف ۴۷۰ میلی‌لیتر",60,90000000,0,"success"
"30584227",-1,"ظرف فر ایکیا مدل POETISK مستطیلی/ سبز روشن ۲۰*۳۰ سانتی‌متر","",""
"20584256",-1,"ظرف فر ایکیا مدل POETISK بیضی/ زرد روشن ۲۱*۳۲ سانتی‌متر","",""
"20581489","لیوان شیشه ای اسپرسو ایکیا مدل POKAL شفاف ۱۰۰ میلی‌لیتر",0,0,0,"success"
"60433939",-1,"گیاه مصنوعی گلدانی ایکیا مدل FEJKA بامبو خانگی قطر ۹ سانتی‌متر","",""
"00428993","چراغ دیواری دوتایی ایکیا مدل NYMANE سیمی/ سفید",150,225000000,19,"success"
"00539203","آباژور رومیزی ایکیا مدل VINDKAST سفید ۲۶ سانتی‌متر",100,150000000,114,"success"
"20450520","لوستر ایکیا مدل VINDKAST سفید ۵۰ سانتی‌متر",150,225000000,21,"success"
"70530100",-1,"نورپردازی دکوراسیون ال ای دی ایکیا مدل BJORKSPIREA برنجی رنگ/ الماسی، ۲ عددی","",""
"69387358","آباژور رومیزی ایکیا مدل RINGSTA / SKAFTET سفید/ پایه نیکل اندود ۵۶ سانتی‌متر",150,247500000,2,"success"
"59387373","آباژور رومیزی ایکیا مدل RINGSTA / SKAFTET سفید/ برنجی ۵۶ سانتی‌متر",150,247500000,2,"success"
"29385691","آباژور رومیزی ایکیا مدل RINGSTA / SKAFTET سفید/ برنجی ۴۱ سانتی‌متر",90,148500000,0,"success"
"79386565","آباژور رومیزی ایکیا مدل RINGSTA / SKAFTET سفید/ نیکل اندود ۴۱ سانتی‌متر",90,148500000,25,"success"
"99387446","آباژور ایستاده ایکیا مدل RINGSTA / SKAFTET سفید/ نیکل اندود",230,379500000,0,"success"
"99387413","آباژور ایستاده ایکیا مدل RINGSTA / SKAFTET سفید/ برنجی",230,379500000,0,"success"
"10586623",-1,"سینی بامبو ایکیا مدل KRUSTISTEL قطر ۳۶ سانتی‌متر","",""
"00584219",-1,"زیر بشقابی ایکیا مدل KRUSTISTEL طرح‌دار نقطه‌ای/ چند رنگ ۴۵*۳۵ سانتی‌متر","",""
"00584224",-1,"رومیزی ایکیا مدل KRUSTISTEL طرح‌دار/ سفید/ بژ روشن ۲۴۰*۱۴۵ سانتی‌متر","",""
"00582461",-1,"ساعت دیواری ایکیا مدل SYKOMORLONN سفید/ آبی ۳۰ سانتی‌متر","",""
"10570518",-1,"کاسه دکوری ایکیا مدل SILKESTRAD قهوه‌ای - قرمز ۱۸ سانتی‌متر","",""
"00570528",-1,"سینی شمع ایکیا مدل SILKESTRAD سبز روشن ۱۸ سانتی‌متر","",""
"70540482",-1,"ساعت رومیزی زنگ دار ایکیا مدل DEKAD سفید قطر ۱۰ سانتی‌متر","",""
"70395300",-1,"گیاه مصنوعی گلدانی ایکیا مدل FEJKA ساکولنت قطر ۹ سانتی‌متر","",""
"70491575",-1,"گیاه مصنوعی گلدانی ایکیا مدل FEJKA بنجامین قطر ۲۱ سانتی‌متر","",""
"80285909",-1,"گلدان و گل مصنوعی ایکیا مدل FEJKA ارکیده سفید قطر ۱۲ سانتی‌متر","",""
"80335773","برگ مصنوعی ایکیا مدل SMYCKA اکالیپتوس/سبز ارتفاع ۶۵ سانتی‌متر",10,16000000,384,"success"
"80409764",-1,"شاخه گل مصنوعی ایکیا مدل SMYCKA لیسیانتوس/صورتی تیره ارتفاع ۶۰ سانتی‌متر","",""
"80519767",-1,"گیاه مصنوعی گلدانی ایکیا مدل FEJKA ساکولنت قطر ۶ سانتی‌متر","",""
"80548185",-1,"گیاه مصنوعی گلدانی ایکیا مدل FEJKA نخل کنتیا قطر ۲۳ سانتی‌متر","",""
"40577467","آباژور ایستاده ۳ شاخه ایکیا مدل HEKTAR قهوه‌ای - قرمز",350,560000000,0,"success"
"60463686","ماهیتابه استیل با روکش نچسب برند ایکیا مدل MIDDAGSMAT قطر ۳۲ سانتی‌متر",80,128000000,0,"success"
"00463689","ماهیتابه استیل با روکش نچسب ایکیا مدل MIDDAGSMAT قطر ۲۸ سانتی‌متر",60,96000000,78,"success"
"50586777","باکس نظم دهنده ایکیا مدل BLADDRA خاکستری ۳۳*۳۸*۳۳ سانتی‌متر",40,60000000,0,"success"
"60591839","لیوان شیشه ای ایکیا مدل ANKEBLOMSTER شفاف ۲۵۰ میلی‌لیتر",0,0,708,"success"
"60581449",-1,"ست ۸ عددی همزن استیل نوشیدنی ایکیا مدل FROJDA","",""
"80581863",-1,"ست ۲ عددی سبد ایکیا مدل SNOPLOG درب‌دار/ جنس صنوبر","",""
"70581849",-1,"ست ۳تایی سبد ایکیا مدل SNOPLOG بامبو","",""
"70595436","نظم دهنده آشپزخانه ایکیا مدل VALVARDAD سفید ۱۲.۹*۹*۲۲.۵ سانتی‌متر",20,30000000,0,"success"
"20595434","جا صابون مایع ایکیا مدل VALVARDAD قهوه ای",10,15000000,81,"success"
"70590797",-1,"آینه ایکیا مدل LINDBYN قرمز ۶۰*۲۸ سانتی‌متر","",""
"70590448","آینه ایکیا مدل LINDBYN مشکی ۵۰ سانتی‌متر",80,132000000,64,"success"
"70588775",-1,"کیف حمل وسایل ایکیا مدل SKYNKE سفید/ چندرنگ ۳۶*۴۵ سانتی‌متر","",""
"70581444",-1,"چنگال استیل سالاد/ دسر ایکیا مدل FROJDA طول ۱۴ سانتی‌متر","",""
"70581321",-1,"دکوری ایکیا مدل FROJDA توپ دیسکو/ افکت کروم ۳۵ سانتی‌متر","",""
"20581408",-1,"سینی استیل ایکیا مدل FROJDA ابعاد ۱۴*۴۴ سانتی‌متر","",""
"20581385","لیوان آبمیوه شیشه ای ایکیا مدل FROJDA شفاف ۴تایی ۲۰۰ میلی‌لیتر",50,75000000,0,"success"
"20590785",-1,"پتو/ شال مبل ایکیا مدل GINSTSACKMAL سیاه/ سفید ۱۷۰*۱۳۰ سانتی‌متر","",""
"10581866",-1,"سبد حصیری ایکیا مدل HOKRUBBA قطر ۳۴ سانتی‌متر","",""
"29009566",-1,"فریم چوبی تختخواب ایکیا مدل TARVA ابعاد ۲۰۰*۱۲۰ سانتی‌متر","",""
"40598002",-1,"گلدان گیاه ایکیا مدل STILREN فیروزه ای تیره قطر ۱۵ سانتی‌متر","",""
"00597995",-1,"گلدان گیاه ایکیا مدل STILREN فیروزه ای تیره","",""
"90597991",-1,"گلدان ایکیا مدل STILREN فیروزه ای روشن ارتفاع ۱۲ سانتی‌متر","",""
"00591795","پتو/ شال مبل ایکیا مدل KLIPPOXEL نارنجی/ صورتی روشن ۱۷۰*۱۳۰ سانتی‌متر",100,160000000,7,"success"
"30584623",-1,"پتو/ شال مبل ایکیا مدل KLIPPOXEL آبی ۱۷۰*۱۳۰ سانتی‌متر","",""
"70584621","پتو/ شال مبل ایکیا مدل KLIPPOXEL رنگ متمایل به سفید ۱۷۰*۱۳۰ سانتی‌متر",100,160000000,43,"success"
"60573623","جعبه جواهرات ایکیا مدل HALSREM ابعاد ۲۱.۸*۳۲.۸ سانتی‌متر",110,165000000,34,"success"
"90574937",-1,"کاسه تزیینی پایه دار ایکیا مدل HACKPOPPEL قهوه ای عرض ۲۴ سانتی‌متر","",""
"00562104","باکس نظم دهنده کشو ایکیا مدل VISSLAAN خاکستری ۹*۳۱*۳۲ سانتی‌متر",70,112000000,13,"success"
"20562117","ست ۳ عددی نظم دهنده کشو ایکیا مدل VISSLAAN خاکستری",30,45000000,35,"success"
"00571698",-1,"گلدان و گیاه مصنوعی ایکیا مدل FEJKA نمونه sandalwood قرمز ۱۹ سانتی‌متر","",""
"50582557",-1,"دسته گل مصنوعی ایکیا مدل SMYCKA نارنجی/ زرد ۴۱ سانتی‌متر","",""
"10582564",-1,"تاج گل مصنوعی ایکیا مدل SMYCKA قهوه ای خشک شده ۴۵ سانتی‌متر","",""
"20409762",-1,"شاخه گل مصنوعی ایکیا مدل SMYCKA ژربرا/ قرمز ارتفاع ۵۰ سانتی‌متر","",""
"00586355","گلدان و گیاه مصنوعی ایکیا مدل FEJKA اسطوخودوس",60,90000000,0,"success"
"30578071",-1,"گلدان و گیاه مصنوعی ایکیا مدل FEJKA پرنده بهشتی/ ۲۳ سانتی‌متر","",""
"00542413",-1,"نورافکن LED گیره ای ایکیا مدل TAGVIRKE مشکی/ باتری خور","",""
"30509558",-1,"شید آباژور ایکیا مدل SKOTTORP خاکستری عرض ۳۳ سانتی‌متر","",""
"00509545",-1,"شید آباژور ایکیا مدل SKOTTORP خاکستری عرض ۱۹ سانتی‌متر","",""
"00541531","آباژور ایستاده ایکیا مدل OKENSAND سفید/ پایه چوب راش",250,400000000,1,"success"
"00533437",-1,"آباژور ایستاده ایکیا مدل  BYGGKORN مشکی/ سفید","",""
"30559261","آباژور ایستاده ایکیا مدل KINNAHULT سفید ۱۵۰ سانتی‌متر",190,313500000,0,"success"
"00424787","نورافکن ایکیا مدل NYMANE با یک سری/ سفید",80,132000000,22,"success"
"00430769",-1,"چراغ سقفی با ۳ لامپ ایکیا مدل DEJSA روکش کروم/ شیشه سفید عقیق","",""
"00404893","نورافکن سقفی ایکیا مدل NAVLINGE سفید ۳ سر",60,99000000,0,"success"
"20431602",-1,"چراغ دیواری ایکیا مدل FRIHULT رنگ برنجی","",""
"40431601","چراغ دیواری ایکیا مدل FRIHULT استیل ضدزنگ",150,247500000,7,"success"
"70405361","شید آباژور ایکیا مدل RINGSTA سفید/ عرض ۴۲ سانتی‌متر",80,128000000,0,"success"
"10405364","شید آباژور ایکیا مدل RINGSTA سفید/ عرض ۳۳ سانتی‌متر",50,80000000,2,"success"
"90404092","شید آباژور ایکیا مدل RINGSTA سفید ۱۹ سانتی‌متر",40,64000000,25,"success"
"29388656","میز و صندلی ۴ نفره بامبو ایکیا مدل VOXLOV / VOXLOV اندازه ۹۰*۱۸۰ سانتی‌متر",2600,4160000000,1,"success"
"60587154","گیاه و گلدان مصنوعی ایکیا مدل FEJKA کاکتوس ۶ سانتی‌متر",0,0,699,"success"
"40568892",-1,"گیاه و گلدان مصنوعی ایکیا مدل FEJKA بامبو ۲۳ سانتی‌متر","",""
"60587173","شاخه گل مصنوعی ایکیا مدل SMYCKA کوکب صورتی ۳۰ سانتی‌متر",0,0,380,"success"
"70504988","آباژور رومیزی ایکیا مدل SAXHYTTAN بژ/ مشکی ۲۶ سانتی‌متر",80,120000000,0,"success"
"50512852",-1,"پرده حمام ایکیا مدل  RANEALVEN سفید/ فیروزه‌ای ۲۰۰*۱۸۰ سانتی‌متر","",""
"50466015",-1,"حلقه استیل پرده حمام ایکیا مدل  RUDSJON بسته ۱۲تایی","",""
"00466008","حلقه پرده حمام ایکیا مدل HASSJON سفید/ بسته ۱۲تایی",0,0,0,"success"
"60496757",-1,"پرده حمام ایکیا مدل ANGSKLOCKA سفید/ آبی ۲۰۰*۱۸۰ سانتی‌متر","",""
"70557415",-1,"پرده حمام ایکیا مدل   SNOJONKVILL سفید/ سبز ۲۰۰*۱۸۰ سانتی‌متر","",""
"60466072",-1,"پرده حمام ایکیا مدل  BASTSJON سفید/ زرد/ یاسی ۲۰۰*۱۸۰ سانتی‌متر","",""
"80466066",-1,"پرده حمام ایکیا مدل  BASTSJON سفید/ خاکستری/ بژ ۲۰۰*۱۸۰ سانتی‌متر","",""
"00557372",-1,"پرده حمام ایکیا مدل  SVARTSTARR سفید/ خاکستری ۲۰۰*۱۸۰ سانتی‌متر","",""
"50487824",-1,"پرده حمام ایکیا مدل VATTENSJON سفید/ آبی/ طرح ماهی ۲۰۰*۱۸۰ سانتی‌متر","",""
"90554538","جعبه نظم دهنده ایکیا مدل VISSLAAN درب دار/ ست ۵تایی/ خاکستری",50,80000000,40,"success"
"70578069",-1,"گلدان مصنوعی پتوس ایکیا مدل FEJKA آویز ۱۲ سانتی‌متر","",""
"40548861",-1,"قاب عکس چوبی ایکیا مدل RODALM ابعاد ۱۵*۱۰ سانتی‌متر","",""
"00579915",-1,"کیسه زیپ دار ایکیا مدل ISTAD سبز روشن طرح‌دار ۲.۵ لیتر ۲۰ عددی","",""
"70579912",-1,"کیسه زیپ دار ایکیا مدل ISTAD یاسی طرح‌دار یک لیتر ۲۰ عددی","",""
"80583739","قهوه/ چای ساز ایکیا مدل UPPHETTA استیل یک لیتر",40,60000000,2,"success"
"50360009",-1,"زیرپایی ایکیا مدل STRANDMON سبز تیره","",""
"50492811",-1,"زیرپایی ایکیا مدل STRANDMON بژ","",""
"50300416",-1,"زیرپایی ایکیا مدل STRANDMON خاکستری تیره","",""
"90456967",-1,"زیرپایی ایکیا مدل STRANDMON مشکی/ بژ","",""
"70444292","ست 2 تایی پیمانه فلزی ایکیا مدل IKEA 365+",20,30000000,14,"success"
"60561187",-1,"لامپ ال ای دی ایکیا مدل MOLNART لوله‌ای/ شیشه شفاف/ پایه E27","",""
"89564604",-1,"صندلی حصیری ایکیا مدل SALNO / GRYTTOM با بالشتک","",""
"50420206","سطل زباله درب دار 35 لیتری ایکیا HALLBAR خاکستری روشن",60,90000000,52,"success"
"90432194","سطل زباله درب دار 3 لیتری ایکیا HALLBAR خاکستری روشن",20,30000000,74,"success"
"20420203","سطل زباله درب دار 22 لیتری ایکیا HALLBAR خاکستری روشن",50,75000000,113,"success"
"00534229",-1,"برس ظرفشویی ایکیا مدل ANTAGEN - نارنجی","",""
"30534223","برس ظرفشویی ایکیا مدل ANTAGEN - سفید",0,0,405,"success"
"60534226","برس ظرفشویی ایکیا مدل ANTAGEN - سبز",0,0,1308,"success"
"50581483","کفگیر ایکیا VARDAGEN استیل/چوب راش، 36 سانتی‌متر",20,30000000,130,"success"
"60581487","رنده دستی ایکیا VARDAGEN استیل/چوب راش، 33 سانتی‌متر",20,30000000,0,"success"
"50581510","درب بازکن بطری/قوطی ایکیا VARDAGEN استیل/چوب راش، 18 سانتی‌متر",20,30000000,162,"success"
"80581486","کفگیر ترنر ایکیا VARDAGEN استیل/چوب راش، 30 سانتی‌متر",20,30000000,304,"success"
"10581507","پوره ساز دستی سیب زمینی ایکیا VARDAGEN استیل/چوب راش، 30 سانتی‌متر",20,30000000,32,"success"
"30581511","آبکش رشته ایکیا VARDAGEN استیل/چوب راش، 30 سانتی‌متر",20,30000000,54,"success"
"30581479","ملاقه ایکیا VARDAGEN استیل/چوب راش، 33 سانتی‌متر",20,30000000,0,"success"
"40581501","انبر آشپزی ایکیا VARDAGEN استیل/چوب راش، 30 سانتی‌متر",20,30000000,0,"success"
"10581480","همزن دستی بالونی ایکیا VARDAGEN استیل/چوب راش، 30 سانتی‌متر",20,30000000,51,"success"
"40359148","ظرف غذا ایکیا مدل IKEA 365+ پلاستیک/ مستطیل یک لیتر",10,15000000,44,"success"
"20586420","ست 7 پارچه لوازم جانبی ایکیا SKADIS سفید",30,45000000,108,"success"
"00335705",-1,"برگ مصنوعی ایکیا مدل SMYCKA مدل Monstera سبز ۸۰ سانتی‌متر","",""
"40335708",-1,"گل مصنوعی ایکیا مدل SMYCKA مدل لیلی صورتی ۸۵ سانتی‌متر","",""
"90493385",-1,"گیاه مصنوعی گلدانی ایکیا مدل FEJKA مدل بونسای ۱۶ سانتی‌متر","",""
"80568890",-1,"گیاه مصنوعی گلدانی ایکیا مدل FEJKA مدل برگ ویولونی ۱۹ سانتی‌متر","",""
"10505684",-1,"بشقاب ایکیا مدل STRIMMIG آبی ۲۷ سانتی‌متر","",""
"50505644",-1,"بشقاب ایکیا مدل STRIMMIG خاکستری ۲۷ سانتی‌متر","",""
"50567670",-1,"بشقاب ایکیا مدل STRIMMIG خاکستری - سبز ۲۷ سانتی‌متر","",""
"40514823","پرده‌کرکره‌ای ایکیا مدل  FONSTERBLAD ابعاد ۱۵۵*۱۰۰ سانتی‌متر - سفید",70,115500000,12,"success"
"10538444","پرده‌کرکره‌ای ایکیا مدل  FONSTERBLAD ابعاد ۱۵۵*۱۰۰ سانتی‌متر - بژ",70,115500000,53,"success"
"40538447","پرده‌کرکره‌ای ایکیا مدل  FONSTERBLAD ابعاد ۱۵۵*۱۲۰ سانتی‌متر - بژ",80,132000000,17,"success"
"10538383","پرده‌کرکره‌ای ایکیا مدل  FONSTERBLAD ابعاد ۱۵۵*۱۲۰ سانتی‌متر - سفید",80,132000000,16,"success"
"50538456","پرده‌کرکره‌ای ایکیا مدل  FONSTERBLAD ابعاد ۱۵۵*۸۰ سانتی‌متر - بژ",60,99000000,18,"success"
"20538392","پرده‌کرکره‌ای ایکیا مدل  FONSTERBLAD ابعاد ۱۵۵*۸۰ سانتی‌متر - سفید",60,99000000,4,"success"
"80538389","پرده‌کرکره‌ای ایکیا مدل  FONSTERBLAD ابعاد ۱۵۵*۶۰ سانتی‌متر - سفید",50,82500000,23,"success"
"20538453","پرده‌کرکره‌ای ایکیا مدل  FONSTERBLAD ابعاد ۱۵۵*۶۰ سانتی‌متر - بژ",50,82500000,30,"success"
"60396866","پرده‌کرکره‌ای ایکیا مدل FRIDANS ابعاد ۱۹۵*۸۰ سانتی‌متر - سفید",90,148500000,21,"success"
"80595695",-1,"پرده‌کرکره‌ای ایکیا مدل FRIDANS ابعاد ۱۹۵*۸۰ سانتی‌متر - زرد","",""
"90396935","پرده‌کرکره‌ای ایکیا مدل FRIDANS ابعاد ۱۹۵*۸۰ سانتی‌متر - خاکستری",90,148500000,5,"success"
"60396908",-1,"پرده‌کرکره‌ای ایکیا مدل FRIDANS ابعاد ۱۹۵*۸۰ سانتی‌متر - آبی","",""
"30396858","پرده‌کرکره‌ای ایکیا مدل FRIDANS ابعاد ۱۹۵*۱۰۰ سانتی‌متر - سفید",100,165000000,14,"success"
"60595696",-1,"پرده‌کرکره‌ای ایکیا مدل FRIDANS ابعاد ۱۹۵*۱۰۰ سانتی‌متر - زرد","",""
"60396913","پرده‌کرکره‌ای ایکیا مدل FRIDANS ابعاد ۱۹۵*۱۰۰ سانتی‌متر - خاکستری",100,165000000,17,"success"
"40396886",-1,"پرده‌کرکره‌ای ایکیا مدل FRIDANS ابعاد ۱۹۵*۱۰۰ سانتی‌متر - آبی","",""
"80396865","پرده‌کرکره‌ای ایکیا مدل FRIDANS ابعاد ۱۹۵*۶۰ سانتی‌متر - سفید",70,115500000,18,"success"
"60396932","پرده‌کرکره‌ای ایکیا مدل FRIDANS ابعاد ۱۹۵*۶۰ سانتی‌متر - خاکستری",70,115500000,23,"success"
"20396905",-1,"پرده‌کرکره‌ای ایکیا مدل FRIDANS ابعاد ۱۹۵*۶۰ سانتی‌متر - آبی","",""
"10396859","پرده‌کرکره‌ای ایکیا مدل  FRIDANS ابعاد ۱۹۵*۱۲۰ سانتی‌متر - سفید",110,181500000,2,"success"
"40595697",-1,"پرده‌کرکره‌ای ایکیا مدل  FRIDANS ابعاد ۱۹۵*۱۲۰ سانتی‌متر - زرد","",""
"70396917","پرده‌کرکره‌ای ایکیا مدل  FRIDANS ابعاد ۱۹۵*۱۲۰ سانتی‌متر - خاکستری",110,181500000,9,"success"
"80396889",-1,"پرده‌کرکره‌ای ایکیا مدل  FRIDANS ابعاد ۱۹۵*۱۲۰ سانتی‌متر - آبی","",""
"50491086","پرده‌کرکره‌ای ایکیا مدل TRETUR ابعاد ۱۹۵*۱۰۰ سانتی‌متر - سفید",190,313500000,23,"success"
"60380460","پرده‌کرکره‌ای ایکیا مدل TRETUR ابعاد ۱۹۵*۱۰۰ سانتی‌متر - خاکستری روشن",190,313500000,1,"success"
"30491087","پرده‌کرکره‌ای ایکیا مدل TRETUR ابعاد ۱۹۵*۱۲۰ سانتی‌متر - سفید",210,346500000,6,"success"
"40380989","پرده‌کرکره‌ای ایکیا مدل TRETUR ابعاد ۱۹۵*۱۲۰ سانتی‌متر - خاکستری روشن",210,346500000,5,"success"
"60575783",-1,"شمعدان ایکیا مدل HOSTAGILLE مشکی ۴ شاخه ۳۷ سانتی‌متر","",""
"70574938",-1,"کاسه دکوری ایکیا مدل HACKPOPPEL آبی ۲۴ سانتی‌متر","",""
"60582509",-1,"گیاه گلدانی ایکیا FEJKA درختچه دودی، 12 سانتی‌متر","",""
"10514042",-1,"باکس ایکیا مدل KUGGIS مشکی شفاف/ درب‌دار ۲۱*۵۴*۳۷ سانتی‌متر","",""
"70515500","باکس ذخیره‌سازی ایکیا مدل DRONJONS سفید ۳۳*۳۷*۳۳ سانتی‌متر",60,99000000,0,"success"
"40543217","باکس ذخیره‌سازی ایکیا مدل PLOGFARA بژ روشن ۳۲*۳۳*۳۵ سانتی‌متر",90,144000000,11,"success"
"80359212","شلف دیواری ایکیا TORNVIKEN خاکستری، 50 سانتی‌متر",140,224000000,7,"success"
"00394422",-1,"قفسه بشقاب ایکیا TORNVIKEN خاکستری، 80x100 سانتی‌متر","",""
"10588778",-1,"چتر تاشو سبز/راه راه ایکیا مدل KNALLA","",""
"60282332","چتر مشکی ایکیا مدل KNALLA",30,45000000,43,"success"
"70539332","لامپ ایکیا مدل LUNNOM ال‌ای‌دی E14 شفاف، ۱۰۰ لومن",20,30000000,54,"success"
"50539347","لامپ ایکیا مدل LUNNOM ال‌ای‌دی E27 گلوب شفاف ۱۵۰ لومن",10,15000000,31,"success"
"20103648","کیف حمل وسایل ایکیا مدل BRATTBY آبی ۲۷*۲۷ سانتی‌متر",0,0,0,"success"
"10559002",-1,"هولدر تبلت ایکیا مدل RELATERA خاکستری روشن - سبز/ با گیره","",""
"50559000","قفسه رومیزی ایکیا مدل RELATERA خاکستری روشن - سبز ۳۷*۴۰",80,128000000,10,"success"
"90558999",-1,"تخته وایت‌برد و تخته تحریر ایکیا مدل RELATERA خاکستری روشن - سبز","",""
"30559001",-1,"نگهدارنده کتاب ایکیا مدل RELATERA خاکستری روشن - سبز","",""
"90325518",-1,"صندلی چرخان ایکیا مدل KULLABERG مشکی","",""
"80554063",-1,"پد روی میز فضایی آبی ایکیا AFTONSPARV","",""
"70554054",-1,"فرش دایره ای فضایی آبی ایکیا AFTONSPARV قطر 133سانتی متر","",""
"60570460",-1,"جعبه نظم دهنده فضایی ایکیا AFTONSPARV","",""
"40551641","ست عروسک انگشتی 5عددی ایکیا AFTONSPARV",30,45000000,529,"success"
"00551544","عروسک خرس قهوه ای فضانورد ایکیا AFTONSPARV",50,75000000,337,"success"
"20562424",-1,"عروسک نرم کودک کره زمین ایکیا AFTONSPARV","",""
"20551538","عروسک گربه فضانورد ایکیا AFTONSPARV",50,75000000,381,"success"
"00551558",-1,"عروسک سبز آدم فضایی ایکیا AFTONSPARV","",""
"70478183",-1,"ست 4 تایی فنجان و نعلبکی سبز مات ایکیا FARGKLAR حجم 70 میلی‌لیتر","",""
"90481820",-1,"ست 4 تایی فنجان و نعلبکی فیروزه ای تیره براق ایکیا FARGKLAR حجم 70 میلی‌لیتر","",""
"40554041","لحاف و روبالشی کودک طرح فضایی زمینه آبی ایکیا AFTONSPARV",130,195000000,0,"success"
"70485433",-1,"ست 4 تایی فنجان و نعلبکی قهوه ای براق ایکیا FARGKLAR حجم 70 میلی‌لیتر","",""
"00483630",-1,"ست 4 تایی فنجان و نعلبکی بژ براق ایکیا FARGKLAR حجم 70 میلی‌لیتر","",""
"50481822",-1,"ست 4 تایی فنجان و نعلبکی فیروزه ای روشن مات ایکیا FARGKLAR حجم 70 میلی‌لیتر","",""
"00481829",-1,"ست 4 تایی فنجان و نعلبکی فیروزه ای روشن مات ایکیا FARGKLAR حجم 250 میلی‌لیتر","",""
"70478159",-1,"ست 4 تایی فنجان و نعلبکی سبز مات ایکیا FARGKLAR حجم 250 میلی‌لیتر","",""
"40481827",-1,"ست 4 تایی فنجان و نعلبکی فیروزه ای تیره براق ایکیا FARGKLAR حجم 250 میلی‌لیتر","",""
"90477168","ست 4 تایی پیش دستی فیروزه ای روشن مات ایکیا FARGKLAR قطر 20 سانتی‌متر",40,60000000,16,"success"
"80478210",-1,"ست 4 تایی پیش دستی صورتی روشن مات ایکیا FARGKLAR قطر 20 سانتی‌متر","",""
"40478207","ست 4 تایی پیش دستی سبز مات ایکیا FARGKLAR قطر 20 سانتی‌متر",40,60000000,52,"success"
"00479421","ست 4 تایی پیش دستی خاکستری تیره مات ایکیا FARGKLAR قطر 20 سانتی‌متر",40,60000000,9,"success"
"30477166",-1,"ست 4 تایی پیش دستی فیروزه ای تیره براق ایکیا FARGKLAR قطر 20 سانتی‌متر","",""
"30485454",-1,"ست 4 تایی پیش دستی قهوه ای براق ایکیا FARGKLAR قطر 20 سانتی‌متر","",""
"20479651",-1,"ست 4 تایی پیش دستی بژ براق ایکیا FARGKLAR قطر 20 سانتی‌متر","",""
"50554050","لحاف و روبالشی کودک طرح فضایی ایکیا AFTONSPARV",80,128000000,0,"success"
"20556461",-1,"خانه بازی سفید/قرمز موشکی ایکیا AFTONSPARV","",""
"70582504",-1,"گیاه مصنوعی هیثر سبز ایکیا FEJKA قطر 9 سانتی متر","",""
"50582500",-1,"گیاه حسن یوسف مصنوعی قرمز ایکیا FEJKA قطر 9 سانتی متر","",""
"60582477",-1,"ست 3 تایی گیاه برگ مصنوعی با گلدان ایکیا FEJKA قطر گلدان 6 سانتی‌متر","",""
"40479631",-1,"ست 4 تایی کاسه بژ براق ایکیا FARGKLAR قطر 16 سانتی‌متر","",""
"70485428",-1,"ست 4 تایی کاسه قهوه ای براق ایکیا FARGKLAR قطر 16 سانتی‌متر","",""
"70575377",-1,"لیوان شیشه ای ایکیا HOSTAGILLE حجم 30 سانتی لیتر","",""
"50561809","کاور کوسن ایکیا LAGERPOPPEL زرد-بژ، 50x50 سانتی‌متر",20,30000000,18,"success"
"40561800","کاور کوسن ایکیا LAGERPOPPEL سفید شیری، 50x50 سانتی‌متر",20,30000000,17,"success"
"20561801","کاور کوسن ایکیا LAGERPOPPEL صورتی روشن، 50x50 سانتی‌متر",20,30000000,0,"success"
"90477192",-1,"ست 4 تایی کاسه فیروزه ای تیره براق ایکیا FARGKLAR قطر 16 سانتی‌متر","",""
"50561814","کاور کوسن آبی خاکستری روشن ایکیا LAGERPOPPEL ابعاد 50x50",20,30000000,34,"success"
"40569924","ظرف آویز ایکیا SKADIS مشکی",10,15000000,76,"success"
"50578032",-1,"ظرف آویز ایکیا SKADIS سبز تیره","",""
"80561803","کاور کوسن ایکیا LAGERPOPPEL آبی-خاکستری، 50x50 سانتی‌متر",20,30000000,48,"success"
"10561811","کاور کوسن ایکیا LAGERPOPPEL سبز-خاکستری، 50x50 سانتی‌متر",20,30000000,0,"success"
"70564147",-1,"لامپ لومن 470 LED ایکیا SOLHETTA پایه E27","",""
"20479359",-1,"ست 4 تایی کاسه خاکستری تیره مات ایکیا FARGKLAR قطر 16 سانتی‌متر","",""
"10477191","ست 4 تایی کاسه فیروزه ای روشن مات ایکیا FARGKLAR قطر 16 سانتی‌متر",40,60000000,7,"success"
"70478140",-1,"ست 4 تایی کاسه صورتی روشن مات ایکیا FARGKLAR قطر 16 سانتی‌متر","",""
"90479638",-1,"ست 4 تایی بشقاب گود بژ براق ایکیا FARGKLAR قطر 19 سانتی‌متر","",""
"20485435",-1,"ست 4 تایی بشقاب گود قهوه ای براق ایکیا FARGKLAR قطر 19 سانتی‌متر","",""
"10477172",-1,"ست 4 تایی بشقاب گود فیروزه ای تیره براق ایکیا FARGKLAR قطر 19 سانتی‌متر","",""
"60479376",-1,"ست 4 تایی بشقاب گود خاکستری تیره مات ایکیا FARGKLAR قطر 19 سانتی‌متر","",""
"70477174",-1,"ست 4 تایی بشقاب گود فیروزه ای روشن مات ایکیا FARGKLAR قطر 19 سانتی‌متر","",""
"00477158","ست 4 تایی بشقاب فیروزه ای روشن مات ایکیا FARGKLAR قطر 26 سانتی‌متر",50,75000000,14,"success"
"30478180",-1,"ست 4 تایی بشقاب صورتی روشن مات ایکیا FARGKLAR قطر 26 سانتی‌متر","",""
"90478177","ست 4 تایی بشقاب سبز مات ایکیا FARGKLAR قطر 26 سانتی‌متر",50,75000000,0,"success"
"20477162",-1,"ست 4 تایی بشقاب فیروزه ای تیره براق ایکیا FARGKLAR قطر 26 سانتی‌متر","",""
"70485447",-1,"ست 4 تایی بشقاب قهوه ای براق ایکیا FARGKLAR قطر 26 سانتی‌متر","",""
"20483634",-1,"ست 4 تایی بشقاب بژ براق ایکیا FARGKLAR قطر 26 سانتی‌متر","",""
"60566892",-1,"جا لباسی ایستاده ایکیا EKRAR زرد تیره، 169 سانتی‌متر","",""
"10415594","جا لباسی ایستاده ایکیا EKRAR سفید، 169 سانتی‌متر",100,165000000,53,"success"
"40554244",-1,"فرش چهارخونه سفید/مشکی ایکیا KLASSRUM سایز 170x240 سانتی‌متر","",""
"80551106",-1,"فرش چهارخونه سفید/مشکی ایکیا KLASSRUM سایز 133x195 سانتی‌متر","",""
"00555863",-1,"فرش چهارخونه سفید/سبز ایکیا KLASSRUM سایز 133x195 سانتی‌متر","",""
"90567060",-1,"فرش چهارخونه سفید/مشکی ایکیا KLASSRUM سایز 60x120 سانتی‌متر","",""
"30567732","ست 8 تایی گیره و حلقه لباس آویز ایکیا SLIBB سبز",10,15000000,38,"success"
"20506466","رخت آویز 2 طبقه ایکیا SLIBB خاکستری، 78x46x185 سانتی‌متر",110,165000000,0,"success"
"70567768","ست 3 تایی چوب لباسی سبز ایکیا SLIBB",10,15000000,373,"success"
"30567770","ست 2 تایی گیره لباس بزرگ ایکیا SLIBB آبی/سبز",0,0,17,"success"
"30441115",-1,"آویز خشک کن لباس 2 طبقه ایکیا SLIBB توری/سفید","",""
"20567723","سبد رخت پلاستیکی ایکیا SLIBB سبز، 24 لیتر",20,32000000,0,"success"
"30567765","سبد رخت پلاستیکی ایکیا SLIBB آبی، 24 لیتر",20,30000000,0,"success"
"30567727",-1,"آویز لباس با 8 عدد گیره ایکیا SLIBB سبز","",""
"79564609",-1,"نیمکت حصیری ایکیا SALNO/GRYTTOM با پد نشیمن","",""
"19534413","صندلی راحتی حصیری ایکیا SALNO/GRYTTOM با کوسن نشیمن",690,1138500000,6,"success"
"20537552",-1,"پارچ شیر/خامه ایکیا GLADELIG خاکستری، ۰.۴ لیتر","",""
"40503626","ماگ آبی ایکیا GLADELIG حجم ۳۷۰ سی‌ سی",10,16500000,59,"success"
"70503639",-1,"ست 4 تایی پیش‌ دستی آبی ایکیا GLADELIG قطر ۲۰ سانتی‌متر","",""
"10503623",-1,"ست 4 تایی بشقاب گود آبی ایکیا GLADELIG قطر ۲۱ سانتی‌متر","",""
"20503646",-1,"ست 4 تایی دیس آبی ایکیا GLADELIG سایز 12x7 سانتی‌متر","",""
"60503630",-1,"ست 2 تایی دیس آبی ایکیا GLADELIG سایز 20x13 سانتی‌متر","",""
"30503636","دیس آبی ایکیا GLADELIG سایز 31x19 سانتی‌متر",40,66000000,9,"success"
"20503632",-1,"ست 4 تایی بشقاب آبی ایکیا GLADELIG قطر ۲۵ سانتی‌متر","",""
"10503618",-1,"ست 4 تایی کاسه آبی ایکیا GLADELIG قطر ۱۱ سانتی‌متر","",""
"70503620",-1,"ست 4 تایی کاسه آبی ایکیا GLADELIG قطر ۱۴ سانتی‌متر","",""
"10588684",-1,"سرویس ۱۸ پارچه ظروف غذاخوری طوسی ایکیا GLADELIG","",""
"80588685","سرویس ۱۸ پارچه ظروف غذاخوری آبی ایکیا GLADELIG",240,396000000,0,"success"
"50591062","باکس نظم‌ دهنده ایکیا SKUBB خاکستری تیره، 90x53x19 سانتی‌متر",50,75000000,177,"success"
"20591049","باکس نظم‌ دهنده ایکیا SKUBB سفید، 90x53x19 سانتی‌متر",50,75000000,130,"success"
"60591047","باکس نظم‌ دهنده ایکیا SKUBB سفید، 43x53x19 سانتی‌متر",20,30000000,250,"success"
"60591052","باکس نظم‌ دهنده ایکیا SKUBB خاکستری تیره، 43x53x19 سانتی‌متر",20,30000000,261,"success"
"10591059","باکس نظم‌ دهنده ایکیا SKUBB سفید، 65x53x19 سانتی‌متر",40,60000000,95,"success"
"70591056","باکس نظم‌ دهنده ایکیا SKUBB خاکستری تیره، 65x53x19 سانتی‌متر",40,60000000,64,"success"
"30551203",-1,"نیمکت حصیری ایکیا SALNO","",""
"50551202",-1,"صندلی راحتی حصیری ایکیا SALNO","",""
"90574174",-1,"میز چرخ‌دار حصیری ایکیا FRYKSAS سایز 37x53 سانتی‌متر","",""
"80534701","استند لپ‌ تاپ ایکیا DUBBLA سفید، سایز 60x40 سانتی‌متر",150,247500000,11,"success"
"50573949",-1,"پاتختی ایکیا HEMNES آبی، 46x35 سانتی‌متر","",""
"40392459",-1,"پاتختی ایکیا HEMNES خاکستری، 46x35 سانتی‌متر","",""
"80585795",-1,"پاتختی ایکیا HEMNES زرد، 46x35 سانتی‌متر","",""
"00535894","صندلی راحتی ایکیا ARSUNDA خاکستری روشن کنیسا",200,330000000,23,"success"
"80569234","میز کنار تخت ایکیا HATTASEN سفید",100,165000000,9,"success"
"00569233",-1,"میز کنار تخت ایکیا HATTASEN سبز-خاکستری","",""
"40569231",-1,"میز کنار تخت ایکیا HATTASEN مشکی","",""
"10584191",-1,"میز کنار تخت ایکیا HATTASEN صورتی","",""
"90584192",-1,"میز کنار تخت ایکیا HATTASEN آبی فیروزه‌ ای","",""
"19574814",-1,"لوستر چوبی ایکیا DYKARKLOCKA/HEMMA با سرپیچ آویز مشکی، قطر 40 سانتی‌متر","",""
"39574813",-1,"لوستر چوبی ایکیا DYKARKLOCKA/HEMMA با سرپیچ آویز سفید، قطر 40 سانتی‌متر","",""
"10557244",-1,"شید لوستر ایکیا DYKARKLOCKA روکش چوب بلوط سفید رنگ شده، قطر 40 سانتی‌متر","",""
"60563431","ست 2 تایی قیچی ایکیا SVARDFISK خاکستری/طوسی-فیروزه ای",10,15000000,246,"success"
"50219765","لیوان شیشه ای شفاف ایکیا PLANERA حجم ۴۵۰ سی‌ سی",10,15000000,331,"success"
"00219763","لیوان شیشه ای شفاف ایکیا PLANERA حجم ۳۰۰ سی‌ سی",10,15000000,629,"success"
"80561351","ست 2 تایی لیسک ایکیا BACKRODING سیلیکونی با دسته چوبی، سبز-طوسی تیره",20,30000000,134,"success"
"50559533",-1,"جعبه ایکیا FANGGRODA سایز 48x18x14 سانتی‌متر، طوسی روشن","",""
"70559527","جعبه ایکیا FANGGRODA سایز 35x24x14 سانتی‌متر، طوسی روشن",20,33000000,22,"success"
"90511233",-1,"صندلی بار ایکیا RONNINGE چوب توس، ارتفاع ۷۵ سانتی‌متر","",""
"50412895",-1,"صندلی سبز ایکیا RONNINGE","",""
"10588108","شلف ایستاده سفید ایکیا FROSJON سایز 40x156 سانتی‌متر",190,313500000,0,"success"
"30574902","شلف ایستاده مشکی ایکیا FROSJON سایز 40x156 سانتی‌متر",190,313500000,26,"success"
"70574900","شلف ایستاده مشکی ایکیا FROSJON سایز 40x96 سانتی‌متر",100,165000000,0,"success"
"30588107","شلف ایستاده سفید ایکیا FROSJON سایز 40x96 سانتی‌متر",100,165000000,3,"success"
"10574899","شلف گوشه دیواری مشکی ایکیا FROSJON سایز 35x156 سانتی‌متر",200,330000000,0,"success"
"50588106","شلف گوشه دیواری سفید ایکیا FROSJON سایز 35x156 سانتی‌متر",200,330000000,0,"success"
"90574904","شلف دیواری مشکی ایکیا FROSJON سایز 40x51 سانتی‌متر",100,165000000,0,"success"
"40574906","ترولی مشکی ایکیا FROSJON سایز 55x35 سانتی‌متر",100,165000000,0,"success"
"90581966","سرویس ۲۴ پارچه قاشق و چنگال ایکیا FORNUFT رزگلد",140,210000000,71,"success"
"00581796","ست 2 تایی کیسه سیب زمینی ایکیا GULLRISMOTT",20,30000000,0,"success"
"40581803","ست 2 تایی کیسه حبوبات ایکیا GULLRISMOTT ظرفیت 3.3 لیتر",20,30000000,0,"success"
"60581798","کیسه نان ایکیا GULLRISMOTT سایز 29x22x20 سانتی‌متر",10,15000000,0,"success"
"30586293","ظرف اسنک ایکیا SPLITTERNY شفاف/خاکستری روشن - قهوه‌ای",10,15000000,0,"success"
"50582699","استند چاقو ایکیا VIMPELFISK بامبو/خاکستری-فیروزه‌ای",40,64000000,0,"success"
"30581648","جا قاشق و چنگال ایکیا VIMPELFISK بامبو/خاکستری-فیروزه‌ای",40,64000000,0,"success"
"10537270","سینی بامبو با ۳ کاسه رنگی ایکیا TRADTICKA",80,128000000,0,"success"
"10581055","روتختی پنبه طبیعی رنگ نشده ایکیا INDIRA سایز 150x250 سانتی‌متر",80,120000000,0,"success"
"70567725","ست 24 تایی گیره لباس آویز ایکیا SLIBB سبز",40,60000000,65,"success"
"90567748","ست 8 تایی گیره لباس ایکیا SLIBB سبز",0,0,0,"success"
"20582629",-1,"روتختی زرد-بژ ایکیا INDIRA سایز 150x250 سانتی‌متر","",""
"70582622",-1,"روتختی سبز-خاکستری ایکیا INDIRA سایز 150x250 سانتی‌متر","",""
"40582633","روتختی خاکستری تیره-آبی ایکیا INDIRA سایز 150x250 سانتی‌متر",80,120000000,0,"success"
"20582634","روتختی خاکستری تیره-آبی ایکیا INDIRA سایز 230x250 سانتی‌متر",130,195000000,12,"success"
"90506854",-1,"روتختی آبی روشن ایکیا INDIRA سایز 230x250 سانتی‌متر","",""
"00582625",-1,"روتختی سبز-خاکستری ایکیا INDIRA سایز 230x250 سانتی‌متر","",""
"20580847",-1,"ترولی سه طبقه زرد ایکیا NISSAFORS سایز 50.5x30x83 سانتی‌متر","",""
"40585801","ترولی سه طبقه بژ ایکیا NISSAFORS سایز 50.5x30x83 سانتی‌متر",80,132000000,0,"success"
"79502230",-1,"ست 4 تایی حوله دست خاکستری ایکیا VAGSJON","",""
"09505958",-1,"ست 4 تایی حوله دست/استخری خاکستری ایکیا VAGSJON","",""
"20350988",-1,"حوله حمام سفید ایکیا VAGSJON سایز 100x150 سانتی‌متر","",""
"50494612",-1,"حوله حمام بژ روشن ایکیا VAGSJON سایز 100x150 سانتی‌متر","",""
"20549507",-1,"حوله حمام زرد طلایی ایکیا VAGSJON سایز 100x150 سانتی‌متر","",""
"50353612",-1,"حوله حمام خاکستری تیره ایکیا VAGSJON سایز 100x150 سانتی‌متر","",""
"80571086",-1,"حوله حمام صورتی ایکیا VAGSJON سایز 100x150 سانتی‌متر","",""
"60571129",-1,"حوله حمام سبز ایکیا VAGSJON سایز 100x150 سانتی‌متر","",""
"20576256",-1,"حوله حمام آبی ایکیا VAGSJON سایز 100x150 سانتی‌متر","",""
"80350985",-1,"حوله استخری سفید ایکیا VAGSJON سایز 70x140 سانتی‌متر","",""
"10494609",-1,"حوله استخری بژ روشن ایکیا VAGSJON سایز 70x140 سانتی‌متر","",""
"90549504",-1,"حوله استخری زرد طلایی ایکیا VAGSJON سایز 70x140 سانتی‌متر","",""
"30353608",-1,"حوله استخری خاکستری تیره ایکیا VAGSJON سایز 70x140 سانتی‌متر","",""
"50571083",-1,"حوله استخری صورتی ایکیا VAGSJON سایز 70x140 سانتی‌متر","",""
"20571126",-1,"حوله استخری سبز ایکیا VAGSJON سایز 70x140 سانتی‌متر","",""
"70576254",-1,"حوله استخری آبی ایکیا VAGSJON سایز 70x140 سانتی‌متر","",""
"70581057","روتختی پنبه طبیعی رنگ نشده ایکیا INDIRA سایز 230x250 سانتی‌متر",130,195000000,79,"success"
"00582630",-1,"روتختی زرد-بژ ایکیا INDIRA سایز 230x250 سانتی‌متر","",""
"90573004",-1,"کوسن صندلی خاکستری ایکیا VATTENMOTT سایز 40x38x5 سانتی‌متر","",""
"10579670",-1,"حوله دست و صورت سفید ایکیا GULVIAL سایز 30x30 سانتی‌متر","",""
"60579700",-1,"حوله دست و صورت فیروزه ای ایکیا GULVIAL سایز 30x30 سانتی‌متر","",""
"00579736",-1,"حوله دست و صورت سبز کمرنگ ایکیا GULVIAL سایز 30x30 سانتی‌متر","",""
"10579726",-1,"حوله دست و صورت صورتی کمرنگ ایکیا GULVIAL سایز 30x30 سانتی‌متر","",""
"20579716",-1,"حوله دست و صورت آبی ایکیا GULVIAL سایز 30x30 سانتی‌متر","",""
"00579680",-1,"حوله دست و صورت مشکی ایکیا GULVIAL سایز 30x30 سانتی‌متر","",""
"50579381","کفگیر آبکش ایکیا IDEALISK استیل ضد زنگ",20,30000000,0,"success"
"90579690",-1,"حوله دست و صورت بژ ایکیا GULVIAL سایز 30x30 سانتی‌متر","",""
"90579666",-1,"حوله دستی سفید ایکیا GULVIAL سایز 40x70 سانتی‌متر","",""
"10579868","حوله استخری سفید ایکیا LUDDVIAL سایز 55x120 سانتی‌متر",10,15000000,534,"success"
"70579870","حوله دستی سفید ایکیا LUDDVIAL سایز 40x60 سانتی‌متر",0,0,46,"success"
"30579872","ست 4 تایی حوله دست و صورت سفید ایکیا LUDDVIAL سایز 25x25 سانتی‌متر",10,15000000,4,"success"
"30579377","اسکوپ بستنی اهرم دار ایکیا IDEALISK استیل ضد زنگ",20,30000000,0,"success"
"90573320","انبر آشپزخانه ایکیا IDEALISK استیل ضد زنگ",20,30000000,0,"success"
"70579375",-1,"انبر آشپزی و سرو ایکیا IDEALISK استیل ضد زنگ","",""
"30581243",-1,"ست 4 تایی لیوان صورتی-طوسی ایکیا BROKROCKA حجم ۳۱۰ میلی‌لیتر","",""
"80571473",-1,"چای/قهوه ساز ایکیا UPPHETTA طوسی تیره-فیروزه ای، حجم 1 لیتر","",""
"00581800","سبد میوه و سبزیجات 2 طبقه بامبو ایکیا KANELMOTT",150,225000000,0,"success"
"60574298","آبچکان ظروف ایکیا STAMLING سبز-طوسی روشن، ۴۸ سانتی‌متر",10,15000000,0,"success"
"70565948","آبچکان ظروف ایکیا STAMLING سفید استخوانی، ۴۸ سانتی‌متر",10,15000000,0,"success"
"70568862",-1,"جعبه دستمال‌ کاغذی 100تایی طرح‌دار قهوه‌ای روشن/سبز ایکیا NABBFISK سایز 16x32 سانتی‌متر","",""
"90571123",-1,"قالب پای ایکیا NABBFISK سفید/سبز تیره، قطر ۲۴ سانتی‌متر","",""
"90569747",-1,"هولدر دستمال‌ کاغذی طرح‌دار سبز ایکیا NABBFISK سایز 15x22 سانتی‌متر","",""
"60571011",-1,"کلمن شفاف ایکیا NABBFISK زرد روشن ۴ لیتری","",""
"70570983",-1,"بسته 65 تایی قالب کاغذی کاپ کیک صورتی ایکیا NABBFISK","",""
"00571556",-1,"دیس سرو طرح‌دار سبز ایکیا NABBFISK سایز 32x18 سانتی‌متر","",""
"20568869",-1,"پک 30 تایی دستمال‌ کاغذی طرح‌دار سیاه/سفید ایکیا NABBFISK سایز 38x38 سانتی‌متر","",""
"80568866",-1,"پک 30 تایی دستمال‌ کاغذی طرح‌دار زرد/سبز ایکیا NABBFISK سایز 24x24 سانتی‌متر","",""
"70571119",-1,"ست 4 تایی اسپورک ایکیا NABBFISK استیل ضد زنگ، ۱۷ سانتی‌متر","",""
"10571122",-1,"ست 4 تایی دستمال‌ سفره ایکیا NABBFISK صورتی روشن/سفید، سایز 30x30 سانتی‌متر","",""
"50574227",-1,"ست 2 عددی تخته سرو/برش ایکیا NABBFISK چوب راش","",""
"90571081",-1,"رومیزی مستطیلی سبز تیره/استخوانی ایکیا NABBFISK طرح‌دار، سایز 145x240 سانتی‌متر","",""
"50571078",-1,"رومیزی دایره ای زرد/سبز/سفید ایکیا NABBFISK طرح‌دار، قطر ۱۵۰ سانتی‌متر","",""
"20571070",-1,"کیف خنک‌ نگهدارنده ایکیا NABBFISK طرح‌دار زرد/سفید، سایز 26x19x19 سانتی‌متر","",""
"60571073",-1,"کیف خنک‌ نگهدارنده ایکیا NABBFISK طرح‌دار/سبز، سایز 36x26x22 سانتی‌متر","",""
"20574016","لیوان آبی روشن ایکیا POKAL حجم ۳۵۰ میلی‌لیتر",10,16000000,71,"success"
"60574019",-1,"لیوان بنفش روشن ایکیا POKAL حجم ۳۵۰ میلی‌لیتر","",""
"20579066","سینی دسته دار بامبو ایکیا GRONFISK سفید، سایز 46x30 سانتی‌متر",50,80000000,39,"success"
"50561828","ست 2 عددی ماگ ایکیا PIGGAL سبز/سفید",20,30000000,35,"success"
"00567984","قوطی چای/قهوه بامبو ایکیا RODMULLE به همراه قاشق",20,30000000,40,"success"
"70565854","دستکش ظرفشویی زرد روشن/سفید استخوانی ایکیا RINNIG سایز S",10,15000000,1685,"success"
"10565852","دستکش ظرفشویی زرد روشن/سفید استخوانی ایکیا RINNIG سایز M",10,15000000,1038,"success"
"20565856","برس ظرفشویی ایکیا RINNIG زرد روشن/سفید استخوانی",0,0,0,"success"
"20576652",-1,"پارچ طرح‌دار ایکیا VARDAGEN سبز-خاکستری تیره، ۲ لیتری","",""
"50556431",-1,"صندلی گردان ایکیا STIGBYGEL با دسته، بژ/سفید","",""
"30556314",-1,"قالب مافین نچسب ایکیا MANTAGG خاکستری تیره، سایز 38x27 سانتی‌متر","",""
"50556308",-1,"قالب پای نچسب ایکیا MANTAGG خاکستری تیره، قطر 30 سانتی‌متر","",""
"20556296",-1,"قالب نچسب ایکیا MANTAGG خاکستری تیره، 40x29 سانتی‌متر","",""
"39563169",-1,"صندلی راحتی و زیرپایی حصیری ایکیا FRYKSAS به همراه 2 عدد کوسن طبیعی ریسان","",""
"40582685",-1,"پتو/شال مبل چهارخانه ایکیا SKUGGBRAKEN چند رنگ، 120x160 سانتی‌متر","",""
"89563162",-1,"زیرپایی حصیری به همراه کوسن ریسان/طبیعی ایکیا FRYKSAS","",""
"29563155",-1,"صندلی راحتی به همراه کوسن ریسان/طبیعی ایکیا FRYKSAS","",""
"40339867","قفل ایمنی کشو چندگانه 2 عددی ایکیا UNDVIKA سفید",20,30000000,221,"success"
"00487906",-1,"ست 2 تایی قفل پنجره ایکیا UNDVIKA سفید","",""
"90574094",-1,"زیرپایی حصیری ایکیا FRYKSAS","",""
"40574176",-1,"کوسن صندلی ایکیا FRYKSAS طبیعی ریسان، 52x47 سانتی‌متر","",""
"80540033",-1,"صندلی راحتی حصیری ایکیا FRYKSAS","",""
"60574104",-1,"میز تحریر حصیری ایکیا FRYKSAS سایز 110x54 سانتی‌متر","",""
"10549348",-1,"شلف دیواری ایکیا FRYKSAS حصیری، 60x20 سانتی‌متر","",""
"00546897","میز تاشو ایکیا GUNDE مشکی، 67x67 سانتی متر",140,231000000,14,"success"
"90570406",-1,"صندلی بدون پشتی تاشو ایکیا GUNDE سفید","",""
"40570404","صندلی بدون پشتی تاشو ایکیا GUNDE مشکی",40,66000000,3,"success"
"79555742",-1,"چراغ رومیزی با لامپ ایکیا ACKJA / MOLNART شیشه طرح‌دار","",""
"09555590",-1,"چراغ رومیزی با لامپ ایکیا ACKJA / MOLNART شیشه خاکستری","",""
"70572369","حوله تن‌پوش نوزاد ایکیا GRONFINK کلاه‌دار/زرد، 80x80 سانتی‌متر",30,45000000,0,"success"
"70575122","زیر بشقابی کودک ایکیا GRONFINK قرمز/سبز، 30x40 سانتی‌متر",10,15000000,150,"success"
"60572379","کاور لحاف و روبالشی کودک ایکیا GRONFINK راه راه/رنگی، 110x125/35x55 سانتی‌متر",50,75000000,0,"success"
"60572398",-1,"زیرانداز تعویض پوشک نوزاد ایکیا GRONFINK تاشو/سبز، 70x35 سانتی‌متر","",""
"60572416",-1,"پتو کودک ایکیا GRONFINK سبز/طرح درخت، 80x100 سانتی‌متر","",""
"60584711","ست 2 عددی پیش‌بند کودک ایکیا GRONFINK سبز و طرح‌دار",20,30000000,56,"success"
"30572413","زیر بشقابی کودک ایکیا GRONFINK چند رنگ، 30x40 سانتی‌متر",10,15000000,303,"success"
"20572381","ملحفه کشدار نوزاد ایکیا GRONFINK سفید/طرح‌ درخت، 60x120 سانتی‌متر",30,45000000,43,"success"
"10572409","ست 2 عددی پیش‌بند کودک ایکیا GRONFINK سبز/زرد",10,15000000,90,"success"
"00572377","کاور لحاف و روبالشی کودک ایکیا GRONFINK چند رنگ، 110x125/35x55 سانتی‌متر",30,45000000,37,"success"
"80572364","ست روتختی ۳ تکه کودک ایکیا GRONFINK سبز/فیروزه‌ای",80,120000000,18,"success"
"00540188",-1,"چشم‌ بند خواب ایکیا STJARNANEMON سبز-خاکستری","",""
"70579295",-1,"کاور لحاف و روبالشی ایکیا SYRABLADMAL چند رنگ/چهارخانه، 150x200/50x80 سانتی‌متر","",""
"60579286",-1,"کاور لحاف و 2 عدد روبالشی ایکیا SYRABLADMAL چند رنگ/چهارخانه، 240x220/50x80 سانتی‌متر","",""
"40579310",-1,"کاور لحاف و 2 عدد روبالشی ایکیا MURREVA چند رنگ/ گل‌دار، 240x220/50x80 سانتی‌متر","",""
"30579320",-1,"کاور لحاف و روبالشی ایکیا MURREVA چند رنگ/ گل‌دار، 150x200/50x80 سانتی‌متر","",""
"80582805",-1,"کاور کوسن ایکیا MURREVA چند رنگ، 50x50 سانتی متر","",""
"90576031",-1,"حوله دست راه راه مشکی/بژ روشن ایکیا SLANHOSTMAL سایز 40x70 سانتی‌متر","",""
"80576041",-1,"حوله دست راه راه آبی روشن/آبی پررنگ ایکیا SLANHOSTMAL سایز 40x70 سانتی‌متر","",""
"30577222",-1,"حوله دست راه راه نارنجی/صورتی ایکیا SLANHOSTMAL سایز 40x70 سانتی‌متر","",""
"30577217",-1,"حوله استخری راه راه نارنجی/صورتی ایکیا SLANHOSTMAL سایز 70x140 سانتی‌متر","",""
"60576037",-1,"حوله استخری راه راه آبی روشن/آبی پررنگ ایکیا SLANHOSTMAL سایز 70x140 سانتی‌متر","",""
"70576027",-1,"حوله استخری راه راه مشکی/بژ روشن ایکیا SLANHOSTMAL سایز 70x140 سانتی‌متر","",""
"30576029",-1,"حوله حمام راه راه مشکی/بژ روشن ایکیا SLANHOSTMAL سایز 100x150 سانتی‌متر","",""
"20576039",-1,"حوله حمام راه راه آبی روشن/آبی پررنگ ایکیا SLANHOSTMAL سایز 100x150 سانتی‌متر","",""
"90577219",-1,"حوله حمام راه راه نارنجی/صورتی ایکیا SLANHOSTMAL سایز 100x150 سانتی‌متر","",""
"80575268",-1,"روکش لحاف و روبالشی ایکیا SLANHOSTMAL راه راه مشکی/سفید، 150x200/50x80","",""
"40579008","روکش لحاف و روبالشی ایکیا SLANHOSTMAL راه راه آبی/سفید، 150x200/50x80",120,180000000,4,"success"
"00575291",-1,"روکش لحاف و روبالشی ایکیا SLANHOSTMAL راه راه نارنجی/صورتی، 150x200/50x80","",""
"40579697",-1,"حوله دستی فیروزه ای ایکیا GULVIAL سایز 40x70 سانتی‌متر","",""
"90575282",-1,"روکش لحاف و 2 عدد روبالشی ایکیا SLANHOSTMAL راه راه نارنجی/صورتی، 240x220/50x80","",""
"70575259",-1,"روکش لحاف و 2 عدد روبالشی ایکیا SLANHOSTMAL راه راه مشکی/سفید، 240x220/50x80","",""
"80579723",-1,"حوله دستی صورتی کمرنگ ایکیا GULVIAL سایز 40x70 سانتی‌متر","",""
"70579733",-1,"حوله دستی سبز کمرنگ ایکیا GULVIAL سایز 40x70 سانتی‌متر","",""
"90579713",-1,"حوله دستی آبی ایکیا GULVIAL سایز 40x70 سانتی‌متر","",""
"60579677",-1,"حوله دستی مشکی ایکیا GULVIAL سایز 40x70 سانتی‌متر","",""
"50579687",-1,"حوله دستی بژ ایکیا GULVIAL سایز 40x70 سانتی‌متر","",""
"60579663",-1,"حوله حمام سفید ایکیا GULVIAL سایز 100x150 سانتی‌متر","",""
"10579694",-1,"حوله حمام فیروزه ای ایکیا GULVIAL سایز 100x150 سانتی‌متر","",""
"40579720",-1,"حوله حمام صورتی کمرنگ ایکیا GULVIAL سایز 100x150 سانتی‌متر","",""
"30579730",-1,"حوله حمام سبز کمرنگ ایکیا GULVIAL سایز 100x150 سانتی‌متر","",""
"70579709",-1,"حوله حمام آبی ایکیا GULVIAL سایز 100x150 سانتی‌متر","",""
"30579674",-1,"حوله حمام مشکی ایکیا GULVIAL سایز 100x150 سانتی‌متر","",""
"20579684",-1,"حوله حمام بژ ایکیا GULVIAL سایز 100x150 سانتی‌متر","",""
"60579682",-1,"حوله استخری بژ ایکیا GULVIAL سایز 70x140 سانتی‌متر","",""
"70579672",-1,"حوله استخری مشکی ایکیا GULVIAL سایز 70x140 سانتی‌متر","",""
"10579707",-1,"حوله استخری آبی ایکیا GULVIAL سایز 70x140 سانتی‌متر","",""
"70579728",-1,"حوله استخری سبز کمرنگ ایکیا GULVIAL سایز 70x140 سانتی‌متر","",""
"80579718",-1,"حوله استخری صورتی کمرنگ ایکیا GULVIAL سایز 70x140 سانتی‌متر","",""
"50579692",-1,"حوله استخری فیروزه ای ایکیا GULVIAL سایز 70x140 سانتی‌متر","",""
"00579661",-1,"حوله استخری سفید ایکیا GULVIAL سایز 70x140 سانتی‌متر","",""
"70586333",-1,"پتو/شال مبل ایکیا SVINROT سبز تیره، 130x170 سانتی‌متر","",""
"00582404",-1,"روکش لحاف و روبالشی ایکیا PILTANDVINGE آبی، 150x200/50x80","",""
"90579100",-1,"روکش لحاف و روبالشی ایکیا PILTANDVINGE خاکستری، 150x200/50x80","",""
"60579125",-1,"روکش لحاف و روبالشی ایکیا PILTANDVINGE سبز روشن، 150x200/50x80","",""
"60579149","روکش لحاف و روبالشی ایکیا PILTANDVINGE صورتی روشن، 150x200/50x80",50,75000000,17,"success"
"60579205","روکش لحاف و روبالشی ایکیا PILTANDVINGE سفید، 150x200/50x80",50,75000000,0,"success"
"70579196","روکش لحاف و 2 عدد روبالشی ایکیا PILTANDVINGE سفید، 240x220/50x80",100,150000000,64,"success"
"70579139","روکش لحاف و 2 عدد روبالشی ایکیا PILTANDVINGE صورتی روشن، 240x220/50x80",100,150000000,20,"success"
"00579091",-1,"روکش لحاف و 2 عدد روبالشی ایکیا PILTANDVINGE خاکستری، 240x220/50x80","",""
"70579115",-1,"روکش لحاف و 2 عدد روبالشی ایکیا PILTANDVINGE سبز روشن، 240x220/50x80","",""
"50579791","ست کاور لحاف و 2 عدد روبالشی ایکیا STRANDLUMMER چند رنگ/ گل‌دار، 240x220/50x80 سانتی‌متر",150,225000000,1,"success"
"50578999","روکش لحاف و 2 عدد روبالشی ایکیا SLANHOSTMAL راه راه آبی/سفید، 240x220/50x80",200,300000000,2,"success"
"20579801","ست کاور لحاف و روبالشی ایکیا STRANDLUMMER چند رنگ/گل‌دار، 150x200/50x80 سانتی‌متر",100,150000000,0,"success"
"40591147",-1,"پرده حمام گلدار ایکیا STRANDLUMMER چند رنگ، 180x200 سانتی‌متر","",""
"60573345","1 جفت پرده گلدار ایکیا VILDPERSILJA سفید/چند رنگ، 145x300 سانتی‌متر",190,285000000,7,"success"
"30583402","1 جفت پرده گلدار ایکیا VILDPERSILJA مشکی-سبز/چند رنگ، 145x300 سانتی‌متر",190,285000000,0,"success"
"10582333","کاور کوسن گلدار ایکیا VILDPERSILJA سفید/چند رنگ، 50x50 سانتی‌متر",50,75000000,65,"success"
"50582331",-1,"کاور کوسن گلدار ایکیا VILDPERSILJA مشکی-سبز/چند رنگ، 50x50 سانتی‌متر","",""
"60301707",-1,"ساک دستی سایز متوسط ایکیا FRAKTA آبی 36 لیتری، 45x18x45 سانتی‌متر","",""
"00590480","صندلی چوبی ایکیا PINNTORP قهوه‌ ای روشن",180,297000000,7,"success"
"49412561","صندلی راحتی کودک ایکیا POANG چوب توس/پارچه کنیسا بژ روشن",210,346500000,0,"success"
"89417585",-1,"صندلی راحتی کودک ایکیا POANG چوب توس/طرح دایناسوری مدسکوگ","",""
"50448069","ساک دستی کول باکس ایکیا FRAKTA آبی، 38x40 سانتی‌متر",10,15000000,0,"success"
"89491028","ترولی با کیف ایکیا RULLEBOR / FRAKTA مشکی/آبی",170,255000000,0,"success"
"50443811","ست 8 تایی ضربه گیر گوشه میز ایکیا UNDVIKA قهوه ای تیره",20,30000000,18,"success"
"20349023","ست 8 تایی ضربه گیر گوشه میز ایکیا UNDVIKA سفید",20,30000000,167,"success"
"00586416","پادری حمام ایکیا FJALLKATTFOT فیروزه ای، 50x80 سانتی‌متر",30,45000000,48,"success"
"10580027","پادری حمام ایکیا FJALLKATTFOT بژ، 50x80 سانتی متر",30,45000000,0,"success"
"30580026",-1,"پادری حمام ایکیا FJALLKATTFOT صورتی کمرنگ، 50x80 سانتی‌متر","",""
"19197898",-1,"زیرپایی ایکیا POANG بدنه قهوه‌ای، کوسن آبی تیره Hillared","",""
"30582695",-1,"کاور کوسن طرح‌دار ایکیا BUSKVICKER بنفش/سبز، 50x50 سانتی‌متر","",""
"69197848",-1,"زیرپایی ایکیا POANG بدنه قهوه‌ای، کوسن بژ Hillared","",""
"49197873",-1,"زیرپایی ایکیا POANG بدنه قهوه‌ای، کوسن ذغالی Hillared","",""
"39501949",-1,"زیرپایی ایکیا POANG بدنه قهوه‌ای، کوسن سبز روشن Gunnared","",""
"99502106",-1,"زیرپایی ایکیا POANG بدنه قهوه‌ای، کوسن طوسی تیره Gunnared","",""
"09502177",-1,"زیرپایی ایکیا POANG بدنه قهوه‌ای، کوسن آبی Gunnared","",""
"99502026",-1,"زیرپایی ایکیا POANG بدنه قهوه‌ای، کوسن بژ Gunnared","",""
"99387267",-1,"زیرپایی ایکیا POANG بدنه قهوه‌ای، کوسن زرد Skiftebo","",""
"69388485",-1,"زیرپایی ایکیا POANG بدنه قهوه‌ای، کوسن طوسی تیره Skiftebo","",""
"09244683",-1,"زیرپایی ایکیا POANG بدنه قهوه‌ای، کوسن بژ روشن Knisa","",""
"49244681",-1,"زیرپایی ایکیا POANG بدنه قهوه‌ای، کوسن مشکی Knisa","",""
"30582799",-1,"کاور کوسن ایکیا HAMNKRASSING صورتی/سبز و آبی، 50x50 سانتی‌متر","",""
"30582704",-1,"کاور کوسن ایکیا PLATTLUMMER سبز/آبی، 50x50 سانتی‌متر","",""
"29197888","زیرپایی ایکیا POANG بدنه روکش توسکا، کوسن آبی تیره Hillared",280,462000000,6,"success"
"99197837",-1,"زیرپایی ایکیا POANG بدنه روکش توسکا، کوسن بژ Hillared","",""
"10492196",-1,"قفل آویز رمز دار ایکیا ELLOVEN سفید","",""
"00359739",-1,"قفل هوشمند ایکیا ROTHULT سفید","",""
"70474769",-1,"تخته وایت برد چرخدار با نوت برد ایکیا ELLOVEN سفید، 70x180 سانتی‌متر","",""
"90492197",-1,"قفل آویز رمز دار ایکیا ELLOVEN خاکستری","",""
"50471050",-1,"باکس ایکیا VARIERA طوسی، 24x17 سانتی‌متر","",""
"59197863","زیرپایی ایکیا POANG بدنه روکش توسکا، کوسن ذغالی Hillared",280,462000000,5,"success"
"49501939","زیرپایی ایکیا POANG بدنه روکش توسکا، کوسن سبز روشن Gunnared",280,462000000,1,"success"
"49502095","زیرپایی ایکیا POANG بدنه روکش توسکا، کوسن طوسی تیره Gunnared",280,462000000,3,"success"
"59502194",-1,"زیرپایی ایکیا POANG بدنه روکش توسکا، کوسن آبی Gunnared","",""
"09502016",-1,"زیرپایی ایکیا POANG بدنه روکش توسکا، کوسن بژ Gunnared","",""
"89387277","زیرپایی ایکیا POANG بدنه روکش توسکا، کوسن زرد Skiftebo",280,462000000,3,"success"
"79388475","زیرپایی ایکیا POANG بدنه روکش توسکا، کوسن طوسی تیره Skiftebo",280,462000000,2,"success"
"69244661","زیرپایی ایکیا POANG بدنه روکش توسکا، کوسن بژ روشن Knisa",220,363000000,6,"success"
"99244669",-1,"زیرپایی ایکیا POANG بدنه مشکی-قهوه‌ ای، کوسن مشکی Knisa","",""
"sku","name","rial","toman","stock","status"
"90601257","آباژور دیمر دار ایکیا HALGATT رنگ بژ قهوه‌ای",180,270000000,25,"success"
"60611366","نظم دهنده کفش ایکیا MURVEL سایز 27x14x25 سانتی متر",10,15000000,0,"success"
"60604714","جا بطری ایکیا VARIERA",10,15000000,39,"success"
"00618573","ارگانایزر و نظم‌دهنده روی کابینت آشپزخانه ایکیا مدل NÅLBLECKA فلزی و بامبو",20,30000000,0,"success"
"50618575","جا قاشقی و استند لوازم آشپزخانه ایکیا مدل NÅLBLECKA فلزی و بامبو",40,60000000,40,"success"
"40618571","شلف کنج آشپزخانه ایکیا مدل NÅLBLECKA فلزی و بامبو",60,90000000,0,"success"
"10601303","چراغ رومیزی ایکیا مدل VINDKRAFT رنگ سفید کاغذی",120,192000000,22,"success"
"00602039","چراغ دکوری زمینی ایکیا مدل GREJSIMOJS طرح زرافه رنگ زرد",150,240000000,14,"success"
"60597780","چراغ قابل حمل ایکیا مدل TVAMASTAD رنگ برنجی با شیشه اوپال سفید",120,180000000,0,"success"
"40608548","چراغ قابل حمل ایکیا مدل IKEA PS 2026 رنگ قرمز و آبی روشن",150,225000000,0,"success"
"50608557","چراغ قابل حمل ایکیا مدل IKEA PS 2026 رنگ سبز و صورتی روشن",150,225000000,0,"success"
"30613569","چراغ قابل حمل ایکیا مدل IKEA PS 2026 رنگ آبی",150,225000000,0,"success"
"10583851","چراغ رومیزی با قابلیت تنظیم نور ایکیا مدل SPETSBOJ رنگ زرد",40,60000000,0,"success"
"80589114","چراغ رومیزی ایکیا مدل SPETSBOJ رنگ سفید با قابلیت تنظیم نور",50,75000000,0,"success"
"80601248","چراغ ایستاده و مطالعه ایکیا مدل MOSSPLYM",490,808500000,11,"success"
"20581903","پادری حمام ایکیا مدل FINTSEN رنگ بژ",10,16000000,0,"success"
"60591617","آباژور ایکیا مدل SPETSBOJ رنگ سبز با قابلیت تنظیم نور",40,60000000,0,"success"
"80622788","ساعت رومیزی ایکیا مدل IKEA PS 2026 رنگ قرمز",200,300000000,20,"success"
"30605324","سینی آبچکان ظرف ایکیا مدل VALVARDAD، سفید/گالوانیزه، ابعاد ۵۲×۳۵ سانتی‌متر",30,45000000,100,"success"
"50604682","پتو/ شال مبل ایکیا مدل HOLMVI، بژ-زرد/ ابعاد ۱۲۰×۱۶۰ سانتی‌متر",40,60000000,0,"success"
"40569943","سبد نگهداری ایکیا مدل SKADIS، مجموعه ۳ عددی/ مشکی",40,60000000,0,"success"
"10608856","جا شمعی ایکیا مدل BORRBY  فانوس مخصوص شمع وارمر، سفید/ ارتفاع ۲۰ سانتی‌متر",20,30000000,422,"success"
"60608854","جا شمعی ایکیا مدل BORRBY  فانوس مخصوص شمع وارمر، مشکی/ ارتفاع ۲۰ سانتی‌متر",20,30000000,152,"success"
"80605982","گل مصنوعی ایکیا مدل SMYCKA، مدل پاپی / آبی/ ارتفاع ۵۷ سانتی‌متر",10,15000000,0,"success"
"50606054","گل مصنوعی ایکیا مدل SMYCKA، مدل رانانکولوس / زرد/ ارتفاع ۶۳ سانتی‌متر",10,15000000,276,"success"
"20607413","بشقاب گود ایکیا مدل HAVSGADDA  راه‌راه/ خاکستری قطر ۱۹ سانتی‌متر",10,15000000,60,"success"
"80607410","بشقاب گود ایکیا مدل HAVSGADDA  راه‌راه/ صورتی، قطر ۱۹ سانتی‌متر",10,15000000,12,"success"
"00607409","بشقاب ایکیا مدل HAVSGADDA راه‌راه خاکستری/ قطر ۲۱ سانتی‌متر",10,15000000,52,"success"
"70607401","بشقاب ایکیا مدل HAVSGADDA راه‌راه صورتی/ قطر ۲۱ سانتی‌متر",10,15000000,9,"success"
"70610540","گلدان شیشه‌ای ایکیا مدل PASKOTRAD، قهوه‌ای روشن، ارتفاع ۱۳.۵ سانتی‌متر",10,15000000,0,"success"
"10610538","گلدان شیشه‌ای ایکیا مدل PASKOTRAD، قهوه‌ای روشن، ارتفاع ۲۰ سانتی‌متر",20,30000000,0,"success"
"30606069","گل مصنوعی ایکیا مدل SMYCKA مدل (Queen Ann) یاسی، ارتفاع ۶۵ سانتی‌متر",10,15000000,52,"success"
"60606058","گل مصنوعی ایکیا مدل SMYCKA، مدل دالیا نارنجی، ارتفاع ۶۶ سانتی‌متر",10,15000000,1,"success"
"50607020","سینی شمع ایکیا مدل PRAKTAND استیل ضدزنگ، اندازه ۳۵×۲۶ سانتی‌متر",30,45000000,0,"success"
"90608065","گل مصنوعی ایکیا مدل SMYCKA، نوع Chrysanthemums، یاسی، ارتفاع ۷۱ سانتی‌متر",10,15000000,0,"success"
"20605980","گل مصنوعی ایکیا مدل SMYCKA، نوع Clematis، آبی، ارتفاع ۹۷ سانتی‌متر",10,15000000,22,"success"
"20607408","کاسه شیشه‌ای ایکیا مدل HAVSGADDA راه‌راه صورتی قطر ۱۲ سانتی‌متر",10,15000000,86,"success"
"40607407","کاسه شیشه‌ای ایکیا مدل HAVSGADDA، راه‌راه، خاکستری، قطر ۱۲ سانتی‌متر",10,15000000,156,"success"
"10605320","جا قاشقی ایکیا مدل VALVARDAD، خاکستری تیره - آبی و گالوانیزه، ارتفاع ۱۳ سانتی‌متر",20,30000000,0,"success"
"70605322","جا قاشقی ایکیا مدل VALVARDAD، سفید و گالوانیزه، ارتفاع ۱۳ سانتی‌متر",20,30000000,0,"success"
"10618006","دستمال آشپزخانه ایکیا مدل VALVARDAD، طرح سفید و آبی، اندازه ۴۵×۶۰ سانتی‌متر",20,30000000,3,"success"
"70609612","سرویس قاشق، چنگال و کارد ایکیا مدل PRAKTBOTIA با ۱۶ تکه استیل ضدزنگ",50,75000000,0,"success"
"80613114",-1,"ماهیتابه ایکیا مدل PUCKELLAX با پوشش نچسب و ۲۰ سانتی‌متری","",""
"60596177","بطری روغن و سرکه ایکیا مدل BRUGDHAJ، آبی",30,45000000,0,"success"
"30596174","بطری روغن و سرکه ایکیا مدل BRUGDHAJ، بژ",30,45000000,0,"success"
"20591841","شلف نمایشی پگ بورد ایکیا مدل SKADIS سفید",20,30000000,0,"success"
"30606031",-1,"شلف پگ بورد ایکیا مدل SKADIS صورتی","",""
"80569941","شلف پگ بورد ایکیا مدل SKADIS مشکی",20,30000000,39,"success"
"60599326","رخت آویز دیواری ایکیا مدل  KALLSO خاکستری، عرض ۸۰ سانتی‌متر",250,412500000,5,"success"
"30594085","برس توالت FLORSJON، رنگ بژ",40,60000000,42,"success"
"60604865","سطل زباله FLORSJON، رنگ بژ، ۳ لیتر",70,115500000,14,"success"
"90609588","ست قاشق و چنگال ۲۴ پارچه ایکیا مدل DOFTSKOLD، رنگ مشکی",140,210000000,0,"success"
"90559456","لیوان ایکیا مدل SANDSKADDA، دسته دار/ خاکستری روشن - بژ، ظرفیت ۲۷۰ میلی‌لیتر",10,15000000,34,"success"
"80607735","لیوان ایکیا مدل SANDSKADDA، دسته دار/ رنگ زرد، ظرفیت ۲۷۰ میلی‌لیتر",10,15000000,0,"success"
"20617997","دستکش فر ایکیا مدل VALVARDAD، رنگ بژ",20,30000000,0,"success"
"10595986","پایه رول دستمال توالت ایکیا مدل BASINGEN، ذغالی تیره، اندازه ۲۶×۱۷ سانتی‌متر",50,75000000,18,"success"
"70596172","بانکه درب دار ایکیا مدل BRUGDHAJ  بژ، ظرفیت ۱.۲ لیتر",50,75000000,0,"success"
"30596169","بانکه درب دار ایکیا مدل BRUGDHAJ بژ، ظرفیت ۱ لیتر",50,75000000,0,"success"
"00605995",-1,"پگ بورد ایکیا مدل SKADIS بژ / صورتی، اندازه ۷۶×۵۶ سانتی‌متر","",""
"20605471","سطل زباله پدالی ایکیا مدل GANSJON، مشکی، ظرفیت ۳ لیتر",60,90000000,0,"success"
"00605504","سطل زباله پدالی ایکیا مدل GANSJON، سبز روشن، ظرفیت ۳ لیتر",60,90000000,0,"success"
"40612263","ارگانایزر آویزی پارچه‌ای ایکیا مدل PURRPINGLA با ۶ بخش، بژ، اندازه ۲۲×۳۴×۸۰ سانتی‌متر",50,75000000,0,"success"
"30612254","باکس پارچه‌ای نگهدارنده ایکیا مدل PURRPINGLA بژ، اندازه ۳۴×۵۱×۲۸ سانتی‌متر",40,60000000,0,"success"
"80603563",-1,"قوطی فلزی ایکیا مدل VINTERFINT با درب، سبز، اندازه ۲۹×۲۰×۸ سانتی‌متر","",""
"00603816",-1,"ظرف شیشه‌ای ایکیا مدل VINTERFINT با درب، سبز، ظرفیت یک لیتر","",""
"90620072","جعبه ایکیا مدل SANDLOPARE، طرح‌دار / زرد، اندازه ۲۵×۱۷×۸.۵ سانتی‌متر",10,15000000,0,"success"
"80612708","کیف نگهدارنده ایکیا مدل SANDLOPARE چندرنگ / طرح ساوانا",40,60000000,38,"success"
"00606546",-1,"آباژور تزیینی LED رومیزی ایکیا مدل STRALA، شیشه‌ای، باتری‌خور / طوسی تیره، ارتفاع ۱۹ سانتی‌متر","",""
"70552026","سبد حصیری ایکیا مدل MAVINN جنس جوت (الیاف کنف)، ۲۲ سانتی‌متر",40,60000000,6,"success"
"80552035",-1,"سبد حصیری ایکیا مدل MAVINN جنس جوت (الیاف کنف)، ۲۸ سانتی‌متر","",""
"80591961",-1,"پادری ایکیا مدل VAGKURVA، چندرنگ/گل‌دار، اندازه ۴۰×۶۰ سانتی‌متر","",""
"40403617",-1,"پادری ایکیا مدل DONSLUND، رنگ طبیعی، اندازه ۴۰×۷۰ سانتی‌متر","",""
"40600953","پادری ایکیا مدل  VANDPLATS، چندرنگ / راه‌راه، اندازه ۴۰×۶۰ سانتی‌متر",30,45000000,6,"success"
"40517020","پادری ایکیا مدل VATTENVERK، خاکستری تیره، ابعاد ۱۵۰*۱۰۰سانتی‌متر",210,315000000,25,"success"
"00517017","پادری ایکیا مدل VATTENVERK، خاکستری تیره، ابعاد ۶۰×۹۰ سانتی‌متر",80,120000000,0,"success"
"90555284",-1,"پادری ایکیا مدل POSTKONTOR ، سبز، ابعاد ۴۰×۶۰ سانتی‌متر","",""
"30308994",-1,"پادری ایکیا مدل OPLEV، طوسی، ابعاد ۵۰×۸۰ سانتی‌متر","",""
"40607054",-1,"پادری ایکیا مدل ARBETSTAG، طرح سگ، ابعاد ۶۰×۹۰ سانتی‌متر","",""
"30608068","پادری ایکیا مدل TAGFORDON، مشکی/طرح خال‌خالی، ابعاد ۴۰×۶۰ سانتی‌متر",40,60000000,27,"success"
"50582538","پادری ایکیا مدل VAGTYP، گربه مشکی/ سبک طبیعی، ابعاد ۶۰×۹۰ سانتی‌متر",80,120000000,0,"success"
"60582533","پادری ایکیا مدل VAGSKYLT، آبی- سبز/مشکی، ابعاد ۴۰ × ۶۰ سانتی‌متر",30,45000000,133,"success"
"40582529","پادری ایکیا مدل VAGSKYLT، صورتی/نارنجی، ابعاد ۴۰ × ۶۰ سانتی‌متر",30,45000000,124,"success"
"30576939",-1,"پادری ایکیا مدل VALVBRO، چندرنگ/راه‌راه، ابعاد ۶۰ × ۹۰ سانتی‌متر","",""
"30495207",-1,"پادری ایکیا مدل OSTERILD، خاکستری تیره، ابعاد ۶۰ × ۹۰ سانتی‌متر","",""
"30287939","پادری ایکیا مدل KOGE، خاکستری/مشکی، ابعاد ۶۹ × ۹۰ سانتی‌متر",110,165000000,103,"success"
"40296603",-1,"پادری ایکیا مدل KOGE، خاکستری/مشکی، ابعاد ۱۰۲ × ۱۵۲ سانتی‌متر","",""
"20296604",-1,"پادری ایکیا مدل KOGE، خاکستری/مشکی، ابعاد ۸۲×۲۰۰ سانتی‌متر","",""
"00500111",-1,"پادری ایکیا مدل KLAMPENBORG، قهوه‌ای، ابعاد ۳۵×۵۵ سانتی‌متر","",""
"00612279","پادری ایکیا مدل KONTANTER، الیاف نارگیل / سبک طبیعی، ابعاد ۴۰×۶۰ سانتی‌متر",30,45000000,0,"success"
"00556160","پادری ایکیا مدل LOHALS، طبیعی، ابعاد ۶۰×۹۰ سانتی‌متر",70,105000000,0,"success"
"00582852","پادری ایکیا مدل FRIKTION، خاکستری، ابعاد ۳۸×۵۸ سانتی‌متر",0,0,98,"success"
"40399045","پادری ایکیا مدل TRAMPA، طبیعی، ابعاد ۴۰×۶۰ سانتی‌متر",20,30000000,0,"success"
"20052187","پادری ایکیا مدل TRAMPA، طبیعی، ابعاد ۶۰×۹۰ سانتی‌متر",40,60000000,187,"success"
"80610993","سبد نگهدارنده برای یخچال، ایکیا مدل KLIPPKAKTUS، شفاف، ابعاد ۳۰×۱۹×۱۴ سانتی‌متر",20,30000000,0,"success"
"30610995","جعبه نگهدارنده برای یخچال ایکیا مدل KLIPPKAKTUS، ست ۳ عددی، شفاف",30,45000000,28,"success"
"80603030","ظرف نگهدارنده غذا ایکیا مدل HAVSTOBIS با درب، شفاف/چند رنگ، ۷۰۰ میلی‌لیتر",20,30000000,0,"success"
"70602516","تابه سرخ‌کردنی ایکیا مدل KLIPPFISK با درب، روکش نچسب، خاکستری–فیروزه‌ای، قطر ۲۸ سانتی‌متر",160,256000000,3,"success"
"50602503","قابلمه سس ایکیا مدل KLIPPFISK مشکی–آبی، روکش نچسب/ گنجایش ۲.۳ لیتر",130,208000000,23,"success"
"90597482","قابلمه ایکیا مدل KLIPPFISK به همراه درب، روکش نچسب، مشکی–آبی، گنجایش ۵ لیتر",200,320000000,0,"success"
"80602511","تابه ایکیا مدل KLIPPFISK پوشش نچسب / دسته چوبی/ خاکستری-آبی تیره، ۲۸ سانتی‌متر",130,208000000,8,"success"
"10600860","گلدان گیاه مصنوعی ایکیا مدل FEJKA، ، مدل درخت موز، قطر 12 سانتی‌متر",40,60000000,4,"success"
"80601470",-1,"گلدان گیاه مصنوعی ایکیا مدل FEJKA، ، مدل حسن یوسف/قرمز، قطر ۹ سانتی‌متر","",""
"10560114","شاخه مصنوعی ایکیا مدل SMYCKA، اکالیپتوس/صورتی، ارتفاع ۶۰ سانتی‌متر",10,15000000,0,"success"
"00601474",-1,"گل مصنوعی ایکیا مدل SMYCKA، مدل اسکابیوزا، ارتفاع ۳۰ سانتی‌متر","",""
"30601482",-1,"دسته گل مصنوعی ایکیا مدل SMYCKA، چندرنگ، ارتفاع ۳۵ سانتی‌متر","",""
"50599652","قاشق آشپزی ایکیا مدل KNORRHANE، رنگ نارنجی روشن/قرمز تیره، طول ۳۳ سانتی‌متر",20,30000000,71,"success"
"70597483","کفگیر ایکیا مدل KNORRHANE، بژ روشن/ذغالی، طول ۳۲ سانتی‌متر",20,30000000,435,"success"
"70591650","آباژور رومیزی ایکیا مدل AKTERSPRING، شیشه سفید اوپال / آبکاری برنجی، ارتفاع ۳۹ سانتی‌متر",200,320000000,0,"success"
"70589384","صندلی کودک ایکیا مدل VILDGAS، سفید",70,112000000,11,"success"
"70589398",-1,"صندلی کودک ایکیا مدل VILDGAS، سفید/سبز","",""
"90601200","آباژور رومیزی ایکیا مدل KUDDLAVA، چین‌دار سفید، 28 سانتی‌متر",50,80000000,0,"success"
"80601050","شِید چراغ آویز ایکیا مدل KUDDLAVA، چین‌دار سفید، ۵۹ سانتی‌متر",40,60000000,6,"success"
"20613089",-1,"صندلی بار ایکیا مدل DALFRED / زرد/ ارتفاع قابل تنظیم 63–74 سانتی‌متر","",""
"40613093",-1,"صندلی بار ایکیا مدل DALFRED / خاکستری- آبی/ ارتفاع قابل تنظیم 63–74 سانتی‌متر","",""
"80613091","صندلی بار ایکیا مدل DALFRED / ارتفاع قابل تنظیم 63–74 سانتی‌متر",200,330000000,0,"success"
"39501096","صندلی چرخان ایکیا مدل ORFJAL فریم سفید/ روکش ویسل آبی تیره",350,577500000,0,"success"
"39501077","صندلی چرخان ایکیا مدل ORFJAL فریم مشکی/ روکش ویسل قرمز",350,577500000,0,"success"
"49303072","صندلی چرخان ایکیا مدل ORFJAL روکش ویسل مشکی",300,495000000,0,"success"
"80599702","لیوان شیشه‌ای ایکیا مدل OLIVTRAST، شیشه شفاف، ظرفیت 290 میلی‌لیتر",10,15000000,492,"success"
"70601692","قفسه ادویه ایکیا مدل HUNDHAJ، سبز، عرض ۲۰ سانتی‌متر",10,15000000,409,"success"
"60601701","قفسه عکس ایکیا مدل  NORDHAGG، چوب کاج، طول ۴۵ سانتی‌متر",20,30000000,297,"success"
"10607357",-1,"پایه لپ‌تاپ ایکیا مدل  BJORKASEN، آبی","",""
"30606130","قالب نان ایکیا مدل  VINTERROCKA، استیل ضدزنگ، ظرفیت ۲.۱ لیتر",20,30000000,0,"success"
"90599481","قالب کمربندی کیک ایکیا مدل  VINTERROCKA، استیل ضدزنگ، قطر ۲۲ سانتی‌متر",30,45000000,0,"success"
"00606122","قالب پای ایکیا مدل  VINTERROCKA، استیل ضدزنگ، قطر ۳۰ سانتی‌متر / حجم 2.2 لیتر",20,30000000,69,"success"
"90601709","ساعت دیواری ایکیا مدل BONDIS نارنجی 38 سانتی‌متر",60,90000000,0,"success"
"00566734","کلاهک/شید چراغ آویز ایکیا مدل TAGGTOFS، سفید/بامبو، قطر ۶۷ سانتی‌متر",120,192000000,10,"success"
"90600309",-1,"گوزن دکوری ایکیا مدل HOSTAGILLE ، نارنجی / زرد- بژ، ۱۳ سانتی‌متر","",""
"60605073",-1,"فرش ایکیا مدل ARENDE با پرز بلند، رنگ خاکستری، ابعاد ۱۲۰×۱۸۰ سانتی‌متر","",""
"10605075","فرش ایکیا مدل ARENDE با پرز بلند، رنگ کرم روشن، ابعاد ۱۲۰×۱۸۰ سانتی‌متر",150,225000000,0,"success"
"20606381","کاور روتختی به همراه ۲ روبالشی ایکیا مدل HAMPFLOCKEL، سفید، ابعاد ۲۴۰×۲۲۰ / ۵۰×۸۰ سانتی‌متر",250,375000000,2,"success"
"50606431","کاور روتختی به همراه ۲ روبالشی ایکیا مدل HAMPFLOCKEL، خاکستری تیره، ابعاد ۲۴۰×۲۲۰ / ۵۰×۸۰ سانتی‌متر",250,375000000,58,"success"
"20606456","کاور روتختی به همراه ۲ روبالشی ایکیا مدل HAMPFLOCKEL، قهوه‌ای، ابعاد ۲۴۰×۲۲۰ / ۵۰×۸۰ سانتی‌متر",250,375000000,35,"success"
"70606406","کاور روتختی به همراه ۲ روبالشی ایکیا مدل HAMPFLOCKEL، آبی تیره، ابعاد ۲۴۰×۲۲۰ / ۵۰×۸۰ سانتی‌متر",250,375000000,22,"success"
"00483343","تشک فنری ایکیا مدل VESTMARKA ، سفت و با دوام، آبی ملایم/ ابعاد ۱۸۰×۲۰۰ سانتی‌متر",1200,1920000000,10,"success"
"70568560","جعبه بدون درب ایکیا مدل KUGGIS، سفید، ابعاد ۱۸×۲۶×۸ سانتی‌متر",20,30000000,584,"success"
"40586235",-1,"جعبه بدون درب ایکیا مدل KUGGIS، خاکستری تیره - بژ، ابعاد ۱۸×۲۶×۸ سانتی‌متر","",""
"60599147","جعبه بدون درب ایکیا مدل KUGGIS، خاکستری ملایم، ابعاد ۱۸×۲۶×۸ سانتی‌متر",20,30000000,0,"success"
"80601998","قاب با پوسترایکیا مدل KNOPPANG، مجموعه ۸ عددی، داستان‌های فولکلور",160,240000000,0,"success"
"80602144",-1,"قاب با پوستر ایکیا مدل RODALM، غروب آفتاب راه‌راه، ۴۰×۵۰ سانتی‌متر","",""
"00601921","تابلو دو تا پرنده ایکیا مدل BLODFLADER سایز 50*40 سانتی‌متر",80,120000000,0,"success"
"40601919","تابلو گل نارنجی ایکیا مدل BLODFLADER سایز 50*40 سانتی‌متر",70,105000000,16,"success"
"59582483",-1,"جعبه با درب ایکیا مدل KUGGIS، خاکستری تیره-بژ، ابعاد ۱۸×۲۶×۸ سانتی‌متر","",""
"29596764","جعبه با درب ایکیا مدل KUGGIS، خاکستری روشن، ابعاد ۱۸×۲۶×۸ سانتی‌متر",30,45000000,0,"success"
"79561286","جعبه با درب ایکیا مدل KUGGIS، سفید/ بامبو، ابعاد ۱۸×۲۶×۸ سانتی‌متر",30,45000000,194,"success"
"99582612",-1,"جعبه با درب ایکیا مدل KUGGIS، خاکستری تیره-بژ / بامبو، ابعاد ۱۸×۲۶×۸ سانتی‌متر","",""
"89596822","جعبه با درب ایکیا مدل KUGGIS، طوسی روشن/بامبو",30,45000000,0,"success"
"90602445","فریم تختخواب ایکیا مدل VIHALS، سفید، 200*180 سانتی‌متر",590,973500000,10,"success"
"40602424","فریم تختخواب ایکیا مدل VIHALS، سفید، ۹۰×۲۰۰ سانتی‌متر",350,577500000,11,"success"
"80601917","تابلو منظره (Nazaré) ایکیا مدل BLODFLADER سایز ۵۰×۷۰ سانتی‌متر",100,150000000,0,"success"
"80512469",-1,"محفظه نگهداری چندبخشی ایکیا مدل TIGERFINK، فیروزه‌ای","",""
"10529557",-1,"کیف نگهداری بافته‌شده ایکیا مدل STRANDSKATA / چندرنگ، قطر ۲۰ سانتی‌متر","",""
"40580525",-1,"ست ۴ عددی جعبه ایکیا مدل LYSMASK، طرح‌دار/ چندرنگ","",""
"20468105","ارگانایزر پلاستیکی ایکیا مدل NOJIG ، بژ، ابعاد 10*25*20 سانتی‌متر",0,0,239,"success"
"70457487","ارگانایزر پلاستیکی ایکیا مدل NOJIG ، بژ، ابعاد 5*20*10 سانتی‌متر",0,0,2373,"success"
"60477037","ارگانایزر پلاستیکی ایکیا مدل NOJIG ، بژ، ابعاد 5*10*10 سانتی‌متر",0,0,15,"success"
"50468104","ارگانایزر پلاستیکی ایکیا مدل NOJIG ، بژ، ابعاد ۱۵×۲۰×۵ سانتی‌متر",0,0,1342,"success"
"20593454","سبد نگهداری ایکیا مدل PLOGSVANG، سفید، ابعاد ۱۵×۲۰×۱۰ سانتی‌متر",10,15000000,582,"success"
"70599316","ست ۶ عددی ظرف نگهداری غذای خشک ایکیا مدل KORALLVIPPA  با درپوش، شفاف",60,90000000,0,"success"
"00608913","کاور روتختی و روبالشی ایکیا مدل ANGSLILJA، سفید، سایز 200*150 / ۵۰×۸۰ سانتی‌متر",100,160000000,0,"success"
"60608873","کاور روتختی و ۲ روبالشی ایکیا مدل ANGSLILJA، خاکستری، سایز220*240 / ۵۰×۸۰ سانتی‌متر",150,240000000,114,"success"
"60599736","کاور روتختی و ۲ روبالشی ایکیا مدل SCHERSMIN، سفید، سایز ۲۴۰×۲۲۰ / ۵۰×۸۰ سانتی‌متر",300,480000000,75,"success"
"80599764","کاور روتختی و ۲ روبالشی ایکیا مدل SCHERSMIN، صورتی کم‌رنگ، سایز ۲۴۰×۲۲۰ / ۵۰×۸۰ سانتی‌متر",300,480000000,0,"success"
"60599816","کاور روتختی و ۲ روبالشی ایکیا مدل SCHERSMIN، سبز کم‌رنگ، سایز ۲۴۰×۲۲۰ / ۵۰×۸۰ سانتی‌متر",300,480000000,1,"success"
"30602090","پرده پشت‌پرده‌دار ایکیا مدل BENGTA، بژ/ نوار سرپرده، اندازه ۲۱۰×۳۰۰ سانتی‌متر",70,105000000,0,"success"
"00602162",-1,"پرده پشت‌پرده‌دار ایکیا مدل BENGTA، صورتی روشن/ نوار سرپرده، اندازه ۲۱۰×۳۰۰ سانتی‌متر","",""
"40596814","قاشق غذاخوری و قاشق نوزاد ایکیا مدل BORJA، سفید/آبی",10,15000000,96,"success"
"90596816","بشقاب/کاسه کودک ایکیا مدل BORJA، سفید/آبی",40,60000000,40,"success"
"00596811","لیوان آموزشی ایکیا مدل BORJA، سفید/آبی",10,15000000,175,"success"
"60604629","کاور کوسن ایکیا مدل DRABOR، مشکی/بژ ملایم، ۵۰x۵۰ سانتی‌متر",20,30000000,0,"success"
"50600330","کاور کوسن ایکیا مدل MAVINN گلدار مشکی و سفید، ابعاد ۴۰x۵۸ سانتی‌متر",50,75000000,8,"success"
"40598653","پتو/شال مبل ایکیا مدل LAPPKATTFOT، نارنجی روشن/صورتی، ابعاد ۱۳۰x۱۷۰ سانتی‌متر",70,105000000,0,"success"
"00598669",-1,"پتو/شال مبل ایکیا مدل BISKOPSMOSSA، سبز/سفید استخوانی، ابعاد ۱۳۰x۱۷۰ سانتی‌متر","",""
"50582411","صندلی راحتی تختخواب ‌شو ایکیا مدل TORNSBORG، بژ Naggen / چوب کاج",1190,1963500000,0,"success"
"90584658","کاناپه تختخواب ‌شو دو نفره ایکیا مدل TORNSBORG، بژ Naggen / چوب کاج",1990,3283500000,3,"success"
"20607314","گلدان ایکیا مدل KAPKASTANJ، سفید مایل به کرم، ارتفاع 15 سانتی‌متر",20,30000000,0,"success"
"70607316","گلدان ایکیا مدل KAPKASTANJ، سفید مایل به کرم، ارتفاع ۲۳ سانتی‌متر",30,45000000,0,"success"
"50607299",-1,"گلدان ایکیا مدل BLODBJORK، صورتی کم‌رنگ، ارتفاع ۲۵ سانتی‌متر","",""
"70600334",-1,"گلدان ایکیا مدل HOSTAGILLE قهوه‌ای ارتفاع 21 سانتی‌متر","",""
"40607308",-1,"گلدان ایکیا مدل PARLHAGG، زرد - بژ، ارتفاع 22 سانتی‌متر","",""
"70607298",-1,"گلدان ایکیا مدل BLODBJORK، زرد، ارتفاع ۱۶ سانتی‌متر","",""
"30607295",-1,"گلدان ایکیا مدل BLODBJORK، صورتی کم‌رنگ/آبی، ارتفاع ۱۶ سانتی‌متر","",""
"80607311","گلدان ایکیا مدل PELARBJORK، سفید، ارتفاع 14 سانتی‌متر",40,60000000,170,"success"
"00607310","گلدان ایکیا مدل PELARBJORK، خاکستری-سبز، ۲۰ سانتی‌متر",70,105000000,18,"success"
"80607306",-1,"گلدان ایکیا مدل GLANSGRAN بژ/مشکی ارتفاع ۲۳ سانتی‌متر","",""
"50583986","لامپ LED ایکیا مدل SOLHETTA سرپیچ E14 و ۲۵۰ لومن، سفید اُپال",10,15000000,306,"success"
"00584035","لامپ LED ایکیا مدل SOLHETTA سرپیچ E14و ۲۵۰ لومن، سفید اُپال",10,15000000,8,"success"
"00584097","لامپ LED ایکیا مدل  SOLHETTA سرپیچ GU10 و ۳۴۵ لومن، قابل تنظیم شدت نور",10,15000000,1146,"success"
"00584016","لامپ LED ایکیا مدل  SOLHETTA سرپیچ E14 و۴۷۰ لومن، سفید اُپال",10,15000000,728,"success"
"20584082","لامپ LED ایکیا مدل SOLHETTA سرپیچ GU10 و ۲۳۰ لومن",20,30000000,684,"success"
"30583968","لامپ LED ایکیا مدل SOLHETTA سرپیچ E14 و 470 لومن، سفید اُپال",10,15000000,1948,"success"
"50583934","لامپ LED ایکیا مدل SOLHETTA سرپیچ E27، قابل تنظیم، سفید اُپال",20,30000000,522,"success"
"20603330",-1,"باکس نظم دهنده ایکیا مدل DRONA، زرد تیره، ۳۳×۳۸×۳۳ سانتی‌متر","",""
"90587039","ست ۳ تکه لوازم سرویس بهداشتی ایکیا مدل GANSJON، مشکی",60,90000000,5,"success"
"50595442","زیرانداز خشک‌ کن ظرف ایکیا مدل RINNIG، بژ، ۵۱x۴۲ سانتی‌متر",20,30000000,444,"success"
"40601354","نگهدارنده بشقاب ایکیا مدل RINNIG، زرد",20,30000000,4,"success"
"00609899","پیشبند ایکیا مدل  RINNIG طرح‌دار، ۶۹x۸۵ سانتی‌متر",20,30000000,0,"success"
"10609907","دستمال آشپزخانه ایکیا مدل RINNIG، طرح دار/ رنگ‌های ترکیبی",20,30000000,0,"success"
"30609906","دستمال آشپزخانه ایکیا مدل RINNIG، راه‌راه قرمز/بژ",20,30000000,77,"success"
"50609905","دستمال آشپزخانه ایکیا مدل RINNIG، راه‌راه سبز/آبی",20,30000000,470,"success"
"30608252",-1,"بشقاب کاسه ای ایکیا مدل OFTAST سبز ملایم 20 سانتی‌متر","",""
"00608258",-1,"کاسه سرو ایکیا مدل OFTAST سبز ملایم 23 سانتی‌متر","",""
"20608262",-1,"بشقاب کناری ایکیا مدل OFTAST سبز ملایم 19 سانتی‌متر","",""
"40609492",-1,"کاسه ایکیا مدل OFTAST سبز ملایم 15 سانتی‌متر","",""
"10608253",-1,"بشقاب ایکیا مدل OFTAST سبز ملایم 25 سانتی‌متر","",""
"40610363",-1,"پادری حمام ایکیا مدل TOFTBO، خاکستری تیره-سفید/ ملانژ، اندازه 120*60 سانتی‌متر","",""
"80610276","پادری حمام ایکیا مدل TOFTBO، صورتی، اندازه ۵۰x۸۰ سانتی‌متر",20,30000000,0,"success"
"20610279","پادری حمام ایکیا مدل TOFTBO، خاکستری روشن- سفید/ ملانژ، اندازه ۵۰x۸۰ سانتی‌متر",20,30000000,169,"success"
"40610278","پادری حمام ایکیا مدل TOFTBO، آبی روشن، اندازه ۵۰x۸۰ سانتی‌متر",20,30000000,0,"success"
"60610263","پادری حمام ایکیا مدل TOFTBO، بژ، اندازه ۵۰x۸۰ سانتی‌متر",20,30000000,46,"success"
"00610275","پادری حمام ایکیا مدل TOFTBO، زغالی، اندازه ۵۰x۸۰ سانتی‌متر",20,30000000,334,"success"
"80611855",-1,"پادری حمام ایکیا مدل TOFTBO، خاکستری روشن-سفید/ملانژ، اندازه ۴۰x۶۰ سانتی‌متر","",""
"70610291","پادری ایکیا مدل TOFTBO، خاکستری-سفید/ ملانژ، اندازه ۵۵x۶۰ سانتی‌متر",20,30000000,0,"success"
"70610267","پادری ایکیا مدل TOFTBO، بژ، اندازه ۵۵x۶۰ سانتی‌متر",20,30000000,0,"success"
"20495316",-1,"پادری ایکیا مدل TOFTBO، بژ تیره، اندازه ۵۵x۶۰ سانتی‌متر","",""
"20600850","گیاه مصنوعی گلدانی ایکیا مدل FEJKA، رنگ نعناعی، قطر ۹ سانتی‌متر",0,0,539,"success"
"10614225","گیاه مصنوعی آویزی مدل FEJKA، طرح هویا، قطر ۹ سانتی‌متر",10,15000000,0,"success"
"50600863","گیاه مصنوعی گلدانی ایکیا مدل FEJKA، کالاتیا، قطر ۱۲ سانتی‌متر",20,30000000,0,"success"
"00600870","گیاه مصنوعی گلدانی ایکیا مدل FEJKA، آلوکاسیا، قطر ۱۲ سانتی‌متر",20,30000000,0,"success"
"90606090","نظم دهنده دیواری ایکیا مدل OBONAS پایه مکشی، خاکستری-بژ",20,30000000,0,"success"
"80606095","قلاب سه‌گانه دیواری ایکیا مدل OBONAS، پایه مکشی، خاکستری-بژ، ابعاد ۷x۱۱ سانتی‌متر",10,15000000,86,"success"
"40606101","شلف دیواری ایکیا مدل OBONAS، پایه مکشی، خاکستری-بژ، ۲۸ سانتی‌متر",20,30000000,2,"success"
"40600750","کاسه ایکیا مدل GLADELIG، خاکستری، قطر ۱۴ سانتی‌متر",20,30000000,88,"success"
"10597018","کاسه ایکیا مدل GLADELIG، خاکستری تیره، قطر ۱۴ سانتی‌متر",20,30000000,135,"success"
"40600712","کاسه ایکیا مدل GLADELIG، آبی، قطر ۱۴ سانتی‌متر",20,30000000,76,"success"
"00601469",-1,"گلدان گیاه مصنوعی ایکیا مدل FEJKA، ست ۳ عددی، قطر ۶ سانتی‌متر","",""
"90609932","حوله بزرگ حمام ایکیا مدل VAGSJON، صورتی، ۱۰۰x۱۵۰ سانتی‌متر",40,60000000,0,"success"
"50604880","ماگ ایکیا مدل FARGKLAR، صورتی ملایم، ظرفیت ۴۲۰ میلی‌لیتر",10,15000000,0,"success"
"40580479","قاشق سرو ماکارونی ایکیا مدل STRALFENA، چوب توس، 30 سانتی‌متر",0,0,78,"success"
"20603288","قاشق آشپزی ایکیا مدل STRALFENA، چوب توس، ۲۹ سانتی‌متر",0,0,412,"success"
"70609933","حوله دست ایکیا مدل VAGSJON، صورتی، ۴۰x۷۰ سانتی‌متر",10,15000000,17,"success"
"30609930","حوله حمام ایکیا مدل VAGSJON، صورتی، ۷۰x۱۴۰ سانتی‌متر",20,30000000,2,"success"
"30610542","حوله حمام ایکیا مدل VAGSJON، نارنجی-قرمز، ۷۰x۱۴۰ سانتی‌متر",20,30000000,23,"success"
"30573318","نگهدارنده به همراه ۳ تخته برش ایکیا مدل GUMMIHAJ، رنگ‌های ترکیبی",50,80000000,0,"success"
"70600720","بشقاب کناری ایکیا مدل GLADELIG، آبی، ۲۰ سانتی‌متر",20,30000000,197,"success"
"00596991","بشقاب کناری ایکیا مدل GLADELIG، خاکستری تیره، ۲۰ سانتی‌متر",20,30000000,180,"success"
"00600752","بشقاب کناری ایکیا مدل GLADELIG، خاکستری، ۲۰ سانتی‌متر",20,30000000,125,"success"
"30600717","دیس کوچک ایکیا مدل GLADELIG آبی، ۲۰x۱۳ سانتی‌متر",20,30000000,164,"success"
"70600758","دیس کوچک ایکیا مدل GLADELIG خاکستری، ۲۰x۱۳ سانتی‌متر",20,30000000,51,"success"
"60596709","ظرف ساندویچ درب دار ایکیا مدل PRUTA، یاسی/ سبز، ۲۲x۱۴x۵ سانتی‌متر",10,15000000,0,"success"
"70600348",-1,"حلقه گل مصنوعی ایکیا مدل HOSTAGILLE، رنگ‌های ترکیبی، ۶۰ سانتی‌متر","",""
"30538042","گل مصنوعی ایکیا مدل SMYCKA، مدل ادریسی/ صورتی روشن، ۴۵ سانتی‌متر",10,15000000,151,"success"
"40581153","تابه ۲۴ سانتی‌متری ایکیا مدل TAGGHAJ با روکش نچسب، مشکی",20,30000000,23,"success"
"50608265",-1,"کاسه ایکیا مدل OFTAST، سفید و مشکی با طرح نقطه‌ای، ۱۵ سانتی‌متر","",""
"30608247",-1,"کاسه ایکیا مدل OFTAST، سبز روشن با طرح نقطه‌ای، ۱۵ سانتی‌متر","",""
"00597542",-1,"شمع معطر در لیوان ایکیا مدل HOSTAGILLE ، رایحه کدو تنبل ادویه‌ای/قهوه‌ای، ۲۰ ساعته","",""
"90605967","قاشق قهوه ایکیا مدل TILLAGD، رنگ برنجی، ۱۲ سانتی‌متر",30,45000000,66,"success"
"10605947","ست ۴ تایی کارد پنیر ایکیا مدل TILLAGD، رنگ برنجی",80,120000000,59,"success"
"20605961","ست پذیرایی ۲ تکه ایکیا مدل  TILLAGD، رنگ برنجی",80,120000000,16,"success"
"79575212",-1,"ترکیب نظم‌ دهنده با جعبه ها ایکیا مدل TROFAST، چوب کاج، سفید، ۴۴x۳۰x۹۱ سانتی‌متر","",""
"89575443",-1,"ترکیب نظم‌ دهنده با جعبه ها ایکیا مدل TROFAST، چوب کاج، قرمز/ سفید، ۴۴x۳۰x۹۱ سانتی‌متر","",""
"59575430",-1,"ترکیب نظم‌ دهنده با جعبه ها ایکیا مدل TROFAST، چوب کاج، نارنجی ملایم/ سبز روشن، ۴۴x۳۰x۹۱ سانتی‌متر","",""
"19575432",-1,"ترکیب نظم‌ دهنده با جعبه ها ایکیا مدل TROFAST، چوب کاج، خاکستری/ سبز ملایم، ۴۴x۳۰x۹۱ سانتی‌متر","",""
"59575208",-1,"ترکیب نظم‌ دهنده با جعبه ها ایکیا مدل TROFAST، چوب کاج، سفید/ سبز روشن، ۴۴x۳۰x۹۱ سانتی‌متر","",""
"79575434",-1,"ترکیب نظم‌ دهنده با جعبه ها ایکیا مدل TROFAST، چوب کاج، نارنجی ملایم/ خاکستری، ۴۴x۳۰x۹۱ سانتی‌متر","",""
"69573280",-1,"ترکیب نظم‌ دهنده با جعبه/سینی ایکیا مدل TROFAST، چوب کاج، سفید، ۳۲x۴۴x۵۲ سانتی‌متر","",""
"29602010",-1,"ترکیب نظم‌ دهنده با جعبه/سینی ایکیا مدل TROFAST، چوب کاج، سفید/ یاسی، ۳۲x۴۴x۵۲ سانتی‌متر","",""
"69602013",-1,"ترکیب نظم‌ دهنده با جعبه/سینی ایکیا مدل TROFAST، چوب کاج، سفید/ آبی ملایم، ۳۲x۴۴x۵۲ سانتی‌متر","",""
"29573300",-1,"ترکیب نظم‌ دهنده با جعبه/سینی ایکیا مدل TROFAST، چوب کاج، سفید/خاکستری، ۳۲x۴۴x۵۲ سانتی‌متر","",""
"29575436",-1,"ترکیب نظم‌ دهنده با جعبه‌ ایکیا مدل TROFAST چوب کاج/ سفید، ۴۴x۳۰x۹۱ سانتی‌متر","",""
"89575438",-1,"ترکیب نظم‌ دهنده با جعبه‌ ایکیا مدل TROFAST چوب کاج/ قرمز، ۴۴x۳۰x۹۱ سانتی‌متر","",""
"99606707",-1,"ترکیب نظم‌ دهنده با جعبه‌ ایکیا مدل TROFAST چوب کاج/ چند رنگ، ۴۴x۳۰x۹۱ سانتی‌متر","",""
"69606704",-1,"ترکیب نظم‌ دهنده با جعبه‌ ایکیا مدل TROFAST چوب کاج/ یاسی، ۴۴x۳۰x۹۱ سانتی‌متر","",""
"29606701",-1,"ترکیب نظم‌ دهنده با جعبه‌ ایکیا مدل TROFAST چوب کاج/ آبی ملایم، ۴۴x۳۰x۹۱ سانتی‌متر","",""
"29575441",-1,"ترکیب نظم‌ دهنده با جعبه‌ ایکیا مدل TROFAST چوب کاج/ سبز روشن، ۴۴x۳۰x۹۱ سانتی‌متر","",""
"39533356","نظم‌دهنده دیواری ایکیا مدل TROFAST، چوب کاج / خاکستری تیره، ۹۳x۲۱x۳۰ سانتی‌متر",320,528000000,0,"success"
"19533357",-1,"نظم‌دهنده دیواری ایکیا مدل TROFAST، چوب کاج / آبی خاکستری، ۹۳x۲۱x۳۰ سانتی‌متر","",""
"39573408","ترکیب نظم‌ دهنده با جعبه‌ ایکیا مدل TROFAST چوب کاج/ سفید، ۹۴x۴۴x۹۱ سانتی‌متر",560,924000000,5,"success"
"49574327","ترکیب نظم‌ دهنده با جعبه‌ ایکیا مدل TROFAST چوب کاج/ قرمز، ۹۴x۴۴x۹۱ سانتی‌متر",560,924000000,0,"success"
"89573415","ترکیب نظم‌ دهنده با جعبه‌ ایکیا مدل TROFAST چوب کاج/ یاسی، ۹۴x۴۴x۹۱ سانتی‌متر",560,924000000,0,"success"
"59573412","ترکیب نظم‌ دهنده با جعبه‌ ایکیا مدل TROFAST چوب کاج/ آبی ملایم، ۹۴x۴۴x۹۱ سانتی‌متر",560,924000000,0,"success"
"59573600",-1,"ترکیب نظم‌ دهنده با جعبه‌ ایکیا مدل TROFAST چوب کاج/ خاکستری، ۹۴x۴۴x۹۱ سانتی‌متر","",""
"99573467","ترکیب نظم‌ دهنده با جعبه‌ ایکیا مدل TROFAST چوب کاج/ سبز روشن، ۹۴x۴۴x۹۱ سانتی‌متر",560,924000000,0,"success"
"49574332","ترکیب نظم‌ دهنده با جعبه‌ ایکیا مدل TROFAST چوب کاج/ سفید/ قرمز، ۹۴x۴۴x۹۱ سانتی‌متر",560,924000000,0,"success"
"19575489","نظم ‌دهنده دیواری ایکیا مدل TROFAST، چوب کاج /سفید، ۹۳x۲۱x۳۰ سانتی‌متر",270,445500000,0,"success"
"39574865","ترکیب نظم‌ دهنده با جعبه‌ ایکیا مدل TROFAST چوب کاج/ سفید، ۹۳x۴۴x۵۲ سانتی‌متر",460,759000000,10,"success"
"79574892",-1,"ترکیب نظم‌ دهنده با جعبه‌ ایکیا مدل TROFAST چوب کاج/ سفید/ خاکستری، ۹۳x۴۴x۵۲ سانتی‌متر","",""
"59574888","ترکیب نظم‌ دهنده با جعبه‌ ایکیا مدل TROFAST چوب کاج/ سفید/ سبز روشن، ۹۳x۴۴x۵۲ سانتی‌متر",460,759000000,0,"success"
"49574898","ترکیب نظم‌ دهنده با جعبه‌ ایکیا مدل TROFAST چوب کاج/ نارنجی ملایم/ قرمز، ۹۳x۴۴x۵۲ سانتی‌متر",460,759000000,0,"success"
"89574900",-1,"ترکیب نظم‌ دهنده با جعبه‌ ایکیا مدل TROFAST چوب کاج/ نارنجی ملایم/ خاکستری، ۹۳x۴۴x۵۲ سانتی‌متر","",""
"09574895","ترکیب نظم‌ دهنده با جعبه‌ ایکیا مدل TROFAST چوب کاج/ نارنجی ملایم/ سبز روشن، ۹۳x۴۴x۵۲ سانتی‌متر",460,759000000,0,"success"
"69574939",-1,"ترکیب نظم‌ دهنده با جعبه‌ ایکیا مدل TROFAST چوب کاج/ سبز ملایم/ خاکستری، ۹۳x۴۴x۵۲ سانتی‌متر","",""
"09574918","ترکیب نظم‌ دهنده با جعبه‌ ایکیا مدل TROFAST چوب کاج/ سبز ملایم/ سبز روشن، ۹۳x۴۴x۵۲ سانتی‌متر",460,759000000,0,"success"
"19533277",-1,"ترکیب نظم‌ دهنده با جعبه‌ ایکیا مدل TROFAST چوب کاج/ خاکستری – آبی/ خاکستری تیره، ۹۳x۴۴x۵۲ سانتی‌متر","",""
"19533258",-1,"ترکیب نظم‌ دهنده با جعبه‌ ایکیا مدل TROFAST چوب کاج/ قرمز ملایم، ۹۳x۴۴x۵۲ سانتی‌متر","",""
"19574475","ترکیب نظم‌ دهنده با جعبه‌ ایکیا مدل TROFAST سفید/ سبز ملایم/ سفید، ۹۹x۴۴x۵۶ سانتی‌متر",360,594000000,0,"success"
"39574728","ترکیب نظم‌ دهنده با جعبه‌ ایکیا مدل TROFAST سفید/ سبز ملایم/ قرمز، ۹۹x۴۴x۵۶ سانتی‌متر",360,594000000,0,"success"
"19574480","ترکیب نظم‌ دهنده با جعبه‌ ایکیا مدل TROFAST سفید/ سبز ملایم/ یاسی، ۹۹x۴۴x۵۶ سانتی‌متر",360,594000000,0,"success"
"79574477","ترکیب نظم‌ دهنده با جعبه‌ ایکیا مدل TROFAST سفید/ سبز ملایم/ آبی ملایم، ۹۹x۴۴x۵۶ سانتی‌متر",360,594000000,0,"success"
"99574730",-1,"ترکیب نظم‌ دهنده با جعبه‌ ایکیا مدل TROFAST سفید/ سبز ملایم/ خاکستری، ۹۹x۴۴x۵۶ سانتی‌متر","",""
"79574482","ترکیب نظم‌ دهنده با جعبه‌ ایکیا مدل TROFAST سفید/ سبز ملایم/ سبز روشن، ۹۹x۴۴x۵۶ سانتی‌متر",360,594000000,0,"success"
"59574459","ترکیب نظم‌ دهنده با جعبه‌ ایکیا مدل TROFAST سفید، ۹۹x۴۴x۵۶ سانتی‌متر",360,594000000,10,"success"
"90595794",-1,"گلدان ایکیا مدل HONUNGSPALM صورتی، 15 سانتی‌متر","",""
"00595798",-1,"گلدان ایکیا مدل HONUNGSPALM خاکستری/ بژ، 15 سانتی‌متر","",""
"60595795",-1,"گلدان ایکیا مدل HONUNGSPALM سبز، ۱۹ سانتی‌متر","",""
"30576246","آباژور رومیزی ایکیا مدل ASKMULLER، قابل تنظیم/ خاکستری روشن، ۲۴ سانتی‌متر",90,135000000,10,"success"
"50576231",-1,"آباژور رومیزی ایکیا مدل ASKMULLER، قابل تنظیم/ صورتی کم‌رنگ/قرمز، ۲۴ سانتی‌متر","",""
"90585950","لوستر آویز ایکیا مدل  STOCKHOLM 2025، شیشه‌ای/برنجی، 54 سانتی‌متر",450,742500000,0,"success"
"90585988","لوستر آویز ایکیا مدل  STOCKHOLM 2025 سفید پارچه‌ای/برنجی، ۵۰ سانتی‌متر",250,412500000,0,"success"
"50586305","لوستر آویز ایکیا مدل  STOCKHOLM 2025، شیشه‌ای/برنجی، ۳۸ سانتی‌متر",390,643500000,1,"success"
"90594006","آینه دیواری ایکیا مدل EKFANN با نور یکپارچه و قابل تنظیم/ مشکی",120,192000000,44,"success"
"30540016",-1,"آباژور ایستاده ایکیا مدل KLOVING زغالی","",""
"80561940","آباژور ایستاده/مطالعه ایکیا مدل  RODFLIK بژ روشن",180,297000000,13,"success"
"80563576","آباژور ایستاده/مطالعه ایکیا مدل  RODFLIK سبز خاکستری",180,297000000,12,"success"
"70559971","آباژور رومیزی ایکیا مدل FLYGHOJD، نیکل اندود/ سفید، ۵۴ سانتی‌متر",90,144000000,0,"success"
"90524457","آباژور رومیزی ایکیا مدل FLYGHOJD، برنجی/بژ، ۵۴ سانتی‌متر",90,144000000,0,"success"
"00568224","آباژور رومیزی ایکیا HOGVIND بدنه نیکل‌اندود و شیشه خاکستری",150,240000000,29,"success"
"70585611",-1,"آباژور رومیزی ایکیا BLASVERK  قرمز","",""
"80566674","آباژور ایستاده دو سری ایکیا مدل FOLKBAT مشکی",150,247500000,4,"success"
"40585924","آباژور ایستاده ایکیا مدل STOCKHOLM 2025، روکش سفید پارچه‌ای، پایه برنجی، ۱۵۹ سانتی‌متر",350,577500000,15,"success"
"80583616","شید/ کلاهک چراغ آویزایکیا مدل  GULLSUDARE دست‌ساز، سفید ۷۰ سانتی‌متر",20,32000000,97,"success"
"60528876","فرش دستباف ایکیا مدل SORTSO  آبی روشن/ ابعاد 55  در 85 سانتی‌متر",20,30000000,394,"success"
"70418518","فرش دستباف ایکیا مدل SORTSO   ابعاد 55  در 85 سانتی‌متر",20,30000000,217,"success"
"80567621","ست طی تمیزکننده ایکیا مدل PEPPRIG زرد/ آبی",100,150000000,65,"success"
"00586954","چراغ مطالعه ایکیا مدل SAMBORD مشکی/ سفید",80,128000000,21,"success"
"00594322","آباژور رومیزی ایکیا مدل NYMANE سفید ارتفاع 33 سانتی‌متر",120,192000000,0,"success"
"10592365","گلدان ایکیا مدل STILREN سفید 12 سانتی‌متر",20,30000000,298,"success"
"30293898","استند بامبو چاقو ایکیا مدل HYVLA",60,90000000,0,"success"
"10595439","اسفنج ظرفشویی ایکیا مدل SVAMPIG خاکستری - سبز",0,0,1345,"success"
"50589460","لیف حمام ایکیا مدل ABYAN پک ۳ عددی، رنگ نارنجی/سبز/سفید",10,15000000,1264,"success"
"76921",-1,"لگو مدل 76921 ماشین مسابقه‌ای آئودی S1 ای-ترون کواترو LEGO Audi S1 e-tron quattro Race Car`","",""
"76925",-1,"لگو مدل 76925 ماشین ایمنی و ماشین مسابقه فرمول یک استون مارتین AMR23  مدل LEGO Aston Martin Safety Car & AMR23","",""
"11015",-1,"لگو مدل 11015 سفر به دور دنیا  LEGO Around the World","",""
"71811",-1,"لگو مدل 71811 ماشین باگی نینجای آفرود آرین  LEGO Arin's Ninja Off-Road Buggy Car","",""
"76924",-1,"لگو مدل 76924 مرسدس-ای‌ام‌جی G 63 و مرسدس-ای‌ام‌جی SL 63 مدل LEGO Mercedes-AMG G 63 & Mercedes-AMG SL 63","",""
"77244",-1,"لگو مدل 77244 ماشین مسابقه فرمول یک لگو مرسدس-ای‌ام‌جی LEGO Mercedes-AMG F1® W15 Race Car","",""
"77243",-1,"لگو مدل 77243 ماشین مسابقه فرمول یک ردبول RB20 مدل  LEGO Oracle Red Bull Racing RB20 F1® Race Car","",""
"77250",-1,"لگو مدل 77250 ماشین مسابقه فرمول یک مدل VF-24 تیم هاس LEGO MoneyGram Haas F1® Team VF-24 Race Car","",""
"42203",-1,"لگو مدل 42203 کامیون کمپرسی LEGO Tipping Dump Truck","",""
"77246",-1,"لگو مدل 77246 ماشین مسابقه فرمول یک LEGO 4xVisa Cash App RB VCARB 01 F1® Race Car","",""
"60412",-1,"لگو مدل 60412 ماشین آتش نشانی 4x4 به همراه قایق نجات LEGO 4x4 Fire Truck with Rescue Boat","",""
"75404",-1,"لگو 75404 سفینه تهاجمی کلاس اَکلامِیتر LEGO Acclamator-Class Assault Ship","",""
"21034",-1,"لگو 21034 معماری لندن LEGO Architecture London","",""
"75401",-1,"لگو 75401 جنگنده جدای آسوکا LEGO Ahsoka's Jedi Interceptor","",""
"11028",-1,"لگو مدل 11028 سرگرمی خلاقانه با پاستل LEGO Creative Pastel Fun","",""
"11018",-1,"لگو مدل 11018 سرگرمی خلاقانه اقیانوس LEGO Creative Ocean Fun","",""
"11017",-1,"لگو مدل 11017 هیولاهای خلاق LEGO Creative Monsters","",""
"60401",-1,"لگو مدل 60401 غلتک بخار ساختمانی LEGO Construction Steamroller","",""
"71414",-1,"لگو مدل 71414 ست توسعه لگو Conkdor؛ ضربه به سر بازیکن LEGO Conkdor's Noggin Bopper Expansion Set","",""
"10452","لگو مدل 10452 سفر کمپینگ LEGO Camping Trip",40,60000000,"","success"
"77047",-1,"لگو مدل 77047 خرگوش در فضای باز  LEGO Bunnie's Outdoor Activities","",""
"42623",-1,"لگو مدل 42623 اسکوتر آبی ساحلی  LEGO Beach Water Scooter","",""
"76301",-1,"لگو مدل 76301 بتمن و بت‌موبیل در مقابل آقای فریز","",""
"42197",-1,"لگو مدل 42197 لودر بیل مکانیکی زرد LEGO Backhoe Loader","",""
"42646",-1,"لگو مدل 42646 اتاق پاییزی LEGO Autumn’s Room","",""
"42645",-1,"لگو مدل 42645 اتاق بازی خواهر کوچولوی آلیا LEGO Aliya's Baby Sister's Playroom","",""
"60459",-1,"لگو مدل 60459 ماشین مسابقه ای هواپیما و آمبولانس  LEGO Airplane vs. Hospital Bed Race Car Pack","",""
"40517",-1,"لگو مدل 40517 اسکوتر وسپا قرمز  LEGO Vespa","",""
"72032",-1,"لگو مدل 72032 ماشین مسابقه‌ ای ماریو LEGO Mario Kart™ – Standard Kart","",""
"76907",-1,"لگو مدل 76907 ماشین لوتوس سبز LEGO Lotus Evija","",""
"40650",-1,"لگو مدل 40650 لندرور کلاسیک زرد LEGO Land Rover Classic Defender","",""
"40220",-1,"لگو مدل 40220 اتوبوس دو طبقه قرمز LEGO London Bus","",""
"76908",-1,"لگو مدل 76908 شمارش معکوس لامبورگینی LEGO Lamborghini Countach","",""
"40468",-1,"لگو مدل 40468| تاکسی زرد LEGO Creator Yellow Taxi","",""
"31160",-1,"لگو مدل 31160 | هواپیمای مسابقه‌ای LEGO Creator 3in1","",""
"20594496",-1,"ساک خرید ایکیا مدل SKYNKE طرح‌دار/ چندرنگ/ ۳۶*۴۵ سانتی‌متر","",""
"50597101","ظرف نگهدارنده غذا درب دار ایکیا مدل PRUTA یاسی ۷۰ میلی‌لیتر/ ست ۳ تایی",0,0,0,"success"
"10597099","ظرف نگهدارنده غذا درب دار ایکیا مدل PRUTA سبز ست ۱۷تایی",20,32000000,0,"success"
"10597103","ظرف غذا درب دار ایکیا مدل PRUTA آبی ۰.۶ لیتر",0,0,0,"success"
"80595916",-1,"گلدان ایکیا مدل HASSELBUKETT سبز/ قهوه‌ای ۱۵ سانتی‌متر","",""
"70575947","میز و صندلی ۴ نفره چوبی ایکیا مدل HAGERNAS چوب کاج/ رنگ‌کاری آنتیک",600,990000000,7,"success"
"70577687","چراغ رومیزی قابل تنظیم ایکیا مدل TARNABY زرد تیره ۲۵ سانتی‌متر",90,144000000,14,"success"
"70578451","میز سینی دار ایکیا مدل GLADOM خاکستری تیره - سبز ۵۳*۴۵ سانتی‌متر",80,120000000,0,"success"
"20404887","لوستر سقفی ایکیا مدل NOSUND چوب توس ۴۴ سانتی‌متر",290,464000000,2,"success"
"80580731","شید لوستر ایکیا مدل BLASTANG قطر ۴۵ سانتی‌متر",80,128000000,13,"success"
"80544494","آشپزخانه کودک ایکیا مدل SILLTRUT خاکستری ۱۰۰*۴۰*۶۸ سانتی‌متر",350,577500000,64,"success"
"80584649",-1,"کاور کوسن ایکیا مدل MOSSNYCKLAR مشکی/ خاکستری روشن/ ۵۰*۵۰ سانتی‌متر","",""
"80586163","کاسه مخلوط کن ایکیا مدل VARDAGEN استیل ضد زنگ، ۴ لیتر",20,30000000,73,"success"
"90581867",-1,"سبد ذخیره سازی حصیری ایکیا مدل HOKRUBBA جنس hyacinth آبی ۱۸*۳۵*۲۶ سانتی‌متر","",""
"90585059",-1,"پتو/ شال مبل ایکیا مدل SVARTFRYLE زرد تیره/ خاکستری روشن ۱۷۰*۱۳۰ سانتی‌متر","",""
"19254332","ریل آویزان با قفسه/شبکه دیواری ایکیا مدل KUNGSFORS  استیل ضد زنگ",330,528000000,3,"success"
"59308328","ریل آویزان با قفسه/شبکه دیواری ایکیا مدل KUNGSFORS  استیل ضد زنگ/ بامبو",360,576000000,5,"success"
"49254335","ریل آویز / قفسه / آب‌چکان ظرف/ ایکیا مدل KUNGSFORS   نصب دیواری، استیل ضد زنگ/ چوب زبان‌گنجشک",690,1104000000,3,"success"
"40592566",-1,"سینی چوبی سرو ایکیا مدل GOKVALLA ابعاد ۳۱*۴۹ سانتی‌متر","",""
"00559578",-1,"ست ۳ تایی چاقو ایکیا مدل TIGERBARB خاکستری - فیروزه‌ای","",""
"20582766","ماگ ایکیا مدل MOSSMAL نقطه‌نقطه‌/ سبز روشن/ ۴۵۰ میلی‌لیتر",20,30000000,0,"success"
"30582761","بشقاب کوچک ایکیا مدل MOSSMAL نقطه‌نقطه‌/ سبز روشن/ ۱۸ سانتی‌متر",10,15000000,66,"success"
"90582777","کاسه ایکیا مدل MOSSMAL نقطه‌نقطه‌/ سبز روشن/ ۱۷ سانتی‌متر",10,15000000,6,"success"
"00585389",-1,"ست کاور لحاف و روبالشی ایکیا مدل  EKTANDVINGE ترکیب خاکستری تیره و سفید/ چهارخانه","",""
"60585466",-1,"ست کاور لحاف و روبالشی ایکیا مدل  EKTANDVINGE صورتی روشن / سفید/ چهارخانه","",""
"60585414",-1,"ست کاور لحاف و روبالشی ایکیا مدل  EKTANDVINGE طوسی مایل به سبز روشن / سفید/ چهارخانه","",""
"30591360",-1,"باکس نظم دهنده ایکیا مدل SKOGSDUVA سبز/ سفید/ ۳۳*۳۸*۳۳ سانتی‌متر","",""
"40591270",-1,"باکس نظم دهنده ایکیا مدل SKOGSDUVA چند رنگ/ ۳۳*۳۸*۳۳ سانتی‌متر","",""
"20576794","کاور تشک کودک ایکیا مدل SKOGSDUVA سفید/ زرد/ طرح گل ۲۰۰*۹۰ سانتی‌متر",40,60000000,6,"success"
"00578280",-1,"کیسه ذخیره سازی ایکیا مدل SKOGSDUVA طرح حیوانات جنگلی/ چندرنگ","",""
"00576832","کاور لحاف و روبالشی کودک ایکیا مدل SKOGSDUVA سبز آبی/ طرح جنگل",130,208000000,0,"success"
"90569016",-1,"فلاسک وکیوم ایکیا مدل GOKVALLA آبی روشن ۱.۵ لیتر","",""
"50575905","آباژور رومیزی ایکیا مدل NODMAST صورتی روشن/ سبز خاکستری تیره ۲۵ سانتی‌متر",60,90000000,0,"success"
"40592825","فرش مسطح ایکیا مدل TIPHEDE طبیعی/ مشکی ۵۰*۸۰ سانتی‌متر",10,15000000,212,"success"
"20557168","تخته خردکن/ سرو چوبی ایکیا مدل SMAATA چوب اقاقیا ۲۲*۲۸ سانتی‌متر",40,66000000,8,"success"
"10599499","سبد ذخیره سازی ایکیا مدل SKADIS خاکستری",20,30000000,38,"success"
"00585577",-1,"زیرگلدانی چرخ دار ایکیا مدل OLIVBLAD خاکستری تیره ۳۲ سانتی‌متر","",""
"40304900",-1,"چراغ آویز ایکیا مدل IKEA PS 2014 سفید/ مسی/ قطر ۵۲ سانتی‌متر","",""
"20304901","چراغ آویز ایکیا مدل IKEA PS 2014 سفید/ نقره‌ای/ قطر ۵۲ سانتی‌متر",600,960000000,5,"success"
"50531742","چراغ آویز ایکیا مدل IKEA PS 2014 مشکی/ قطر ۳۵ سانتی‌متر",250,400000000,0,"success"
"90311494","چراغ آویز ایکیا مدل IKEA PS 2014 سفید/ نقره‌ای قطر ۳۵ سانتی‌متر",250,400000000,0,"success"
"40566421",-1,"چراغ آویز ایکیا مدل REMTANG خاکستری - سبز/ قطر ۳۸ سانتی‌متر","",""
"50504772",-1,"چراغ آویز ایکیا مدل SVARTNORA افکت استیل ضدزنگ/ قطر ۳۸ سانتی‌متر","",""
"79574806",-1,"چراغ آویز ایکیا مدل  BLASTANG / HEMMA بژ/ مشکی/ قطر ۴۵ سانتی‌متر","",""
"10549409","چراغ آویز ایکیا مدل MUDDERVERK برنجی / شیشه سفید اپال",200,320000000,5,"success"
"19444083",-1,"چراغ آویز ایکیا مدل REGOLIT / HEMMA سفید ۴۵ سانتی‌متر","",""
"50522479",-1,"لوستر استیل ۶ بازو ایکیا مدل HARMOJA قطر ۶۲ سانتی‌متر","",""
"30357362","چراغ دیوارکوب ایکیا مدل SKURUP مشکی/ نصب با سیم",60,90000000,91,"success"
"10395925","لوستر سقفی ۳ سر ایکیا مدل SKURUP مشکی",100,160000000,2,"success"
"90556684",-1,"صافی سینک ایکیا مدل SKOLAST","",""
"20559172",-1,"چراغ آویز ایکیا مدل BUNKEFLO قرمز/ چوب توس/ ۳۶ سانتی‌متر","",""
"50582784","چراغ آویز ایکیا مدل RODFLIK بژ روشن",150,240000000,16,"success"
"90582758","چراغ آویز ایکیا مدل RODFLIK خاکستری-سبز",150,240000000,0,"success"
"40334921","ریل مغناطیسی استیل ایکیا مدل KUNGSFORS برای نگهداری چاقو",80,120000000,24,"success"
"40371225","آبچکان استیل ایکیا مدل KUNGSFORS",140,224000000,26,"success"
"80571897",-1,"چراغ LED رومیزی ایکیا مدل SOLVINDEN با باتری/ برای فضای باز/ سبز ۲۹ سانتی‌متر","",""
"80571859",-1,"آباژور LED رومیزی ایکیا مدل SOLVINDEN با باتری/ برای فضای باز ۴۵ cm","",""
"70571826",-1,"لوستر LED ایکیا مدل SOLVINDEN بیضی/ برای فضای باز ۳۷ سانتی‌متر","",""
"70571874",-1,"آباژور LED رومیزی ایکیا مدل SOLVINDEN با باتری/ برای فضای باز ۲۴ سانتی‌متر","",""
"60571860",-1,"آباژور LED رومیزی ایکیا مدل SOLVINDEN با باتری/ برای فضای باز ۳۵ سانتی‌متر","",""
"60581821",-1,"گلدان ایکیا مدل FRODD سبز تیره ۲۱ سانتی‌متر","",""
"10461133",-1,"گیاه مصنوعی گلدانی ایکیا مدل FEJKA طرح آویز قلبی قطر ۹ سانتی‌متر","",""
"00395290",-1,"گیاه مصنوعی گلدانی ایکیا مدل FEJKA طرح Ranunculus صورتی قطر ۱۲ سانتی‌متر","",""
"30575124","دستکش فر ایکیا مدل RINNIG طرح دار بژ روشن/خاکستری - سبز/ قهوه ای - قرمز",30,45000000,0,"success"
"10585063",-1,"پتو/ شال مبل ایکیا مدل MANTELFLY مایل به سفید/ خاکستری روشن ۱۷۰*۱۳۰ سانتی‌متر","",""
"10589202",-1,"پتو/ شال مبل ایکیا مدل BRANNBOLL آبی کم‌رنگ/زرد روشن، ۱۷۰*۱۳۰ سانتی‌متر","",""
"00586360","میز کنار مبل چرخ دار ایکیا مدل BRANNBOLL ابعاد ۶۹×۳۹ سانتی‌متر",190,313500000,6,"success"
"30586542",-1,"ست ۳ تایی استند دکوراتیو ایکیا مدل BRANNBOLL","",""
"00580914",-1,"پادری ایکیا مدل TIOKRONA ابعاد ۶۰*۴۰ سانتی‌متر","",""
"60584221",-1,"تخته سرو چوبی ایکیا مدل KRUSTISTEL چوب راش ۲۲*۲۹ سانتی‌متر","",""
"50585787",-1,"استند سرو ایکیا مدل KRUSTISTEL بامبو/ فیروزه‌ای","",""
"50587442","جاشمعی ایکیا مدل VARSYREN قهوه‌ای - نارنجی ۱۲ سانتی‌متر/ طرح فانوس",0,0,65,"success"
"60581784","جاشمعی ایکیا مدل VARSYREN سفید ۱۲ سانتی‌متر/ طرح فانوس",0,0,38,"success"
"50586536","سبد نظم دهنده ایکیا مدل BRANNBOLL پایه‌دار/ خاکستری/ زرد ۳۰*۳۳*۳۰ سانتی‌متر",150,225000000,3,"success"
"50586490","کاسه ایکیا مدل GLADELIG آبی ۱۹ سانتی‌متر",20,30000000,64,"success"
"50576170","آویز چوبی لباس ایکیا مدل STOREDAMM اقاقیا/ حصیر",50,75000000,8,"success"
"30590445","آینه ایکیا مدل LINDBYN دور مشکی ۶۰*۲۸ سانتی‌متر",80,128000000,9,"success"
"30590803",-1,"آینه دیواری ایکیا مدل LINDBYN دور آبی ۵۰ سانتی‌متر","",""
"30590431","قالب استیل برش شیرینی پزی ایکیا مدل LATTBAKAD ست ۴تایی",10,15000000,112,"success"
"70581868",-1,"سبد حصیری ایکیا مدل HOKRUBBA جنس برگ موز","",""
"30579023","ست دوتایی قلاب آویز ایکیا مدل JORDMANEN خاکستری تیره - سبز",10,15000000,78,"success"
"30554635","صندلی بار ایکیا مدل GRONSTA سفید ۶۴ سانتی‌متر",400,660000000,0,"success"
"60554634","صندلی بار ایکیا مدل GRONSTA خاکستری فیروزه‌ای ۶۴ سانتی‌متر",400,660000000,17,"success"
"80587073","روتختی ایکیا مدل JAKOBSLILJA مایل به سفید ۲۵۰*۲۳۰ سانتی‌متر",200,320000000,2,"success"
"20587071","روتختی ایکیا مدل JAKOBSLILJA مایل به سفید ۲۵۰*۱۵۰ سانتی‌متر",150,240000000,4,"success"
"20586156","ست ۴تایی لیوان شیشه ای آبمیوه ایکیا مدل FROJDA شفاف ۴۷۰ میلی‌لیتر",60,90000000,0,"success"
"30584227",-1,"ظرف فر ایکیا مدل POETISK مستطیلی/ سبز روشن ۲۰*۳۰ سانتی‌متر","",""
"20584256",-1,"ظرف فر ایکیا مدل POETISK بیضی/ زرد روشن ۲۱*۳۲ سانتی‌متر","",""
"20581489","لیوان شیشه ای اسپرسو ایکیا مدل POKAL شفاف ۱۰۰ میلی‌لیتر",0,0,0,"success"
"60433939",-1,"گیاه مصنوعی گلدانی ایکیا مدل FEJKA بامبو خانگی قطر ۹ سانتی‌متر","",""
"00428993","چراغ دیواری دوتایی ایکیا مدل NYMANE سیمی/ سفید",150,225000000,19,"success"
"00539203","آباژور رومیزی ایکیا مدل VINDKAST سفید ۲۶ سانتی‌متر",100,150000000,114,"success"
"20450520","لوستر ایکیا مدل VINDKAST سفید ۵۰ سانتی‌متر",150,225000000,21,"success"
"70530100",-1,"نورپردازی دکوراسیون ال ای دی ایکیا مدل BJORKSPIREA برنجی رنگ/ الماسی، ۲ عددی","",""
"69387358","آباژور رومیزی ایکیا مدل RINGSTA / SKAFTET سفید/ پایه نیکل اندود ۵۶ سانتی‌متر",150,247500000,2,"success"
"59387373","آباژور رومیزی ایکیا مدل RINGSTA / SKAFTET سفید/ برنجی ۵۶ سانتی‌متر",150,247500000,2,"success"
"29385691","آباژور رومیزی ایکیا مدل RINGSTA / SKAFTET سفید/ برنجی ۴۱ سانتی‌متر",90,148500000,0,"success"
"79386565","آباژور رومیزی ایکیا مدل RINGSTA / SKAFTET سفید/ نیکل اندود ۴۱ سانتی‌متر",90,148500000,25,"success"
"99387446","آباژور ایستاده ایکیا مدل RINGSTA / SKAFTET سفید/ نیکل اندود",230,379500000,0,"success"
"99387413","آباژور ایستاده ایکیا مدل RINGSTA / SKAFTET سفید/ برنجی",230,379500000,0,"success"
"10586623",-1,"سینی بامبو ایکیا مدل KRUSTISTEL قطر ۳۶ سانتی‌متر","",""
"00584219",-1,"زیر بشقابی ایکیا مدل KRUSTISTEL طرح‌دار نقطه‌ای/ چند رنگ ۴۵*۳۵ سانتی‌متر","",""
"00584224",-1,"رومیزی ایکیا مدل KRUSTISTEL طرح‌دار/ سفید/ بژ روشن ۲۴۰*۱۴۵ سانتی‌متر","",""
"00582461",-1,"ساعت دیواری ایکیا مدل SYKOMORLONN سفید/ آبی ۳۰ سانتی‌متر","",""
"10570518",-1,"کاسه دکوری ایکیا مدل SILKESTRAD قهوه‌ای - قرمز ۱۸ سانتی‌متر","",""
"00570528",-1,"سینی شمع ایکیا مدل SILKESTRAD سبز روشن ۱۸ سانتی‌متر","",""
"70540482",-1,"ساعت رومیزی زنگ دار ایکیا مدل DEKAD سفید قطر ۱۰ سانتی‌متر","",""
"70395300",-1,"گیاه مصنوعی گلدانی ایکیا مدل FEJKA ساکولنت قطر ۹ سانتی‌متر","",""
"70491575",-1,"گیاه مصنوعی گلدانی ایکیا مدل FEJKA بنجامین قطر ۲۱ سانتی‌متر","",""
"80285909",-1,"گلدان و گل مصنوعی ایکیا مدل FEJKA ارکیده سفید قطر ۱۲ سانتی‌متر","",""
"80335773","برگ مصنوعی ایکیا مدل SMYCKA اکالیپتوس/سبز ارتفاع ۶۵ سانتی‌متر",10,16000000,384,"success"
"80409764",-1,"شاخه گل مصنوعی ایکیا مدل SMYCKA لیسیانتوس/صورتی تیره ارتفاع ۶۰ سانتی‌متر","",""
"80519767",-1,"گیاه مصنوعی گلدانی ایکیا مدل FEJKA ساکولنت قطر ۶ سانتی‌متر","",""
"80548185",-1,"گیاه مصنوعی گلدانی ایکیا مدل FEJKA نخل کنتیا قطر ۲۳ سانتی‌متر","",""
"40577467","آباژور ایستاده ۳ شاخه ایکیا مدل HEKTAR قهوه‌ای - قرمز",350,560000000,0,"success"
"60463686","ماهیتابه استیل با روکش نچسب برند ایکیا مدل MIDDAGSMAT قطر ۳۲ سانتی‌متر",80,128000000,0,"success"
"00463689","ماهیتابه استیل با روکش نچسب ایکیا مدل MIDDAGSMAT قطر ۲۸ سانتی‌متر",60,96000000,78,"success"
"50586777","باکس نظم دهنده ایکیا مدل BLADDRA خاکستری ۳۳*۳۸*۳۳ سانتی‌متر",40,60000000,0,"success"
"60591839","لیوان شیشه ای ایکیا مدل ANKEBLOMSTER شفاف ۲۵۰ میلی‌لیتر",0,0,710,"success"
"60581449",-1,"ست ۸ عددی همزن استیل نوشیدنی ایکیا مدل FROJDA","",""
"80581863",-1,"ست ۲ عددی سبد ایکیا مدل SNOPLOG درب‌دار/ جنس صنوبر","",""
"70581849",-1,"ست ۳تایی سبد ایکیا مدل SNOPLOG بامبو","",""
"70595436","نظم دهنده آشپزخانه ایکیا مدل VALVARDAD سفید ۱۲.۹*۹*۲۲.۵ سانتی‌متر",20,30000000,0,"success"
"20595434","جا صابون مایع ایکیا مدل VALVARDAD قهوه ای",10,15000000,81,"success"
"70590797",-1,"آینه ایکیا مدل LINDBYN قرمز ۶۰*۲۸ سانتی‌متر","",""
"70590448","آینه ایکیا مدل LINDBYN مشکی ۵۰ سانتی‌متر",80,132000000,64,"success"
"70588775",-1,"کیف حمل وسایل ایکیا مدل SKYNKE سفید/ چندرنگ ۳۶*۴۵ سانتی‌متر","",""
"70581444",-1,"چنگال استیل سالاد/ دسر ایکیا مدل FROJDA طول ۱۴ سانتی‌متر","",""
"70581321",-1,"دکوری ایکیا مدل FROJDA توپ دیسکو/ افکت کروم ۳۵ سانتی‌متر","",""
"20581408",-1,"سینی استیل ایکیا مدل FROJDA ابعاد ۱۴*۴۴ سانتی‌متر","",""
"20581385","لیوان آبمیوه شیشه ای ایکیا مدل FROJDA شفاف ۴تایی ۲۰۰ میلی‌لیتر",50,75000000,0,"success"
"20590785",-1,"پتو/ شال مبل ایکیا مدل GINSTSACKMAL سیاه/ سفید ۱۷۰*۱۳۰ سانتی‌متر","",""
"10581866",-1,"سبد حصیری ایکیا مدل HOKRUBBA قطر ۳۴ سانتی‌متر","",""
"29009566",-1,"فریم چوبی تختخواب ایکیا مدل TARVA ابعاد ۲۰۰*۱۲۰ سانتی‌متر","",""
"40598002",-1,"گلدان گیاه ایکیا مدل STILREN فیروزه ای تیره قطر ۱۵ سانتی‌متر","",""
"00597995",-1,"گلدان گیاه ایکیا مدل STILREN فیروزه ای تیره","",""
"90597991",-1,"گلدان ایکیا مدل STILREN فیروزه ای روشن ارتفاع ۱۲ سانتی‌متر","",""
"00591795","پتو/ شال مبل ایکیا مدل KLIPPOXEL نارنجی/ صورتی روشن ۱۷۰*۱۳۰ سانتی‌متر",100,160000000,7,"success"
"30584623",-1,"پتو/ شال مبل ایکیا مدل KLIPPOXEL آبی ۱۷۰*۱۳۰ سانتی‌متر","",""
"70584621","پتو/ شال مبل ایکیا مدل KLIPPOXEL رنگ متمایل به سفید ۱۷۰*۱۳۰ سانتی‌متر",100,160000000,43,"success"
"60573623","جعبه جواهرات ایکیا مدل HALSREM ابعاد ۲۱.۸*۳۲.۸ سانتی‌متر",110,165000000,34,"success"
"90574937",-1,"کاسه تزیینی پایه دار ایکیا مدل HACKPOPPEL قهوه ای عرض ۲۴ سانتی‌متر","",""
"00562104","باکس نظم دهنده کشو ایکیا مدل VISSLAAN خاکستری ۹*۳۱*۳۲ سانتی‌متر",70,112000000,13,"success"
"20562117","ست ۳ عددی نظم دهنده کشو ایکیا مدل VISSLAAN خاکستری",30,45000000,35,"success"
"00571698",-1,"گلدان و گیاه مصنوعی ایکیا مدل FEJKA نمونه sandalwood قرمز ۱۹ سانتی‌متر","",""
"50582557",-1,"دسته گل مصنوعی ایکیا مدل SMYCKA نارنجی/ زرد ۴۱ سانتی‌متر","",""
"10582564",-1,"تاج گل مصنوعی ایکیا مدل SMYCKA قهوه ای خشک شده ۴۵ سانتی‌متر","",""
"20409762",-1,"شاخه گل مصنوعی ایکیا مدل SMYCKA ژربرا/ قرمز ارتفاع ۵۰ سانتی‌متر","",""
"00586355","گلدان و گیاه مصنوعی ایکیا مدل FEJKA اسطوخودوس",60,90000000,0,"success"
"30578071",-1,"گلدان و گیاه مصنوعی ایکیا مدل FEJKA پرنده بهشتی/ ۲۳ سانتی‌متر","",""
"00542413",-1,"نورافکن LED گیره ای ایکیا مدل TAGVIRKE مشکی/ باتری خور","",""
"30509558",-1,"شید آباژور ایکیا مدل SKOTTORP خاکستری عرض ۳۳ سانتی‌متر","",""
"00509545",-1,"شید آباژور ایکیا مدل SKOTTORP خاکستری عرض ۱۹ سانتی‌متر","",""
"00541531","آباژور ایستاده ایکیا مدل OKENSAND سفید/ پایه چوب راش",250,400000000,1,"success"
"00533437",-1,"آباژور ایستاده ایکیا مدل  BYGGKORN مشکی/ سفید","",""
"30559261","آباژور ایستاده ایکیا مدل KINNAHULT سفید ۱۵۰ سانتی‌متر",190,313500000,0,"success"
"00424787","نورافکن ایکیا مدل NYMANE با یک سری/ سفید",80,132000000,22,"success"
"00430769",-1,"چراغ سقفی با ۳ لامپ ایکیا مدل DEJSA روکش کروم/ شیشه سفید عقیق","",""
"00404893","نورافکن سقفی ایکیا مدل NAVLINGE سفید ۳ سر",60,99000000,0,"success"
"20431602",-1,"چراغ دیواری ایکیا مدل FRIHULT رنگ برنجی","",""
"40431601","چراغ دیواری ایکیا مدل FRIHULT استیل ضدزنگ",150,247500000,7,"success"
"70405361","شید آباژور ایکیا مدل RINGSTA سفید/ عرض ۴۲ سانتی‌متر",80,128000000,0,"success"
"10405364","شید آباژور ایکیا مدل RINGSTA سفید/ عرض ۳۳ سانتی‌متر",50,80000000,2,"success"
"90404092","شید آباژور ایکیا مدل RINGSTA سفید ۱۹ سانتی‌متر",40,64000000,25,"success"
"29388656","میز و صندلی ۴ نفره بامبو ایکیا مدل VOXLOV / VOXLOV اندازه ۹۰*۱۸۰ سانتی‌متر",2600,4160000000,1,"success"
"60587154","گیاه و گلدان مصنوعی ایکیا مدل FEJKA کاکتوس ۶ سانتی‌متر",0,0,699,"success"
"40568892",-1,"گیاه و گلدان مصنوعی ایکیا مدل FEJKA بامبو ۲۳ سانتی‌متر","",""
"60587173","شاخه گل مصنوعی ایکیا مدل SMYCKA کوکب صورتی ۳۰ سانتی‌متر",0,0,387,"success"
"70504988","آباژور رومیزی ایکیا مدل SAXHYTTAN بژ/ مشکی ۲۶ سانتی‌متر",80,120000000,0,"success"
"50512852",-1,"پرده حمام ایکیا مدل  RANEALVEN سفید/ فیروزه‌ای ۲۰۰*۱۸۰ سانتی‌متر","",""
"50466015",-1,"حلقه استیل پرده حمام ایکیا مدل  RUDSJON بسته ۱۲تایی","",""
"00466008","حلقه پرده حمام ایکیا مدل HASSJON سفید/ بسته ۱۲تایی",0,0,0,"success"
"60496757",-1,"پرده حمام ایکیا مدل ANGSKLOCKA سفید/ آبی ۲۰۰*۱۸۰ سانتی‌متر","",""
"70557415",-1,"پرده حمام ایکیا مدل   SNOJONKVILL سفید/ سبز ۲۰۰*۱۸۰ سانتی‌متر","",""
"60466072",-1,"پرده حمام ایکیا مدل  BASTSJON سفید/ زرد/ یاسی ۲۰۰*۱۸۰ سانتی‌متر","",""
"80466066",-1,"پرده حمام ایکیا مدل  BASTSJON سفید/ خاکستری/ بژ ۲۰۰*۱۸۰ سانتی‌متر","",""
"00557372",-1,"پرده حمام ایکیا مدل  SVARTSTARR سفید/ خاکستری ۲۰۰*۱۸۰ سانتی‌متر","",""
"50487824",-1,"پرده حمام ایکیا مدل VATTENSJON سفید/ آبی/ طرح ماهی ۲۰۰*۱۸۰ سانتی‌متر","",""
"90554538","جعبه نظم دهنده ایکیا مدل VISSLAAN درب دار/ ست ۵تایی/ خاکستری",50,80000000,40,"success"
"70578069",-1,"گلدان مصنوعی پتوس ایکیا مدل FEJKA آویز ۱۲ سانتی‌متر","",""
"40548861",-1,"قاب عکس چوبی ایکیا مدل RODALM ابعاد ۱۵*۱۰ سانتی‌متر","",""
"00579915",-1,"کیسه زیپ دار ایکیا مدل ISTAD سبز روشن طرح‌دار ۲.۵ لیتر ۲۰ عددی","",""
"70579912",-1,"کیسه زیپ دار ایکیا مدل ISTAD یاسی طرح‌دار یک لیتر ۲۰ عددی","",""
"80583739","قهوه/ چای ساز ایکیا مدل UPPHETTA استیل یک لیتر",40,60000000,2,"success"
"50360009",-1,"زیرپایی ایکیا مدل STRANDMON سبز تیره","",""
"50492811",-1,"زیرپایی ایکیا مدل STRANDMON بژ","",""
"50300416",-1,"زیرپایی ایکیا مدل STRANDMON خاکستری تیره","",""
"90456967",-1,"زیرپایی ایکیا مدل STRANDMON مشکی/ بژ","",""
"70444292","ست 2 تایی پیمانه فلزی ایکیا مدل IKEA 365+",20,30000000,14,"success"
"60561187",-1,"لامپ ال ای دی ایکیا مدل MOLNART لوله‌ای/ شیشه شفاف/ پایه E27","",""
"89564604",-1,"صندلی حصیری ایکیا مدل SALNO / GRYTTOM با بالشتک","",""
"50420206","سطل زباله درب دار 35 لیتری ایکیا HALLBAR خاکستری روشن",60,90000000,52,"success"
"90432194","سطل زباله درب دار 3 لیتری ایکیا HALLBAR خاکستری روشن",20,30000000,74,"success"
"20420203","سطل زباله درب دار 22 لیتری ایکیا HALLBAR خاکستری روشن",50,75000000,113,"success"
"00534229",-1,"برس ظرفشویی ایکیا مدل ANTAGEN - نارنجی","",""
"30534223","برس ظرفشویی ایکیا مدل ANTAGEN - سفید",0,0,406,"success"
"60534226","برس ظرفشویی ایکیا مدل ANTAGEN - سبز",0,0,1308,"success"
"50581483","کفگیر ایکیا VARDAGEN استیل/چوب راش، 36 سانتی‌متر",20,30000000,130,"success"
"60581487","رنده دستی ایکیا VARDAGEN استیل/چوب راش، 33 سانتی‌متر",20,30000000,0,"success"
"50581510","درب بازکن بطری/قوطی ایکیا VARDAGEN استیل/چوب راش، 18 سانتی‌متر",20,30000000,162,"success"
"80581486","کفگیر ترنر ایکیا VARDAGEN استیل/چوب راش، 30 سانتی‌متر",20,30000000,304,"success"
"10581507","پوره ساز دستی سیب زمینی ایکیا VARDAGEN استیل/چوب راش، 30 سانتی‌متر",20,30000000,32,"success"
"30581511","آبکش رشته ایکیا VARDAGEN استیل/چوب راش، 30 سانتی‌متر",20,30000000,54,"success"
"30581479","ملاقه ایکیا VARDAGEN استیل/چوب راش، 33 سانتی‌متر",20,30000000,0,"success"
"40581501","انبر آشپزی ایکیا VARDAGEN استیل/چوب راش، 30 سانتی‌متر",20,30000000,0,"success"
"10581480","همزن دستی بالونی ایکیا VARDAGEN استیل/چوب راش، 30 سانتی‌متر",20,30000000,51,"success"
"40359148","ظرف غذا ایکیا مدل IKEA 365+ پلاستیک/ مستطیل یک لیتر",10,15000000,44,"success"
"20586420","ست 7 پارچه لوازم جانبی ایکیا SKADIS سفید",30,45000000,108,"success"
"00335705",-1,"برگ مصنوعی ایکیا مدل SMYCKA مدل Monstera سبز ۸۰ سانتی‌متر","",""
"40335708",-1,"گل مصنوعی ایکیا مدل SMYCKA مدل لیلی صورتی ۸۵ سانتی‌متر","",""
"90493385",-1,"گیاه مصنوعی گلدانی ایکیا مدل FEJKA مدل بونسای ۱۶ سانتی‌متر","",""
"80568890",-1,"گیاه مصنوعی گلدانی ایکیا مدل FEJKA مدل برگ ویولونی ۱۹ سانتی‌متر","",""
"10505684",-1,"بشقاب ایکیا مدل STRIMMIG آبی ۲۷ سانتی‌متر","",""
"50505644",-1,"بشقاب ایکیا مدل STRIMMIG خاکستری ۲۷ سانتی‌متر","",""
"50567670",-1,"بشقاب ایکیا مدل STRIMMIG خاکستری - سبز ۲۷ سانتی‌متر","",""
"40514823","پرده‌کرکره‌ای ایکیا مدل  FONSTERBLAD ابعاد ۱۵۵*۱۰۰ سانتی‌متر - سفید",70,115500000,12,"success"
"10538444","پرده‌کرکره‌ای ایکیا مدل  FONSTERBLAD ابعاد ۱۵۵*۱۰۰ سانتی‌متر - بژ",70,115500000,53,"success"
"40538447","پرده‌کرکره‌ای ایکیا مدل  FONSTERBLAD ابعاد ۱۵۵*۱۲۰ سانتی‌متر - بژ",80,132000000,18,"success"
"10538383","پرده‌کرکره‌ای ایکیا مدل  FONSTERBLAD ابعاد ۱۵۵*۱۲۰ سانتی‌متر - سفید",80,132000000,15,"success"
"50538456","پرده‌کرکره‌ای ایکیا مدل  FONSTERBLAD ابعاد ۱۵۵*۸۰ سانتی‌متر - بژ",60,99000000,18,"success"
"20538392","پرده‌کرکره‌ای ایکیا مدل  FONSTERBLAD ابعاد ۱۵۵*۸۰ سانتی‌متر - سفید",60,99000000,4,"success"
"80538389","پرده‌کرکره‌ای ایکیا مدل  FONSTERBLAD ابعاد ۱۵۵*۶۰ سانتی‌متر - سفید",50,82500000,23,"success"
"20538453","پرده‌کرکره‌ای ایکیا مدل  FONSTERBLAD ابعاد ۱۵۵*۶۰ سانتی‌متر - بژ",50,82500000,30,"success"
"60396866","پرده‌کرکره‌ای ایکیا مدل FRIDANS ابعاد ۱۹۵*۸۰ سانتی‌متر - سفید",90,148500000,21,"success"
"80595695",-1,"پرده‌کرکره‌ای ایکیا مدل FRIDANS ابعاد ۱۹۵*۸۰ سانتی‌متر - زرد","",""
"90396935","پرده‌کرکره‌ای ایکیا مدل FRIDANS ابعاد ۱۹۵*۸۰ سانتی‌متر - خاکستری",90,148500000,5,"success"
"60396908",-1,"پرده‌کرکره‌ای ایکیا مدل FRIDANS ابعاد ۱۹۵*۸۰ سانتی‌متر - آبی","",""
"30396858","پرده‌کرکره‌ای ایکیا مدل FRIDANS ابعاد ۱۹۵*۱۰۰ سانتی‌متر - سفید",100,165000000,14,"success"
"60595696",-1,"پرده‌کرکره‌ای ایکیا مدل FRIDANS ابعاد ۱۹۵*۱۰۰ سانتی‌متر - زرد","",""
"60396913","پرده‌کرکره‌ای ایکیا مدل FRIDANS ابعاد ۱۹۵*۱۰۰ سانتی‌متر - خاکستری",100,165000000,17,"success"
"40396886",-1,"پرده‌کرکره‌ای ایکیا مدل FRIDANS ابعاد ۱۹۵*۱۰۰ سانتی‌متر - آبی","",""
"80396865","پرده‌کرکره‌ای ایکیا مدل FRIDANS ابعاد ۱۹۵*۶۰ سانتی‌متر - سفید",70,115500000,18,"success"
"60396932","پرده‌کرکره‌ای ایکیا مدل FRIDANS ابعاد ۱۹۵*۶۰ سانتی‌متر - خاکستری",70,115500000,23,"success"
"20396905",-1,"پرده‌کرکره‌ای ایکیا مدل FRIDANS ابعاد ۱۹۵*۶۰ سانتی‌متر - آبی","",""
"10396859","پرده‌کرکره‌ای ایکیا مدل  FRIDANS ابعاد ۱۹۵*۱۲۰ سانتی‌متر - سفید",110,181500000,2,"success"
"40595697",-1,"پرده‌کرکره‌ای ایکیا مدل  FRIDANS ابعاد ۱۹۵*۱۲۰ سانتی‌متر - زرد","",""
"70396917","پرده‌کرکره‌ای ایکیا مدل  FRIDANS ابعاد ۱۹۵*۱۲۰ سانتی‌متر - خاکستری",110,181500000,9,"success"
"80396889",-1,"پرده‌کرکره‌ای ایکیا مدل  FRIDANS ابعاد ۱۹۵*۱۲۰ سانتی‌متر - آبی","",""
"50491086","پرده‌کرکره‌ای ایکیا مدل TRETUR ابعاد ۱۹۵*۱۰۰ سانتی‌متر - سفید",190,313500000,23,"success"
"60380460","پرده‌کرکره‌ای ایکیا مدل TRETUR ابعاد ۱۹۵*۱۰۰ سانتی‌متر - خاکستری روشن",190,313500000,1,"success"
"30491087","پرده‌کرکره‌ای ایکیا مدل TRETUR ابعاد ۱۹۵*۱۲۰ سانتی‌متر - سفید",210,346500000,6,"success"
"40380989","پرده‌کرکره‌ای ایکیا مدل TRETUR ابعاد ۱۹۵*۱۲۰ سانتی‌متر - خاکستری روشن",210,346500000,5,"success"
"60575783",-1,"شمعدان ایکیا مدل HOSTAGILLE مشکی ۴ شاخه ۳۷ سانتی‌متر","",""
"70574938",-1,"کاسه دکوری ایکیا مدل HACKPOPPEL آبی ۲۴ سانتی‌متر","",""
"60582509",-1,"گیاه گلدانی ایکیا FEJKA درختچه دودی، 12 سانتی‌متر","",""
"10514042",-1,"باکس ایکیا مدل KUGGIS مشکی شفاف/ درب‌دار ۲۱*۵۴*۳۷ سانتی‌متر","",""
"70515500","باکس ذخیره‌سازی ایکیا مدل DRONJONS سفید ۳۳*۳۷*۳۳ سانتی‌متر",60,99000000,0,"success"
"40543217","باکس ذخیره‌سازی ایکیا مدل PLOGFARA بژ روشن ۳۲*۳۳*۳۵ سانتی‌متر",90,144000000,11,"success"
"80359212","شلف دیواری ایکیا TORNVIKEN خاکستری، 50 سانتی‌متر",140,224000000,7,"success"
"00394422",-1,"قفسه بشقاب ایکیا TORNVIKEN خاکستری، 80x100 سانتی‌متر","",""
"10588778",-1,"چتر تاشو سبز/راه راه ایکیا مدل KNALLA","",""
"60282332","چتر مشکی ایکیا مدل KNALLA",30,45000000,43,"success"
"70539332","لامپ ایکیا مدل LUNNOM ال‌ای‌دی E14 شفاف، ۱۰۰ لومن",20,30000000,54,"success"
"50539347","لامپ ایکیا مدل LUNNOM ال‌ای‌دی E27 گلوب شفاف ۱۵۰ لومن",10,15000000,32,"success"
"20103648","کیف حمل وسایل ایکیا مدل BRATTBY آبی ۲۷*۲۷ سانتی‌متر",0,0,0,"success"
"10559002",-1,"هولدر تبلت ایکیا مدل RELATERA خاکستری روشن - سبز/ با گیره","",""
"50559000","قفسه رومیزی ایکیا مدل RELATERA خاکستری روشن - سبز ۳۷*۴۰",80,128000000,10,"success"
"90558999",-1,"تخته وایت‌برد و تخته تحریر ایکیا مدل RELATERA خاکستری روشن - سبز","",""
"30559001",-1,"نگهدارنده کتاب ایکیا مدل RELATERA خاکستری روشن - سبز","",""
"90325518",-1,"صندلی چرخان ایکیا مدل KULLABERG مشکی","",""
"80554063",-1,"پد روی میز فضایی آبی ایکیا AFTONSPARV","",""
"70554054",-1,"فرش دایره ای فضایی آبی ایکیا AFTONSPARV قطر 133سانتی متر","",""
"60570460",-1,"جعبه نظم دهنده فضایی ایکیا AFTONSPARV","",""
"40551641","ست عروسک انگشتی 5عددی ایکیا AFTONSPARV",30,45000000,529,"success"
"00551544","عروسک خرس قهوه ای فضانورد ایکیا AFTONSPARV",50,75000000,336,"success"
"20562424",-1,"عروسک نرم کودک کره زمین ایکیا AFTONSPARV","",""
"20551538","عروسک گربه فضانورد ایکیا AFTONSPARV",50,75000000,381,"success"
"00551558",-1,"عروسک سبز آدم فضایی ایکیا AFTONSPARV","",""
"70478183",-1,"ست 4 تایی فنجان و نعلبکی سبز مات ایکیا FARGKLAR حجم 70 میلی‌لیتر","",""
"90481820",-1,"ست 4 تایی فنجان و نعلبکی فیروزه ای تیره براق ایکیا FARGKLAR حجم 70 میلی‌لیتر","",""
"40554041","لحاف و روبالشی کودک طرح فضایی زمینه آبی ایکیا AFTONSPARV",130,195000000,0,"success"
"70485433",-1,"ست 4 تایی فنجان و نعلبکی قهوه ای براق ایکیا FARGKLAR حجم 70 میلی‌لیتر","",""
"00483630",-1,"ست 4 تایی فنجان و نعلبکی بژ براق ایکیا FARGKLAR حجم 70 میلی‌لیتر","",""
"50481822",-1,"ست 4 تایی فنجان و نعلبکی فیروزه ای روشن مات ایکیا FARGKLAR حجم 70 میلی‌لیتر","",""
"00481829",-1,"ست 4 تایی فنجان و نعلبکی فیروزه ای روشن مات ایکیا FARGKLAR حجم 250 میلی‌لیتر","",""
"70478159",-1,"ست 4 تایی فنجان و نعلبکی سبز مات ایکیا FARGKLAR حجم 250 میلی‌لیتر","",""
"40481827",-1,"ست 4 تایی فنجان و نعلبکی فیروزه ای تیره براق ایکیا FARGKLAR حجم 250 میلی‌لیتر","",""
"90477168","ست 4 تایی پیش دستی فیروزه ای روشن مات ایکیا FARGKLAR قطر 20 سانتی‌متر",40,60000000,16,"success"
"80478210",-1,"ست 4 تایی پیش دستی صورتی روشن مات ایکیا FARGKLAR قطر 20 سانتی‌متر","",""
"40478207","ست 4 تایی پیش دستی سبز مات ایکیا FARGKLAR قطر 20 سانتی‌متر",40,60000000,52,"success"
"00479421","ست 4 تایی پیش دستی خاکستری تیره مات ایکیا FARGKLAR قطر 20 سانتی‌متر",40,60000000,9,"success"
"30477166",-1,"ست 4 تایی پیش دستی فیروزه ای تیره براق ایکیا FARGKLAR قطر 20 سانتی‌متر","",""
"30485454",-1,"ست 4 تایی پیش دستی قهوه ای براق ایکیا FARGKLAR قطر 20 سانتی‌متر","",""
"20479651",-1,"ست 4 تایی پیش دستی بژ براق ایکیا FARGKLAR قطر 20 سانتی‌متر","",""
"50554050","لحاف و روبالشی کودک طرح فضایی ایکیا AFTONSPARV",80,128000000,0,"success"
"20556461",-1,"خانه بازی سفید/قرمز موشکی ایکیا AFTONSPARV","",""
"70582504",-1,"گیاه مصنوعی هیثر سبز ایکیا FEJKA قطر 9 سانتی متر","",""
"50582500",-1,"گیاه حسن یوسف مصنوعی قرمز ایکیا FEJKA قطر 9 سانتی متر","",""
"60582477",-1,"ست 3 تایی گیاه برگ مصنوعی با گلدان ایکیا FEJKA قطر گلدان 6 سانتی‌متر","",""
"40479631",-1,"ست 4 تایی کاسه بژ براق ایکیا FARGKLAR قطر 16 سانتی‌متر","",""
"70485428",-1,"ست 4 تایی کاسه قهوه ای براق ایکیا FARGKLAR قطر 16 سانتی‌متر","",""
"70575377",-1,"لیوان شیشه ای ایکیا HOSTAGILLE حجم 30 سانتی لیتر","",""
"50561809","کاور کوسن ایکیا LAGERPOPPEL زرد-بژ، 50x50 سانتی‌متر",20,30000000,18,"success"
"40561800","کاور کوسن ایکیا LAGERPOPPEL سفید شیری، 50x50 سانتی‌متر",20,30000000,16,"success"
"20561801","کاور کوسن ایکیا LAGERPOPPEL صورتی روشن، 50x50 سانتی‌متر",20,30000000,0,"success"
"90477192",-1,"ست 4 تایی کاسه فیروزه ای تیره براق ایکیا FARGKLAR قطر 16 سانتی‌متر","",""
"50561814","کاور کوسن آبی خاکستری روشن ایکیا LAGERPOPPEL ابعاد 50x50",20,30000000,34,"success"
"40569924","ظرف آویز ایکیا SKADIS مشکی",10,15000000,76,"success"
"50578032",-1,"ظرف آویز ایکیا SKADIS سبز تیره","",""
"80561803","کاور کوسن ایکیا LAGERPOPPEL آبی-خاکستری، 50x50 سانتی‌متر",20,30000000,48,"success"
"10561811","کاور کوسن ایکیا LAGERPOPPEL سبز-خاکستری، 50x50 سانتی‌متر",20,30000000,0,"success"
"70564147",-1,"لامپ لومن 470 LED ایکیا SOLHETTA پایه E27","",""
"20479359",-1,"ست 4 تایی کاسه خاکستری تیره مات ایکیا FARGKLAR قطر 16 سانتی‌متر","",""
"10477191","ست 4 تایی کاسه فیروزه ای روشن مات ایکیا FARGKLAR قطر 16 سانتی‌متر",40,60000000,7,"success"
"70478140",-1,"ست 4 تایی کاسه صورتی روشن مات ایکیا FARGKLAR قطر 16 سانتی‌متر","",""
"90479638",-1,"ست 4 تایی بشقاب گود بژ براق ایکیا FARGKLAR قطر 19 سانتی‌متر","",""
"20485435",-1,"ست 4 تایی بشقاب گود قهوه ای براق ایکیا FARGKLAR قطر 19 سانتی‌متر","",""
"10477172",-1,"ست 4 تایی بشقاب گود فیروزه ای تیره براق ایکیا FARGKLAR قطر 19 سانتی‌متر","",""
"60479376",-1,"ست 4 تایی بشقاب گود خاکستری تیره مات ایکیا FARGKLAR قطر 19 سانتی‌متر","",""
"70477174",-1,"ست 4 تایی بشقاب گود فیروزه ای روشن مات ایکیا FARGKLAR قطر 19 سانتی‌متر","",""
"00477158","ست 4 تایی بشقاب فیروزه ای روشن مات ایکیا FARGKLAR قطر 26 سانتی‌متر",50,75000000,14,"success"
"30478180",-1,"ست 4 تایی بشقاب صورتی روشن مات ایکیا FARGKLAR قطر 26 سانتی‌متر","",""
"90478177","ست 4 تایی بشقاب سبز مات ایکیا FARGKLAR قطر 26 سانتی‌متر",50,75000000,0,"success"
"20477162",-1,"ست 4 تایی بشقاب فیروزه ای تیره براق ایکیا FARGKLAR قطر 26 سانتی‌متر","",""
"70485447",-1,"ست 4 تایی بشقاب قهوه ای براق ایکیا FARGKLAR قطر 26 سانتی‌متر","",""
"20483634",-1,"ست 4 تایی بشقاب بژ براق ایکیا FARGKLAR قطر 26 سانتی‌متر","",""
"60566892",-1,"جا لباسی ایستاده ایکیا EKRAR زرد تیره، 169 سانتی‌متر","",""
"10415594","جا لباسی ایستاده ایکیا EKRAR سفید، 169 سانتی‌متر",100,165000000,21,"success"
"40554244",-1,"فرش چهارخونه سفید/مشکی ایکیا KLASSRUM سایز 170x240 سانتی‌متر","",""
"80551106",-1,"فرش چهارخونه سفید/مشکی ایکیا KLASSRUM سایز 133x195 سانتی‌متر","",""
"00555863",-1,"فرش چهارخونه سفید/سبز ایکیا KLASSRUM سایز 133x195 سانتی‌متر","",""
"90567060",-1,"فرش چهارخونه سفید/مشکی ایکیا KLASSRUM سایز 60x120 سانتی‌متر","",""
"30567732","ست 8 تایی گیره و حلقه لباس آویز ایکیا SLIBB سبز",10,15000000,37,"success"
"20506466","رخت آویز 2 طبقه ایکیا SLIBB خاکستری، 78x46x185 سانتی‌متر",110,165000000,0,"success"
"70567768","ست 3 تایی چوب لباسی سبز ایکیا SLIBB",10,15000000,369,"success"
"30567770","ست 2 تایی گیره لباس بزرگ ایکیا SLIBB آبی/سبز",0,0,16,"success"
"30441115",-1,"آویز خشک کن لباس 2 طبقه ایکیا SLIBB توری/سفید","",""
"20567723","سبد رخت پلاستیکی ایکیا SLIBB سبز، 24 لیتر",20,32000000,0,"success"
"30567765","سبد رخت پلاستیکی ایکیا SLIBB آبی، 24 لیتر",20,30000000,0,"success"
"30567727",-1,"آویز لباس با 8 عدد گیره ایکیا SLIBB سبز","",""
"79564609",-1,"نیمکت حصیری ایکیا SALNO/GRYTTOM با پد نشیمن","",""
"19534413","صندلی راحتی حصیری ایکیا SALNO/GRYTTOM با کوسن نشیمن",690,1138500000,6,"success"
"20537552",-1,"پارچ شیر/خامه ایکیا GLADELIG خاکستری، ۰.۴ لیتر","",""
"40503626","ماگ آبی ایکیا GLADELIG حجم ۳۷۰ سی‌ سی",10,16500000,59,"success"
"70503639",-1,"ست 4 تایی پیش‌ دستی آبی ایکیا GLADELIG قطر ۲۰ سانتی‌متر","",""
"10503623",-1,"ست 4 تایی بشقاب گود آبی ایکیا GLADELIG قطر ۲۱ سانتی‌متر","",""
"20503646",-1,"ست 4 تایی دیس آبی ایکیا GLADELIG سایز 12x7 سانتی‌متر","",""
"60503630",-1,"ست 2 تایی دیس آبی ایکیا GLADELIG سایز 20x13 سانتی‌متر","",""
"30503636","دیس آبی ایکیا GLADELIG سایز 31x19 سانتی‌متر",40,66000000,9,"success"
"20503632",-1,"ست 4 تایی بشقاب آبی ایکیا GLADELIG قطر ۲۵ سانتی‌متر","",""
"10503618",-1,"ست 4 تایی کاسه آبی ایکیا GLADELIG قطر ۱۱ سانتی‌متر","",""
"70503620",-1,"ست 4 تایی کاسه آبی ایکیا GLADELIG قطر ۱۴ سانتی‌متر","",""
"10588684",-1,"سرویس ۱۸ پارچه ظروف غذاخوری طوسی ایکیا GLADELIG","",""
"80588685","سرویس ۱۸ پارچه ظروف غذاخوری آبی ایکیا GLADELIG",240,396000000,0,"success"
"50591062","باکس نظم‌ دهنده ایکیا SKUBB خاکستری تیره، 90x53x19 سانتی‌متر",50,75000000,97,"success"
"20591049","باکس نظم‌ دهنده ایکیا SKUBB سفید، 90x53x19 سانتی‌متر",50,75000000,130,"success"
"60591047","باکس نظم‌ دهنده ایکیا SKUBB سفید، 43x53x19 سانتی‌متر",20,30000000,250,"success"
"60591052","باکس نظم‌ دهنده ایکیا SKUBB خاکستری تیره، 43x53x19 سانتی‌متر",20,30000000,261,"success"
"10591059","باکس نظم‌ دهنده ایکیا SKUBB سفید، 65x53x19 سانتی‌متر",40,60000000,95,"success"
"70591056","باکس نظم‌ دهنده ایکیا SKUBB خاکستری تیره، 65x53x19 سانتی‌متر",40,60000000,64,"success"
"30551203",-1,"نیمکت حصیری ایکیا SALNO","",""
"50551202",-1,"صندلی راحتی حصیری ایکیا SALNO","",""
"90574174",-1,"میز چرخ‌دار حصیری ایکیا FRYKSAS سایز 37x53 سانتی‌متر","",""
"80534701","استند لپ‌ تاپ ایکیا DUBBLA سفید، سایز 60x40 سانتی‌متر",150,247500000,11,"success"
"50573949",-1,"پاتختی ایکیا HEMNES آبی، 46x35 سانتی‌متر","",""
"40392459",-1,"پاتختی ایکیا HEMNES خاکستری، 46x35 سانتی‌متر","",""
"80585795",-1,"پاتختی ایکیا HEMNES زرد، 46x35 سانتی‌متر","",""
"00535894","صندلی راحتی ایکیا ARSUNDA خاکستری روشن کنیسا",200,330000000,13,"success"
"80569234","میز کنار تخت ایکیا HATTASEN سفید",100,165000000,9,"success"
"00569233",-1,"میز کنار تخت ایکیا HATTASEN سبز-خاکستری","",""
"40569231",-1,"میز کنار تخت ایکیا HATTASEN مشکی","",""
"10584191",-1,"میز کنار تخت ایکیا HATTASEN صورتی","",""
"90584192",-1,"میز کنار تخت ایکیا HATTASEN آبی فیروزه‌ ای","",""
"19574814",-1,"لوستر چوبی ایکیا DYKARKLOCKA/HEMMA با سرپیچ آویز مشکی، قطر 40 سانتی‌متر","",""
"39574813",-1,"لوستر چوبی ایکیا DYKARKLOCKA/HEMMA با سرپیچ آویز سفید، قطر 40 سانتی‌متر","",""
"10557244",-1,"شید لوستر ایکیا DYKARKLOCKA روکش چوب بلوط سفید رنگ شده، قطر 40 سانتی‌متر","",""
"60563431","ست 2 تایی قیچی ایکیا SVARDFISK خاکستری/طوسی-فیروزه ای",10,15000000,248,"success"
"50219765","لیوان شیشه ای شفاف ایکیا PLANERA حجم ۴۵۰ سی‌ سی",10,15000000,331,"success"
"00219763","لیوان شیشه ای شفاف ایکیا PLANERA حجم ۳۰۰ سی‌ سی",10,15000000,629,"success"
"80561351","ست 2 تایی لیسک ایکیا BACKRODING سیلیکونی با دسته چوبی، سبز-طوسی تیره",20,30000000,133,"success"
"50559533",-1,"جعبه ایکیا FANGGRODA سایز 48x18x14 سانتی‌متر، طوسی روشن","",""
"70559527","جعبه ایکیا FANGGRODA سایز 35x24x14 سانتی‌متر، طوسی روشن",20,33000000,22,"success"
"90511233",-1,"صندلی بار ایکیا RONNINGE چوب توس، ارتفاع ۷۵ سانتی‌متر","",""
"50412895",-1,"صندلی سبز ایکیا RONNINGE","",""
"10588108","شلف ایستاده سفید ایکیا FROSJON سایز 40x156 سانتی‌متر",190,313500000,0,"success"
"30574902","شلف ایستاده مشکی ایکیا FROSJON سایز 40x156 سانتی‌متر",190,313500000,10,"success"
"70574900","شلف ایستاده مشکی ایکیا FROSJON سایز 40x96 سانتی‌متر",100,165000000,0,"success"
"30588107","شلف ایستاده سفید ایکیا FROSJON سایز 40x96 سانتی‌متر",100,165000000,11,"success"
"10574899","شلف گوشه دیواری مشکی ایکیا FROSJON سایز 35x156 سانتی‌متر",200,330000000,0,"success"
"50588106","شلف گوشه دیواری سفید ایکیا FROSJON سایز 35x156 سانتی‌متر",200,330000000,0,"success"
"90574904","شلف دیواری مشکی ایکیا FROSJON سایز 40x51 سانتی‌متر",100,165000000,0,"success"
"40574906","ترولی مشکی ایکیا FROSJON سایز 55x35 سانتی‌متر",100,165000000,0,"success"
"90581966","سرویس ۲۴ پارچه قاشق و چنگال ایکیا FORNUFT رزگلد",140,210000000,71,"success"
"00581796","ست 2 تایی کیسه سیب زمینی ایکیا GULLRISMOTT",20,30000000,0,"success"
"40581803","ست 2 تایی کیسه حبوبات ایکیا GULLRISMOTT ظرفیت 3.3 لیتر",20,30000000,0,"success"
"60581798","کیسه نان ایکیا GULLRISMOTT سایز 29x22x20 سانتی‌متر",10,15000000,0,"success"
"30586293","ظرف اسنک ایکیا SPLITTERNY شفاف/خاکستری روشن - قهوه‌ای",10,15000000,0,"success"
"50582699","استند چاقو ایکیا VIMPELFISK بامبو/خاکستری-فیروزه‌ای",40,64000000,0,"success"
"30581648","جا قاشق و چنگال ایکیا VIMPELFISK بامبو/خاکستری-فیروزه‌ای",40,64000000,0,"success"
"10537270","سینی بامبو با ۳ کاسه رنگی ایکیا TRADTICKA",80,128000000,0,"success"
"10581055","روتختی پنبه طبیعی رنگ نشده ایکیا INDIRA سایز 150x250 سانتی‌متر",80,120000000,0,"success"
"70567725","ست 24 تایی گیره لباس آویز ایکیا SLIBB سبز",40,60000000,65,"success"
"90567748","ست 8 تایی گیره لباس ایکیا SLIBB سبز",0,0,0,"success"
"20582629",-1,"روتختی زرد-بژ ایکیا INDIRA سایز 150x250 سانتی‌متر","",""
"70582622",-1,"روتختی سبز-خاکستری ایکیا INDIRA سایز 150x250 سانتی‌متر","",""
"40582633","روتختی خاکستری تیره-آبی ایکیا INDIRA سایز 150x250 سانتی‌متر",80,120000000,0,"success"
"20582634","روتختی خاکستری تیره-آبی ایکیا INDIRA سایز 230x250 سانتی‌متر",130,195000000,12,"success"
"90506854",-1,"روتختی آبی روشن ایکیا INDIRA سایز 230x250 سانتی‌متر","",""
"00582625",-1,"روتختی سبز-خاکستری ایکیا INDIRA سایز 230x250 سانتی‌متر","",""
"20580847",-1,"ترولی سه طبقه زرد ایکیا NISSAFORS سایز 50.5x30x83 سانتی‌متر","",""
"40585801","ترولی سه طبقه بژ ایکیا NISSAFORS سایز 50.5x30x83 سانتی‌متر",80,132000000,0,"success"
"79502230",-1,"ست 4 تایی حوله دست خاکستری ایکیا VAGSJON","",""
"09505958",-1,"ست 4 تایی حوله دست/استخری خاکستری ایکیا VAGSJON","",""
"20350988",-1,"حوله حمام سفید ایکیا VAGSJON سایز 100x150 سانتی‌متر","",""
"50494612",-1,"حوله حمام بژ روشن ایکیا VAGSJON سایز 100x150 سانتی‌متر","",""
"20549507",-1,"حوله حمام زرد طلایی ایکیا VAGSJON سایز 100x150 سانتی‌متر","",""
"50353612",-1,"حوله حمام خاکستری تیره ایکیا VAGSJON سایز 100x150 سانتی‌متر","",""
"80571086",-1,"حوله حمام صورتی ایکیا VAGSJON سایز 100x150 سانتی‌متر","",""
"60571129",-1,"حوله حمام سبز ایکیا VAGSJON سایز 100x150 سانتی‌متر","",""
"20576256",-1,"حوله حمام آبی ایکیا VAGSJON سایز 100x150 سانتی‌متر","",""
"80350985",-1,"حوله استخری سفید ایکیا VAGSJON سایز 70x140 سانتی‌متر","",""
"10494609",-1,"حوله استخری بژ روشن ایکیا VAGSJON سایز 70x140 سانتی‌متر","",""
"90549504",-1,"حوله استخری زرد طلایی ایکیا VAGSJON سایز 70x140 سانتی‌متر","",""
"30353608",-1,"حوله استخری خاکستری تیره ایکیا VAGSJON سایز 70x140 سانتی‌متر","",""
"50571083",-1,"حوله استخری صورتی ایکیا VAGSJON سایز 70x140 سانتی‌متر","",""
"20571126",-1,"حوله استخری سبز ایکیا VAGSJON سایز 70x140 سانتی‌متر","",""
"70576254",-1,"حوله استخری آبی ایکیا VAGSJON سایز 70x140 سانتی‌متر","",""
"70581057","روتختی پنبه طبیعی رنگ نشده ایکیا INDIRA سایز 230x250 سانتی‌متر",130,195000000,79,"success"
"00582630",-1,"روتختی زرد-بژ ایکیا INDIRA سایز 230x250 سانتی‌متر","",""
"90573004",-1,"کوسن صندلی خاکستری ایکیا VATTENMOTT سایز 40x38x5 سانتی‌متر","",""
"10579670",-1,"حوله دست و صورت سفید ایکیا GULVIAL سایز 30x30 سانتی‌متر","",""
"60579700",-1,"حوله دست و صورت فیروزه ای ایکیا GULVIAL سایز 30x30 سانتی‌متر","",""
"00579736",-1,"حوله دست و صورت سبز کمرنگ ایکیا GULVIAL سایز 30x30 سانتی‌متر","",""
"10579726",-1,"حوله دست و صورت صورتی کمرنگ ایکیا GULVIAL سایز 30x30 سانتی‌متر","",""
"20579716",-1,"حوله دست و صورت آبی ایکیا GULVIAL سایز 30x30 سانتی‌متر","",""
"00579680",-1,"حوله دست و صورت مشکی ایکیا GULVIAL سایز 30x30 سانتی‌متر","",""
"50579381","کفگیر آبکش ایکیا IDEALISK استیل ضد زنگ",20,30000000,0,"success"
"90579690",-1,"حوله دست و صورت بژ ایکیا GULVIAL سایز 30x30 سانتی‌متر","",""
"90579666",-1,"حوله دستی سفید ایکیا GULVIAL سایز 40x70 سانتی‌متر","",""
"10579868","حوله استخری سفید ایکیا LUDDVIAL سایز 55x120 سانتی‌متر",10,15000000,534,"success"
"70579870","حوله دستی سفید ایکیا LUDDVIAL سایز 40x60 سانتی‌متر",0,0,46,"success"
"30579872","ست 4 تایی حوله دست و صورت سفید ایکیا LUDDVIAL سایز 25x25 سانتی‌متر",10,15000000,3,"success"
"30579377","اسکوپ بستنی اهرم دار ایکیا IDEALISK استیل ضد زنگ",20,30000000,0,"success"
"90573320","انبر آشپزخانه ایکیا IDEALISK استیل ضد زنگ",20,30000000,0,"success"
"70579375",-1,"انبر آشپزی و سرو ایکیا IDEALISK استیل ضد زنگ","",""
"30581243",-1,"ست 4 تایی لیوان صورتی-طوسی ایکیا BROKROCKA حجم ۳۱۰ میلی‌لیتر","",""
"80571473",-1,"چای/قهوه ساز ایکیا UPPHETTA طوسی تیره-فیروزه ای، حجم 1 لیتر","",""
"00581800","سبد میوه و سبزیجات 2 طبقه بامبو ایکیا KANELMOTT",150,225000000,0,"success"
"60574298","آبچکان ظروف ایکیا STAMLING سبز-طوسی روشن، ۴۸ سانتی‌متر",10,15000000,0,"success"
"70565948","آبچکان ظروف ایکیا STAMLING سفید استخوانی، ۴۸ سانتی‌متر",10,15000000,0,"success"
"70568862",-1,"جعبه دستمال‌ کاغذی 100تایی طرح‌دار قهوه‌ای روشن/سبز ایکیا NABBFISK سایز 16x32 سانتی‌متر","",""
"90571123",-1,"قالب پای ایکیا NABBFISK سفید/سبز تیره، قطر ۲۴ سانتی‌متر","",""
"90569747",-1,"هولدر دستمال‌ کاغذی طرح‌دار سبز ایکیا NABBFISK سایز 15x22 سانتی‌متر","",""
"60571011",-1,"کلمن شفاف ایکیا NABBFISK زرد روشن ۴ لیتری","",""
"70570983",-1,"بسته 65 تایی قالب کاغذی کاپ کیک صورتی ایکیا NABBFISK","",""
"00571556",-1,"دیس سرو طرح‌دار سبز ایکیا NABBFISK سایز 32x18 سانتی‌متر","",""
"20568869",-1,"پک 30 تایی دستمال‌ کاغذی طرح‌دار سیاه/سفید ایکیا NABBFISK سایز 38x38 سانتی‌متر","",""
"80568866",-1,"پک 30 تایی دستمال‌ کاغذی طرح‌دار زرد/سبز ایکیا NABBFISK سایز 24x24 سانتی‌متر","",""
"70571119",-1,"ست 4 تایی اسپورک ایکیا NABBFISK استیل ضد زنگ، ۱۷ سانتی‌متر","",""
"10571122",-1,"ست 4 تایی دستمال‌ سفره ایکیا NABBFISK صورتی روشن/سفید، سایز 30x30 سانتی‌متر","",""
"50574227",-1,"ست 2 عددی تخته سرو/برش ایکیا NABBFISK چوب راش","",""
"90571081",-1,"رومیزی مستطیلی سبز تیره/استخوانی ایکیا NABBFISK طرح‌دار، سایز 145x240 سانتی‌متر","",""
"50571078",-1,"رومیزی دایره ای زرد/سبز/سفید ایکیا NABBFISK طرح‌دار، قطر ۱۵۰ سانتی‌متر","",""
"20571070",-1,"کیف خنک‌ نگهدارنده ایکیا NABBFISK طرح‌دار زرد/سفید، سایز 26x19x19 سانتی‌متر","",""
"60571073",-1,"کیف خنک‌ نگهدارنده ایکیا NABBFISK طرح‌دار/سبز، سایز 36x26x22 سانتی‌متر","",""
"20574016","لیوان آبی روشن ایکیا POKAL حجم ۳۵۰ میلی‌لیتر",10,16000000,71,"success"
"60574019",-1,"لیوان بنفش روشن ایکیا POKAL حجم ۳۵۰ میلی‌لیتر","",""
"20579066","سینی دسته دار بامبو ایکیا GRONFISK سفید، سایز 46x30 سانتی‌متر",50,80000000,39,"success"
"50561828","ست 2 عددی ماگ ایکیا PIGGAL سبز/سفید",20,30000000,35,"success"
"00567984","قوطی چای/قهوه بامبو ایکیا RODMULLE به همراه قاشق",20,30000000,40,"success"
"70565854","دستکش ظرفشویی زرد روشن/سفید استخوانی ایکیا RINNIG سایز S",10,15000000,1683,"success"
"10565852","دستکش ظرفشویی زرد روشن/سفید استخوانی ایکیا RINNIG سایز M",10,15000000,1035,"success"
"20565856","برس ظرفشویی ایکیا RINNIG زرد روشن/سفید استخوانی",0,0,0,"success"
"20576652",-1,"پارچ طرح‌دار ایکیا VARDAGEN سبز-خاکستری تیره، ۲ لیتری","",""
"50556431",-1,"صندلی گردان ایکیا STIGBYGEL با دسته، بژ/سفید","",""
"30556314",-1,"قالب مافین نچسب ایکیا MANTAGG خاکستری تیره، سایز 38x27 سانتی‌متر","",""
"50556308",-1,"قالب پای نچسب ایکیا MANTAGG خاکستری تیره، قطر 30 سانتی‌متر","",""
"20556296",-1,"قالب نچسب ایکیا MANTAGG خاکستری تیره، 40x29 سانتی‌متر","",""
"39563169",-1,"صندلی راحتی و زیرپایی حصیری ایکیا FRYKSAS به همراه 2 عدد کوسن طبیعی ریسان","",""
"40582685",-1,"پتو/شال مبل چهارخانه ایکیا SKUGGBRAKEN چند رنگ، 120x160 سانتی‌متر","",""
"89563162",-1,"زیرپایی حصیری به همراه کوسن ریسان/طبیعی ایکیا FRYKSAS","",""
"29563155",-1,"صندلی راحتی به همراه کوسن ریسان/طبیعی ایکیا FRYKSAS","",""
"40339867","قفل ایمنی کشو چندگانه 2 عددی ایکیا UNDVIKA سفید",20,30000000,222,"success"
"00487906",-1,"ست 2 تایی قفل پنجره ایکیا UNDVIKA سفید","",""
"90574094",-1,"زیرپایی حصیری ایکیا FRYKSAS","",""
"40574176",-1,"کوسن صندلی ایکیا FRYKSAS طبیعی ریسان، 52x47 سانتی‌متر","",""
"80540033",-1,"صندلی راحتی حصیری ایکیا FRYKSAS","",""
"60574104",-1,"میز تحریر حصیری ایکیا FRYKSAS سایز 110x54 سانتی‌متر","",""
"10549348",-1,"شلف دیواری ایکیا FRYKSAS حصیری، 60x20 سانتی‌متر","",""
"00546897","میز تاشو ایکیا GUNDE مشکی، 67x67 سانتی متر",140,231000000,14,"success"
"90570406",-1,"صندلی بدون پشتی تاشو ایکیا GUNDE سفید","",""
"40570404","صندلی بدون پشتی تاشو ایکیا GUNDE مشکی",40,66000000,3,"success"
"79555742",-1,"چراغ رومیزی با لامپ ایکیا ACKJA / MOLNART شیشه طرح‌دار","",""
"09555590",-1,"چراغ رومیزی با لامپ ایکیا ACKJA / MOLNART شیشه خاکستری","",""
"70572369","حوله تن‌پوش نوزاد ایکیا GRONFINK کلاه‌دار/زرد، 80x80 سانتی‌متر",30,45000000,0,"success"
"70575122","زیر بشقابی کودک ایکیا GRONFINK قرمز/سبز، 30x40 سانتی‌متر",10,15000000,150,"success"
"60572379","کاور لحاف و روبالشی کودک ایکیا GRONFINK راه راه/رنگی، 110x125/35x55 سانتی‌متر",50,75000000,0,"success"
"60572398",-1,"زیرانداز تعویض پوشک نوزاد ایکیا GRONFINK تاشو/سبز، 70x35 سانتی‌متر","",""
"60572416",-1,"پتو کودک ایکیا GRONFINK سبز/طرح درخت، 80x100 سانتی‌متر","",""
"60584711","ست 2 عددی پیش‌بند کودک ایکیا GRONFINK سبز و طرح‌دار",20,30000000,56,"success"
"30572413","زیر بشقابی کودک ایکیا GRONFINK چند رنگ، 30x40 سانتی‌متر",10,15000000,287,"success"
"20572381","ملحفه کشدار نوزاد ایکیا GRONFINK سفید/طرح‌ درخت، 60x120 سانتی‌متر",30,45000000,43,"success"
"10572409","ست 2 عددی پیش‌بند کودک ایکیا GRONFINK سبز/زرد",10,15000000,90,"success"
"00572377","کاور لحاف و روبالشی کودک ایکیا GRONFINK چند رنگ، 110x125/35x55 سانتی‌متر",30,45000000,37,"success"
"80572364","ست روتختی ۳ تکه کودک ایکیا GRONFINK سبز/فیروزه‌ای",80,120000000,18,"success"
"00540188",-1,"چشم‌ بند خواب ایکیا STJARNANEMON سبز-خاکستری","",""
"70579295",-1,"کاور لحاف و روبالشی ایکیا SYRABLADMAL چند رنگ/چهارخانه، 150x200/50x80 سانتی‌متر","",""
"60579286",-1,"کاور لحاف و 2 عدد روبالشی ایکیا SYRABLADMAL چند رنگ/چهارخانه، 240x220/50x80 سانتی‌متر","",""
"40579310",-1,"کاور لحاف و 2 عدد روبالشی ایکیا MURREVA چند رنگ/ گل‌دار، 240x220/50x80 سانتی‌متر","",""
"30579320",-1,"کاور لحاف و روبالشی ایکیا MURREVA چند رنگ/ گل‌دار، 150x200/50x80 سانتی‌متر","",""
"80582805",-1,"کاور کوسن ایکیا MURREVA چند رنگ، 50x50 سانتی متر","",""
"90576031",-1,"حوله دست راه راه مشکی/بژ روشن ایکیا SLANHOSTMAL سایز 40x70 سانتی‌متر","",""
"80576041",-1,"حوله دست راه راه آبی روشن/آبی پررنگ ایکیا SLANHOSTMAL سایز 40x70 سانتی‌متر","",""
"30577222",-1,"حوله دست راه راه نارنجی/صورتی ایکیا SLANHOSTMAL سایز 40x70 سانتی‌متر","",""
"30577217",-1,"حوله استخری راه راه نارنجی/صورتی ایکیا SLANHOSTMAL سایز 70x140 سانتی‌متر","",""
"60576037",-1,"حوله استخری راه راه آبی روشن/آبی پررنگ ایکیا SLANHOSTMAL سایز 70x140 سانتی‌متر","",""
"70576027",-1,"حوله استخری راه راه مشکی/بژ روشن ایکیا SLANHOSTMAL سایز 70x140 سانتی‌متر","",""
"30576029",-1,"حوله حمام راه راه مشکی/بژ روشن ایکیا SLANHOSTMAL سایز 100x150 سانتی‌متر","",""
"20576039",-1,"حوله حمام راه راه آبی روشن/آبی پررنگ ایکیا SLANHOSTMAL سایز 100x150 سانتی‌متر","",""
"90577219",-1,"حوله حمام راه راه نارنجی/صورتی ایکیا SLANHOSTMAL سایز 100x150 سانتی‌متر","",""
"80575268",-1,"روکش لحاف و روبالشی ایکیا SLANHOSTMAL راه راه مشکی/سفید، 150x200/50x80","",""
"40579008","روکش لحاف و روبالشی ایکیا SLANHOSTMAL راه راه آبی/سفید، 150x200/50x80",120,180000000,4,"success"
"00575291",-1,"روکش لحاف و روبالشی ایکیا SLANHOSTMAL راه راه نارنجی/صورتی، 150x200/50x80","",""
"40579697",-1,"حوله دستی فیروزه ای ایکیا GULVIAL سایز 40x70 سانتی‌متر","",""
"90575282",-1,"روکش لحاف و 2 عدد روبالشی ایکیا SLANHOSTMAL راه راه نارنجی/صورتی، 240x220/50x80","",""
"70575259",-1,"روکش لحاف و 2 عدد روبالشی ایکیا SLANHOSTMAL راه راه مشکی/سفید، 240x220/50x80","",""
"80579723",-1,"حوله دستی صورتی کمرنگ ایکیا GULVIAL سایز 40x70 سانتی‌متر","",""
"70579733",-1,"حوله دستی سبز کمرنگ ایکیا GULVIAL سایز 40x70 سانتی‌متر","",""
"90579713",-1,"حوله دستی آبی ایکیا GULVIAL سایز 40x70 سانتی‌متر","",""
"60579677",-1,"حوله دستی مشکی ایکیا GULVIAL سایز 40x70 سانتی‌متر","",""
"50579687",-1,"حوله دستی بژ ایکیا GULVIAL سایز 40x70 سانتی‌متر","",""
"60579663",-1,"حوله حمام سفید ایکیا GULVIAL سایز 100x150 سانتی‌متر","",""
"10579694",-1,"حوله حمام فیروزه ای ایکیا GULVIAL سایز 100x150 سانتی‌متر","",""
"40579720",-1,"حوله حمام صورتی کمرنگ ایکیا GULVIAL سایز 100x150 سانتی‌متر","",""
"30579730",-1,"حوله حمام سبز کمرنگ ایکیا GULVIAL سایز 100x150 سانتی‌متر","",""
"70579709",-1,"حوله حمام آبی ایکیا GULVIAL سایز 100x150 سانتی‌متر","",""
"30579674",-1,"حوله حمام مشکی ایکیا GULVIAL سایز 100x150 سانتی‌متر","",""
"20579684",-1,"حوله حمام بژ ایکیا GULVIAL سایز 100x150 سانتی‌متر","",""
"60579682",-1,"حوله استخری بژ ایکیا GULVIAL سایز 70x140 سانتی‌متر","",""
"70579672",-1,"حوله استخری مشکی ایکیا GULVIAL سایز 70x140 سانتی‌متر","",""
"10579707",-1,"حوله استخری آبی ایکیا GULVIAL سایز 70x140 سانتی‌متر","",""
"70579728",-1,"حوله استخری سبز کمرنگ ایکیا GULVIAL سایز 70x140 سانتی‌متر","",""
"80579718",-1,"حوله استخری صورتی کمرنگ ایکیا GULVIAL سایز 70x140 سانتی‌متر","",""
"50579692",-1,"حوله استخری فیروزه ای ایکیا GULVIAL سایز 70x140 سانتی‌متر","",""
"00579661",-1,"حوله استخری سفید ایکیا GULVIAL سایز 70x140 سانتی‌متر","",""
"70586333",-1,"پتو/شال مبل ایکیا SVINROT سبز تیره، 130x170 سانتی‌متر","",""
"00582404",-1,"روکش لحاف و روبالشی ایکیا PILTANDVINGE آبی، 150x200/50x80","",""
"90579100",-1,"روکش لحاف و روبالشی ایکیا PILTANDVINGE خاکستری، 150x200/50x80","",""
"60579125",-1,"روکش لحاف و روبالشی ایکیا PILTANDVINGE سبز روشن، 150x200/50x80","",""
"60579149","روکش لحاف و روبالشی ایکیا PILTANDVINGE صورتی روشن، 150x200/50x80",50,75000000,17,"success"
"60579205","روکش لحاف و روبالشی ایکیا PILTANDVINGE سفید، 150x200/50x80",50,75000000,0,"success"
"70579196","روکش لحاف و 2 عدد روبالشی ایکیا PILTANDVINGE سفید، 240x220/50x80",100,150000000,64,"success"
"70579139","روکش لحاف و 2 عدد روبالشی ایکیا PILTANDVINGE صورتی روشن، 240x220/50x80",100,150000000,20,"success"
"00579091",-1,"روکش لحاف و 2 عدد روبالشی ایکیا PILTANDVINGE خاکستری، 240x220/50x80","",""
"70579115",-1,"روکش لحاف و 2 عدد روبالشی ایکیا PILTANDVINGE سبز روشن، 240x220/50x80","",""
"50579791","ست کاور لحاف و 2 عدد روبالشی ایکیا STRANDLUMMER چند رنگ/ گل‌دار، 240x220/50x80 سانتی‌متر",150,225000000,1,"success"
"50578999","روکش لحاف و 2 عدد روبالشی ایکیا SLANHOSTMAL راه راه آبی/سفید، 240x220/50x80",200,300000000,2,"success"
"20579801","ست کاور لحاف و روبالشی ایکیا STRANDLUMMER چند رنگ/گل‌دار، 150x200/50x80 سانتی‌متر",100,150000000,0,"success"
"40591147",-1,"پرده حمام گلدار ایکیا STRANDLUMMER چند رنگ، 180x200 سانتی‌متر","",""
"60573345","1 جفت پرده گلدار ایکیا VILDPERSILJA سفید/چند رنگ، 145x300 سانتی‌متر",190,285000000,7,"success"
"30583402","1 جفت پرده گلدار ایکیا VILDPERSILJA مشکی-سبز/چند رنگ، 145x300 سانتی‌متر",190,285000000,0,"success"
"10582333","کاور کوسن گلدار ایکیا VILDPERSILJA سفید/چند رنگ، 50x50 سانتی‌متر",50,75000000,65,"success"
"50582331",-1,"کاور کوسن گلدار ایکیا VILDPERSILJA مشکی-سبز/چند رنگ، 50x50 سانتی‌متر","",""
"60301707",-1,"ساک دستی سایز متوسط ایکیا FRAKTA آبی 36 لیتری، 45x18x45 سانتی‌متر","",""
"00590480","صندلی چوبی ایکیا PINNTORP قهوه‌ ای روشن",180,297000000,7,"success"
"49412561","صندلی راحتی کودک ایکیا POANG چوب توس/پارچه کنیسا بژ روشن",210,346500000,0,"success"
"89417585",-1,"صندلی راحتی کودک ایکیا POANG چوب توس/طرح دایناسوری مدسکوگ","",""
"50448069","ساک دستی کول باکس ایکیا FRAKTA آبی، 38x40 سانتی‌متر",10,15000000,0,"success"
"89491028","ترولی با کیف ایکیا RULLEBOR / FRAKTA مشکی/آبی",170,255000000,0,"success"
"50443811","ست 8 تایی ضربه گیر گوشه میز ایکیا UNDVIKA قهوه ای تیره",20,30000000,18,"success"
"20349023","ست 8 تایی ضربه گیر گوشه میز ایکیا UNDVIKA سفید",20,30000000,167,"success"
"00586416","پادری حمام ایکیا FJALLKATTFOT فیروزه ای، 50x80 سانتی‌متر",30,45000000,48,"success"
"10580027","پادری حمام ایکیا FJALLKATTFOT بژ، 50x80 سانتی متر",30,45000000,0,"success"
"30580026",-1,"پادری حمام ایکیا FJALLKATTFOT صورتی کمرنگ، 50x80 سانتی‌متر","",""
"19197898",-1,"زیرپایی ایکیا POANG بدنه قهوه‌ای، کوسن آبی تیره Hillared","",""
"30582695",-1,"کاور کوسن طرح‌دار ایکیا BUSKVICKER بنفش/سبز، 50x50 سانتی‌متر","",""
"69197848",-1,"زیرپایی ایکیا POANG بدنه قهوه‌ای، کوسن بژ Hillared","",""
"49197873",-1,"زیرپایی ایکیا POANG بدنه قهوه‌ای، کوسن ذغالی Hillared","",""
"39501949",-1,"زیرپایی ایکیا POANG بدنه قهوه‌ای، کوسن سبز روشن Gunnared","",""
"99502106",-1,"زیرپایی ایکیا POANG بدنه قهوه‌ای، کوسن طوسی تیره Gunnared","",""
"09502177",-1,"زیرپایی ایکیا POANG بدنه قهوه‌ای، کوسن آبی Gunnared","",""
"99502026",-1,"زیرپایی ایکیا POANG بدنه قهوه‌ای، کوسن بژ Gunnared","",""
"99387267",-1,"زیرپایی ایکیا POANG بدنه قهوه‌ای، کوسن زرد Skiftebo","",""
"69388485",-1,"زیرپایی ایکیا POANG بدنه قهوه‌ای، کوسن طوسی تیره Skiftebo","",""
"09244683",-1,"زیرپایی ایکیا POANG بدنه قهوه‌ای، کوسن بژ روشن Knisa","",""
"49244681",-1,"زیرپایی ایکیا POANG بدنه قهوه‌ای، کوسن مشکی Knisa","",""
"30582799",-1,"کاور کوسن ایکیا HAMNKRASSING صورتی/سبز و آبی، 50x50 سانتی‌متر","",""
"30582704",-1,"کاور کوسن ایکیا PLATTLUMMER سبز/آبی، 50x50 سانتی‌متر","",""
"29197888","زیرپایی ایکیا POANG بدنه روکش توسکا، کوسن آبی تیره Hillared",280,462000000,6,"success"
"99197837",-1,"زیرپایی ایکیا POANG بدنه روکش توسکا، کوسن بژ Hillared","",""
"10492196",-1,"قفل آویز رمز دار ایکیا ELLOVEN سفید","",""
"00359739",-1,"قفل هوشمند ایکیا ROTHULT سفید","",""
"70474769",-1,"تخته وایت برد چرخدار با نوت برد ایکیا ELLOVEN سفید، 70x180 سانتی‌متر","",""
"90492197",-1,"قفل آویز رمز دار ایکیا ELLOVEN خاکستری","",""
"50471050",-1,"باکس ایکیا VARIERA طوسی، 24x17 سانتی‌متر","",""
"59197863","زیرپایی ایکیا POANG بدنه روکش توسکا، کوسن ذغالی Hillared",280,462000000,5,"success"
"49501939","زیرپایی ایکیا POANG بدنه روکش توسکا، کوسن سبز روشن Gunnared",280,462000000,1,"success"
"49502095","زیرپایی ایکیا POANG بدنه روکش توسکا، کوسن طوسی تیره Gunnared",280,462000000,3,"success"
"59502194",-1,"زیرپایی ایکیا POANG بدنه روکش توسکا، کوسن آبی Gunnared","",""
"09502016",-1,"زیرپایی ایکیا POANG بدنه روکش توسکا، کوسن بژ Gunnared","",""
"89387277","زیرپایی ایکیا POANG بدنه روکش توسکا، کوسن زرد Skiftebo",280,462000000,3,"success"
"79388475","زیرپایی ایکیا POANG بدنه روکش توسکا، کوسن طوسی تیره Skiftebo",280,462000000,2,"success"
"69244661","زیرپایی ایکیا POANG بدنه روکش توسکا، کوسن بژ روشن Knisa",220,363000000,6,"success"
"99244669",-1,"زیرپایی ایکیا POANG بدنه مشکی-قهوه‌ ای، کوسن مشکی Knisa","",""
